  0
SECTION
  2
HEADER
  9
$ACADVER
  1
AC1024
  9
$ACADMAINTVER
 70
   226
  9
$DWGCODEPAGE
  3
ANSI_1252
  9
$LASTSAVEDBY
  1
santi
  9
$INSBASE
 10
0.0
 20
0.0
 30
0.0
  9
$EXTMIN
 10
-40.15389969675015
 20
-276.8813546675137
 30
-0.0000000116415251
  9
$EXTMAX
 10
1867.851948833813
 20
1043.11864337967
 30
0.0
  9
$LIMMIN
 10
0.0
 20
0.0
  9
$LIMMAX
 10
420.0
 20
297.0
  9
$ORTHOMODE
 70
     0
  9
$REGENMODE
 70
     1
  9
$FILLMODE
 70
     1
  9
$QTEXTMODE
 70
     0
  9
$MIRRTEXT
 70
     0
  9
$LTSCALE
 40
1.0
  9
$ATTMODE
 70
     1
  9
$TEXTSIZE
 40
2.5
  9
$TRACEWID
 40
1.0
  9
$TEXTSTYLE
  7
Standard
  9
$CLAYER
  8
0
  9
$CELTYPE
  6
ByLayer
  9
$CECOLOR
 62
   256
  9
$CELTSCALE
 40
1.0
  9
$DISPSILH
 70
     0
  9
$DIMSCALE
 40
1.0
  9
$DIMASZ
 40
2.5
  9
$DIMEXO
 40
0.625
  9
$DIMDLI
 40
3.75
  9
$DIMRND
 40
0.0
  9
$DIMDLE
 40
0.0
  9
$DIMEXE
 40
1.25
  9
$DIMTP
 40
0.0
  9
$DIMTM
 40
0.0
  9
$DIMTXT
 40
2.5
  9
$DIMCEN
 40
2.5
  9
$DIMTSZ
 40
0.0
  9
$DIMTOL
 70
     0
  9
$DIMLIM
 70
     0
  9
$DIMTIH
 70
     0
  9
$DIMTOH
 70
     0
  9
$DIMSE1
 70
     0
  9
$DIMSE2
 70
     0
  9
$DIMTAD
 70
     1
  9
$DIMZIN
 70
     8
  9
$DIMBLK
  1

  9
$DIMASO
 70
     1
  9
$DIMSHO
 70
     1
  9
$DIMPOST
  1

  9
$DIMAPOST
  1

  9
$DIMALT
 70
     0
  9
$DIMALTD
 70
     3
  9
$DIMALTF
 40
0.03937007874016
  9
$DIMLFAC
 40
1.0
  9
$DIMTOFL
 70
     1
  9
$DIMTVP
 40
0.0
  9
$DIMTIX
 70
     0
  9
$DIMSOXD
 70
     0
  9
$DIMSAH
 70
     0
  9
$DIMBLK1
  1

  9
$DIMBLK2
  1

  9
$DIMSTYLE
  2
ISO-25
  9
$DIMCLRD
 70
     0
  9
$DIMCLRE
 70
     0
  9
$DIMCLRT
 70
     0
  9
$DIMTFAC
 40
1.0
  9
$DIMGAP
 40
0.625
  9
$DIMJUST
 70
     0
  9
$DIMSD1
 70
     0
  9
$DIMSD2
 70
     0
  9
$DIMTOLJ
 70
     0
  9
$DIMTZIN
 70
     8
  9
$DIMALTZ
 70
     0
  9
$DIMALTTZ
 70
     0
  9
$DIMUPT
 70
     0
  9
$DIMDEC
 70
     2
  9
$DIMTDEC
 70
     2
  9
$DIMALTU
 70
     2
  9
$DIMALTTD
 70
     3
  9
$DIMTXSTY
  7
Standard
  9
$DIMAUNIT
 70
     0
  9
$DIMADEC
 70
     0
  9
$DIMALTRND
 40
0.0
  9
$DIMAZIN
 70
     0
  9
$DIMDSEP
 70
    44
  9
$DIMATFIT
 70
     3
  9
$DIMFRAC
 70
     0
  9
$DIMLDRBLK
  1

  9
$DIMLUNIT
 70
     2
  9
$DIMLWD
 70
    -2
  9
$DIMLWE
 70
    -2
  9
$DIMTMOVE
 70
     0
  9
$DIMFXL
 40
1.0
  9
$DIMFXLON
 70
     0
  9
$DIMJOGANG
 40
0.7853981633974483
  9
$DIMTFILL
 70
     0
  9
$DIMTFILLCLR
 70
     0
  9
$DIMARCSYM
 70
     0
  9
$DIMLTYPE
  6

  9
$DIMLTEX1
  6

  9
$DIMLTEX2
  6

  9
$DIMTXTDIRECTION
 70
     0
  9
$LUNITS
 70
     2
  9
$LUPREC
 70
     4
  9
$SKETCHINC
 40
1.0
  9
$FILLETRAD
 40
0.0
  9
$AUNITS
 70
     0
  9
$AUPREC
 70
     0
  9
$MENU
  1
.
  9
$ELEVATION
 40
0.0
  9
$PELEVATION
 40
0.0
  9
$THICKNESS
 40
0.0
  9
$LIMCHECK
 70
     0
  9
$CHAMFERA
 40
0.0
  9
$CHAMFERB
 40
0.0
  9
$CHAMFERC
 40
0.0
  9
$CHAMFERD
 40
0.0
  9
$SKPOLY
 70
     0
  9
$TDCREATE
 40
2461172.533275463
  9
$TDUCREATE
 40
2461172.783275463
  9
$TDUPDATE
 40
2461182.530289352
  9
$TDUUPDATE
 40
2461182.780289352
  9
$TDINDWG
 40
0.0829166667
  9
$TDUSRTIMER
 40
0.0829166667
  9
$USRTIMER
 70
     1
  9
$ANGBASE
 50
0.0
  9
$ANGDIR
 70
     0
  9
$PDMODE
 70
     0
  9
$PDSIZE
 40
0.0
  9
$PLINEWID
 40
0.0
  9
$SPLFRAME
 70
     0
  9
$SPLINETYPE
 70
     6
  9
$SPLINESEGS
 70
     8
  9
$HANDSEED
  5
71D
  9
$SURFTAB1
 70
     6
  9
$SURFTAB2
 70
     6
  9
$SURFTYPE
 70
     6
  9
$SURFU
 70
     6
  9
$SURFV
 70
     6
  9
$UCSBASE
  2

  9
$UCSNAME
  2

  9
$UCSORG
 10
0.0
 20
0.0
 30
0.0
  9
$UCSXDIR
 10
1.0
 20
0.0
 30
0.0
  9
$UCSYDIR
 10
0.0
 20
1.0
 30
0.0
  9
$UCSORTHOREF
  2

  9
$UCSORTHOVIEW
 70
     0
  9
$UCSORGTOP
 10
0.0
 20
0.0
 30
0.0
  9
$UCSORGBOTTOM
 10
0.0
 20
0.0
 30
0.0
  9
$UCSORGLEFT
 10
0.0
 20
0.0
 30
0.0
  9
$UCSORGRIGHT
 10
0.0
 20
0.0
 30
0.0
  9
$UCSORGFRONT
 10
0.0
 20
0.0
 30
0.0
  9
$UCSORGBACK
 10
0.0
 20
0.0
 30
0.0
  9
$PUCSBASE
  2

  9
$PUCSNAME
  2

  9
$PUCSORG
 10
0.0
 20
0.0
 30
0.0
  9
$PUCSXDIR
 10
1.0
 20
0.0
 30
0.0
  9
$PUCSYDIR
 10
0.0
 20
1.0
 30
0.0
  9
$PUCSORTHOREF
  2

  9
$PUCSORTHOVIEW
 70
     0
  9
$PUCSORGTOP
 10
0.0
 20
0.0
 30
0.0
  9
$PUCSORGBOTTOM
 10
0.0
 20
0.0
 30
0.0
  9
$PUCSORGLEFT
 10
0.0
 20
0.0
 30
0.0
  9
$PUCSORGRIGHT
 10
0.0
 20
0.0
 30
0.0
  9
$PUCSORGFRONT
 10
0.0
 20
0.0
 30
0.0
  9
$PUCSORGBACK
 10
0.0
 20
0.0
 30
0.0
  9
$USERI1
 70
     0
  9
$USERI2
 70
     0
  9
$USERI3
 70
     0
  9
$USERI4
 70
     0
  9
$USERI5
 70
     0
  9
$USERR1
 40
0.0
  9
$USERR2
 40
0.0
  9
$USERR3
 40
0.0
  9
$USERR4
 40
0.0
  9
$USERR5
 40
0.0
  9
$WORLDVIEW
 70
     1
  9
$SHADEDGE
 70
     3
  9
$SHADEDIF
 70
    70
  9
$TILEMODE
 70
     1
  9
$MAXACTVP
 70
    64
  9
$PINSBASE
 10
0.0
 20
0.0
 30
0.0
  9
$PLIMCHECK
 70
     0
  9
$PEXTMIN
 10
25.69999999999999
 20
19.5
 30
0.0
  9
$PEXTMAX
 10
231.3
 20
175.5
 30
0.0
  9
$PLIMMIN
 10
-20.0
 20
-7.5
  9
$PLIMMAX
 10
277.0
 20
202.5
  9
$UNITMODE
 70
     0
  9
$VISRETAIN
 70
     1
  9
$PLINEGEN
 70
     0
  9
$PSLTSCALE
 70
     1
  9
$TREEDEPTH
 70
  3020
  9
$CMLSTYLE
  2
Standard
  9
$CMLJUST
 70
     0
  9
$CMLSCALE
 40
20.0
  9
$PROXYGRAPHICS
 70
     1
  9
$MEASUREMENT
 70
     1
  9
$CELWEIGHT
370
    -1
  9
$ENDCAPS
280
     0
  9
$JOINSTYLE
280
     0
  9
$LWDISPLAY
290
     0
  9
$INSUNITS
 70
     4
  9
$HYPERLINKBASE
  1

  9
$STYLESHEET
  1

  9
$XEDIT
290
     1
  9
$CEPSNTYPE
380
     0
  9
$PSTYLEMODE
290
     1
  9
$FINGERPRINTGUID
  2
{6056B3BF-EC76-8A4F-9286-42409D515CDD}
  9
$VERSIONGUID
  2
{9B609B90-CE32-554C-8A46-2FDF94CED01A}
  9
$EXTNAMES
290
     1
  9
$PSVPSCALE
 40
0.0
  9
$OLESTARTUP
290
     0
  9
$SORTENTS
280
   127
  9
$INDEXCTL
280
     0
  9
$HIDETEXT
280
     1
  9
$XCLIPFRAME
280
     2
  9
$HALOGAP
280
     0
  9
$OBSCOLOR
 70
   257
  9
$OBSLTYPE
280
     0
  9
$INTERSECTIONDISPLAY
280
     0
  9
$INTERSECTIONCOLOR
 70
   257
  9
$DIMASSOC
280
     2
  9
$PROJECTNAME
  1

  9
$CAMERADISPLAY
290
     0
  9
$LENSLENGTH
 40
50.0
  9
$CAMERAHEIGHT
 40
0.0
  9
$STEPSPERSEC
 40
2.0
  9
$STEPSIZE
 40
6.0
  9
$3DDWFPREC
 40
2.0
  9
$PSOLWIDTH
 40
5.0
  9
$PSOLHEIGHT
 40
80.0
  9
$LOFTANG1
 40
1.570796326794896
  9
$LOFTANG2
 40
1.570796326794896
  9
$LOFTMAG1
 40
0.0
  9
$LOFTMAG2
 40
0.0
  9
$LOFTPARAM
 70
     7
  9
$LOFTNORMALS
280
     1
  9
$LATITUDE
 40
37.795
  9
$LONGITUDE
 40
-122.394
  9
$NORTHDIRECTION
 40
0.0
  9
$TIMEZONE
 70
 -8000
  9
$LIGHTGLYPHDISPLAY
280
     1
  9
$TILEMODELIGHTSYNCH
280
     1
  9
$CMATERIAL
347
EC
  9
$SOLIDHIST
280
     0
  9
$SHOWHIST
280
     1
  9
$DWFFRAME
280
     2
  9
$DGNFRAME
280
     0
  9
$REALWORLDSCALE
290
     1
  9
$INTERFERECOLOR
 62
     1
  9
$INTERFEREOBJVS
345
F9
  9
$INTERFEREVPVS
346
F6
  9
$CSHADOW
280
     0
  9
$SHADOWPLANELOCATION
 40
0.0
  0
ENDSEC
  0
SECTION
  2
CLASSES
  0
CLASS
  1
ACDBDICTIONARYWDFLT
  2
AcDbDictionaryWithDefault
  3
ObjectDBX Classes
 90
        0
 91
        1
280
     0
281
     0
  0
CLASS
  1
DICTIONARYVAR
  2
AcDbDictionaryVar
  3
ObjectDBX Classes
 90
        0
 91
       13
280
     0
281
     0
  0
CLASS
  1
TABLESTYLE
  2
AcDbTableStyle
  3
ObjectDBX Classes
 90
     4095
 91
        1
280
     0
281
     0
  0
CLASS
  1
MATERIAL
  2
AcDbMaterial
  3
ObjectDBX Classes
 90
     1153
 91
        3
280
     0
281
     0
  0
CLASS
  1
VISUALSTYLE
  2
AcDbVisualStyle
  3
ObjectDBX Classes
 90
     4095
 91
       24
280
     0
281
     0
  0
CLASS
  1
SCALE
  2
AcDbScale
  3
ObjectDBX Classes
 90
     1153
 91
       17
280
     0
281
     0
  0
CLASS
  1
MLEADERSTYLE
  2
AcDbMLeaderStyle
  3
ACDB_MLEADERSTYLE_CLASS
 90
     4095
 91
        2
280
     0
281
     0
  0
CLASS
  1
CELLSTYLEMAP
  2
AcDbCellStyleMap
  3
ObjectDBX Classes
 90
     1152
 91
        1
280
     0
281
     0
  0
CLASS
  1
EXACXREFPANELOBJECT
  2
ExAcXREFPanelObject
  3
EXAC_ESW
 90
     1025
 91
        0
280
     0
281
     0
  0
CLASS
  1
NPOCOLLECTION
  2
AcDbImpNonPersistentObjectsCollection
  3
ObjectDBX Classes
 90
     1153
 91
        0
280
     0
281
     0
  0
CLASS
  1
LAYER_INDEX
  2
AcDbLayerIndex
  3
ObjectDBX Classes
 90
        0
 91
        0
280
     0
281
     0
  0
CLASS
  1
SPATIAL_INDEX
  2
AcDbSpatialIndex
  3
ObjectDBX Classes
 90
        0
 91
        0
280
     0
281
     0
  0
CLASS
  1
IDBUFFER
  2
AcDbIdBuffer
  3
ObjectDBX Classes
 90
        0
 91
        0
280
     0
281
     0
  0
CLASS
  1
ACDBSECTIONVIEWSTYLE
  2
AcDbSectionViewStyle
  3
ObjectDBX Classes
 90
     1025
 91
        1
280
     0
281
     0
  0
CLASS
  1
ACDBDETAILVIEWSTYLE
  2
AcDbDetailViewStyle
  3
ObjectDBX Classes
 90
     1025
 91
        1
280
     0
281
     0
  0
CLASS
  1
DIMASSOC
  2
AcDbDimAssoc
  3
"AcDbDimAssoc|Product Desc:     AcDim ARX App For Dimension|Company:          Autodesk, Inc.|WEB Address:      www.autodesk.com"
 90
        0
 91
        1
280
     0
281
     0
  0
CLASS
  1
SORTENTSTABLE
  2
AcDbSortentsTable
  3
ObjectDBX Classes
 90
        0
 91
        5
280
     0
281
     0
  0
CLASS
  1
MULTILEADER
  2
AcDbMLeader
  3
ACDB_MLEADER_CLASS
 90
     1025
 91
        0
280
     0
281
     1
  0
ENDSEC
  0
SECTION
  2
TABLES
  0
TABLE
  2
VPORT
  5
8
330
0
100
AcDbSymbolTable
 70
     1
  0
VPORT
  5
EA
330
8
100
AcDbSymbolTableRecord
100
AcDbViewportTableRecord
  2
*Active
 70
     0
 10
0.0
 20
0.0
 11
1.0
 21
1.0
 12
757.8046104829663
 22
503.4585879213384
 13
0.0
 23
0.0
 14
10.0
 24
10.0
 15
10.0
 25
10.0
 16
0.0
 26
0.0
 36
1.0
 17
0.0
 27
0.0
 37
0.0
 40
2124.666174255466
 41
2.057112068965517
 42
50.0
 43
0.0
 44
0.0
 50
0.0
 51
0.0
 71
     0
 72
  1000
 73
     1
 74
     3
 75
     0
 76
     1
 77
     0
 78
     0
281
     0
 65
     1
110
0.0
120
0.0
130
0.0
111
1.0
121
0.0
131
0.0
112
0.0
122
1.0
132
0.0
 79
     0
146
0.0
348
F5
 60
     3
 61
     5
292
     1
282
     1
141
0.0
142
0.0
 63
   250
421
  3355443
1001
ACAD_NAV_VCDISPLAY
1070
     3
  0
ENDTAB
  0
TABLE
  2
LTYPE
  5
5
330
0
100
AcDbSymbolTable
 70
     3
  0
LTYPE
  5
14
330
5
100
AcDbSymbolTableRecord
100
AcDbLinetypeTableRecord
  2
ByBlock
 70
     0
  3

 72
    65
 73
     0
 40
0.0
  0
LTYPE
  5
15
330
5
100
AcDbSymbolTableRecord
100
AcDbLinetypeTableRecord
  2
ByLayer
 70
     0
  3

 72
    65
 73
     0
 40
0.0
  0
LTYPE
  5
16
330
5
100
AcDbSymbolTableRecord
100
AcDbLinetypeTableRecord
  2
Continuous
 70
     0
  3
Solid line
 72
    65
 73
     0
 40
0.0
  0
ENDTAB
  0
TABLE
  2
LAYER
  5
2
102
{ACAD_XDICTIONARY
360
1FF
102
}
330
0
100
AcDbSymbolTable
 70
     2
  0
LAYER
  5
10
102
{ACAD_XDICTIONARY
360
13C
102
}
330
2
100
AcDbSymbolTableRecord
100
AcDbLayerTableRecord
  2
0
 70
     0
 62
     7
  6
Continuous
370
    -3
390
F
347
EE
  0
LAYER
  5
537
330
2
100
AcDbSymbolTableRecord
100
AcDbLayerTableRecord
  2
Defpoints
 70
     0
 62
     7
  6
Continuous
290
     0
370
    -3
390
F
347
EE
  0
ENDTAB
  0
TABLE
  2
STYLE
  5
3
330
0
100
AcDbSymbolTable
 70
     2
  0
STYLE
  5
11
330
3
100
AcDbSymbolTableRecord
100
AcDbTextStyleTableRecord
  2
Standard
 70
     0
 40
0.0
 41
1.0
 50
0.0
 71
     0
 42
2.5
  3
arial.ttf
  4

1001
ACAD
1000
Arial
1071
       34
  0
STYLE
  5
132
330
3
100
AcDbSymbolTableRecord
100
AcDbTextStyleTableRecord
  2
Anotativo
 70
     0
 40
0.0
 41
1.0
 50
0.0
 71
     0
 42
2.5
  3
arial.ttf
  4

1001
AcadAnnotative
1000
AnnotativeData
1002
{
1070
     1
1070
     1
1002
}
1001
ACAD
1000
Arial
1071
       34
  0
ENDTAB
  0
TABLE
  2
VIEW
  5
6
330
0
100
AcDbSymbolTable
 70
     1
  0
ENDTAB
  0
TABLE
  2
UCS
  5
7
330
0
100
AcDbSymbolTable
 70
     0
  0
ENDTAB
  0
TABLE
  2
APPID
  5
9
330
0
100
AcDbSymbolTable
 70
    14
  0
APPID
  5
12
330
9
100
AcDbSymbolTableRecord
100
AcDbRegAppTableRecord
  2
ACAD
 70
     0
  0
APPID
  5
9E
330
9
100
AcDbSymbolTableRecord
100
AcDbRegAppTableRecord
  2
ACAD_PSEXT
 70
     0
  0
APPID
  5
133
330
9
100
AcDbSymbolTableRecord
100
AcDbRegAppTableRecord
  2
AcadAnnoPO
 70
     0
  0
APPID
  5
134
330
9
100
AcDbSymbolTableRecord
100
AcDbRegAppTableRecord
  2
AcadAnnotative
 70
     0
  0
APPID
  5
135
330
9
100
AcDbSymbolTableRecord
100
AcDbRegAppTableRecord
  2
ACAD_DSTYLE_DIMJAG
 70
     0
  0
APPID
  5
136
330
9
100
AcDbSymbolTableRecord
100
AcDbRegAppTableRecord
  2
ACAD_DSTYLE_DIMTALN
 70
     0
  0
APPID
  5
165
330
9
100
AcDbSymbolTableRecord
100
AcDbRegAppTableRecord
  2
ACAD_MLEADERVER
 70
     0
  0
APPID
  5
217
330
9
100
AcDbSymbolTableRecord
100
AcDbRegAppTableRecord
  2
ACAD_NAV_VCDISPLAY
 70
     0
  0
APPID
  5
2CE
330
9
100
AcDbSymbolTableRecord
100
AcDbRegAppTableRecord
  2
ACAD_EXEMPT_FROM_CAD_STANDARDS
 70
     0
  0
APPID
  5
534
330
9
100
AcDbSymbolTableRecord
100
AcDbRegAppTableRecord
  2
ACAD_DSTYLE_DIMRADIAL_EXTENSION
 70
     0
  0
APPID
  5
535
330
9
100
AcDbSymbolTableRecord
100
AcDbRegAppTableRecord
  2
Acad_TC
 70
     0
  0
APPID
  5
54D
330
9
100
AcDbSymbolTableRecord
100
AcDbRegAppTableRecord
  2
AcadAnnoMonitorAlertIconDisabled
 70
     0
  0
APPID
  5
5A1
330
9
100
AcDbSymbolTableRecord
100
AcDbRegAppTableRecord
  2
GradientColor1ACI
 70
     0
  0
APPID
  5
5A2
330
9
100
AcDbSymbolTableRecord
100
AcDbRegAppTableRecord
  2
GradientColor2ACI
 70
     0
  0
ENDTAB
  0
TABLE
  2
DIMSTYLE
  5
A
330
0
100
AcDbSymbolTable
 70
     4
100
AcDbDimStyleTable
 71
     2
340
27
340
137
  0
DIMSTYLE
105
1B0
330
A
100
AcDbSymbolTableRecord
100
AcDbDimStyleTableRecord
  2
Standard
 70
     0
340
11
  0
DIMSTYLE
105
137
330
A
100
AcDbSymbolTableRecord
100
AcDbDimStyleTableRecord
  2
Anotativo
 70
     0
 40
0.0
 41
2.5
 42
0.625
 43
3.75
 44
1.25
 73
     0
 74
     0
 77
     1
 78
     8
140
2.5
141
2.5
143
0.03937007874016
147
0.625
171
     3
172
     1
271
     2
272
     2
274
     3
278
    44
283
     0
284
     8
340
11
1001
AcadAnnotative
1000
AnnotativeData
1002
{
1070
     1
1070
     1
1002
}
1001
ACAD_DSTYLE_DIMJAG
1070
   388
1040
1.5
1001
ACAD_DSTYLE_DIMTALN
1070
   392
1070
     0
  0
DIMSTYLE
105
27
330
A
100
AcDbSymbolTableRecord
100
AcDbDimStyleTableRecord
  2
ISO-25
 70
     0
 41
2.5
 42
0.625
 43
3.75
 44
1.25
 73
     0
 74
     0
 77
     1
 78
     8
140
2.5
141
2.5
143
0.03937007874016
147
0.625
171
     3
172
     1
271
     2
272
     2
274
     3
278
    44
283
     0
284
     8
340
11
  0
ENDTAB
  0
TABLE
  2
BLOCK_RECORD
  5
1
330
0
100
AcDbSymbolTable
 70
     6
  0
BLOCK_RECORD
  5
1F
102
{ACAD_XDICTIONARY
360
1CE
102
}
330
1
100
AcDbSymbolTableRecord
100
AcDbBlockTableRecord
  2
*Model_Space
340
22
 70
     0
280
     1
281
     0
  0
BLOCK_RECORD
  5
D2
330
1
100
AcDbSymbolTableRecord
100
AcDbBlockTableRecord
  2
*Paper_Space
340
D3
 70
     0
280
     1
281
     0
  0
BLOCK_RECORD
  5
D6
330
1
100
AcDbSymbolTableRecord
100
AcDbBlockTableRecord
  2
*Paper_Space0
340
D7
 70
     0
280
     1
281
     0
  0
ENDTAB
  0
ENDSEC
  0
SECTION
  2
BLOCKS
  0
BLOCK
  5
20
330
1F
100
AcDbEntity
  8
0
100
AcDbBlockBegin
  2
*Model_Space
 70
     0
 10
0.0
 20
0.0
 30
0.0
  3
*Model_Space
  1

  0
ENDBLK
  5
21
330
1F
100
AcDbEntity
  8
0
100
AcDbBlockEnd
  0
BLOCK
  5
D4
330
D2
100
AcDbEntity
 67
     1
  8
0
100
AcDbBlockBegin
  2
*Paper_Space
 70
     0
 10
0.0
 20
0.0
 30
0.0
  3
*Paper_Space
  1

  0
ENDBLK
  5
D5
330
D2
100
AcDbEntity
 67
     1
  8
0
100
AcDbBlockEnd
  0
BLOCK
  5
D8
330
D6
100
AcDbEntity
 67
     1
  8
0
100
AcDbBlockBegin
  2
*Paper_Space0
 70
     0
 10
0.0
 20
0.0
 30
0.0
  3
*Paper_Space0
  1

  0
VIEWPORT
  5
632
102
{ACAD_XDICTIONARY
360
633
102
}
330
D6
100
AcDbEntity
 67
     1
  8
0
100
AcDbViewport
 10
128.5
 20
97.5
 30
0.0
 40
457.0491594827586
 41
222.18
 68
     0
 69
     0
 12
128.5
 22
97.5
 13
0.0
 23
0.0
 14
10.0
 24
10.0
 15
10.0
 25
10.0
 16
0.0
 26
0.0
 36
1.0
 17
0.0
 27
0.0
 37
0.0
 42
50.0
 43
0.0
 44
0.0
 45
222.18
 50
0.0
 51
0.0
 72
  1000
 90
   819232
  1

281
     0
 71
     1
 74
     0
110
0.0
120
0.0
130
0.0
111
1.0
121
0.0
131
0.0
112
0.0
122
1.0
132
0.0
 79
     0
146
0.0
170
     0
 61
     5
348
F5
292
     1
282
     1
141
0.0
142
0.0
 63
   250
421
  3355443
  0
VIEWPORT
  5
636
102
{ACAD_XDICTIONARY
360
637
102
}
330
D6
100
AcDbEntity
 67
     1
  8
0
100
AcDbViewport
 10
128.5
 20
97.5
 30
0.0
 40
205.6
 41
156.0
 68
     0
 69
     0
 12
2760.865127261957
 22
1442.991300920053
 13
0.0
 23
0.0
 14
10.0
 24
10.0
 15
10.0
 25
10.0
 16
0.0
 26
0.0
 36
1.0
 17
0.0
 27
0.0
 37
0.0
 42
50.0
 43
0.0
 44
0.0
 45
2117.458276130275
 50
0.0
 51
0.0
 72
  1000
 90
   819808
  1

281
     0
 71
     1
 74
     0
110
0.0
120
0.0
130
0.0
111
1.0
121
0.0
131
0.0
112
0.0
122
1.0
132
0.0
 79
     0
146
0.0
170
     0
 61
     5
348
F5
292
     1
282
     1
141
0.0
142
0.0
 63
   250
421
  3355443
  0
ENDBLK
  5
D9
330
D6
100
AcDbEntity
 67
     1
  8
0
100
AcDbBlockEnd
  0
ENDSEC
  0
SECTION
  2
ENTITIES
  0
LINE
  5
3F5
330
1F
100
AcDbEntity
  8
0
  6
Continuous
 62
     7
370
    25
100
AcDbLine
 10
924.8016448817969
 20
210.2708682161142
 30
0.0
 11
931.8436290829531
 21
209.9846721877408
 31
0.0
  0
LINE
  5
3F6
330
1F
100
AcDbEntity
  8
0
  6
Continuous
 62
     7
370
    25
100
AcDbLine
 10
935.4577891243897
 20
298.9127333383157
 30
0.0
 11
928.4158049232337
 21
299.1989293666895
 31
0.0
  0
LINE
  5
3F7
330
1F
100
AcDbEntity
  8
0
  6
Continuous
 62
     7
370
    25
100
AcDbLine
 10
912.2918588942965
 20
207.2445632458882
 30
0.0
 11
920.8708676175008
 21
206.8959004040209
 31
0.0
  0
LINE
  5
3F8
330
1F
100
AcDbEntity
  8
0
  6
Continuous
 62
     7
370
    25
100
AcDbLine
 10
894.5697478821392
 20
207.9648144763925
 30
0.0
 11
899.8941306192199
 21
207.7484241594925
 31
0.0
  0
LINE
  5
3F9
330
1F
100
AcDbEntity
  8
0
  6
Continuous
 62
     7
370
    25
100
AcDbLine
 10
924.7718657574631
 20
302.8817441855942
 30
0.0
 11
898.4707460221015
 21
303.9506582579656
 31
0.0
  0
LINE
  5
3FA
330
1F
100
AcDbEntity
  8
0
  6
Continuous
 62
     7
370
    25
100
AcDbLine
 10
904.6010102966464
 20
292.2592796482235
 30
0.0
 11
904.0570649218469
 21
293.9223914837364
 31
0.0
  0
LINE
  5
3FB
330
1F
100
AcDbEntity
  8
0
  6
Continuous
 62
     7
370
    25
100
AcDbLine
 10
891.9725017820237
 20
289.9699560034489
 30
0.0
 11
892.5164471568212
 21
288.306844167936
 31
0.0
  0
LINE
  5
3FC
330
1F
100
AcDbEntity
  8
0
  6
Continuous
 62
     7
370
    25
100
AcDbLine
 10
901.276556428046
 20
207.7075509804207
 30
0.0
 11
901.276556428046
 21
207.4989182827505
 31
0.0
  0
LINE
  5
3FD
330
1F
100
AcDbEntity
  8
0
  6
Continuous
 62
     7
370
    25
100
AcDbLine
 10
904.0878728003635
 20
207.0203982983687
 30
0.0
 11
904.0878728003635
 21
206.9359798978739
 31
0.0
  0
LINE
  5
3FE
330
1F
100
AcDbEntity
  8
0
  6
Continuous
 62
     7
370
    25
100
AcDbLine
 10
911.9991148531161
 20
206.9359798978739
 30
0.0
 11
911.9991148531161
 21
207.0203982983687
 31
0.0
  0
LINE
  5
3FF
330
1F
100
AcDbEntity
  8
0
  6
Continuous
 62
     7
370
    25
100
AcDbLine
 10
898.4707460221015
 20
303.9506582579633
 30
0.0
 11
874.7475169728639
 21
304.9148032688217
 31
0.0
  0
LINE
  5
400
330
1F
100
AcDbEntity
  8
0
  6
Continuous
 62
     7
370
    25
100
AcDbLine
 10
870.8578285533638
 20
208.9284998444847
 30
0.0
 11
894.5697478821392
 21
207.9648144763902
 31
0.0
  0
SPLINE
  5
401
330
1F
100
AcDbEntity
  8
0
  6
Continuous
 62
     7
370
    25
100
AcDbSpline
210
0.0
220
0.0
230
1.0
 70
     8
 71
     3
 72
    11
 73
     7
 74
     0
 42
0.00000001
 43
0.0000000001
 40
0.0
 40
0.0
 40
0.0
 40
0.0
 40
0.2519560344798606
 40
0.5036494947518952
 40
0.7552224418781583
 40
1.0
 40
1.0
 40
1.0
 40
1.0
 10
788.3079330260496
 20
212.3539137603595
 30
0.0
 10
795.1731569138108
 20
211.6626508409581
 30
0.0
 10
808.8964501445815
 20
210.2808453969402
 30
0.0
 10
829.5675520844888
 20
209.1272101176552
 30
0.0
 10
850.0765121371513
 20
208.590955173787
 30
0.0
 10
863.691799429719
 20
208.8433317348428
 30
0.0
 10
870.4062416260384
 20
208.9677924086797
 30
0.0
  0
LINE
  5
402
330
1F
100
AcDbEntity
  8
0
  6
Continuous
 62
     7
370
    25
100
AcDbLine
 10
751.1802878652223
 20
318.3173025538976
 30
0.0
 11
751.1802878652223
 21
303.4076011274557
 31
0.0
  0
LINE
  5
403
330
1F
100
AcDbEntity
  8
0
  6
Continuous
 62
     7
370
    25
100
AcDbLine
 10
847.2453699343512
 20
307.0251380991899
 30
0.0
 11
847.2453699343512
 21
318.3173025538976
 31
0.0
  0
SPLINE
  5
404
330
1F
100
AcDbEntity
  8
0
  6
Continuous
 62
     7
370
    25
100
AcDbSpline
210
0.0
220
0.0
230
1.0
 70
     8
 71
     3
 72
     9
 73
     5
 74
     0
 42
0.00000001
 43
0.0000000001
 40
0.0
 40
0.0
 40
0.0
 40
0.0
 40
0.9420875335764872
 40
0.9999999999999998
 40
0.9999999999999998
 40
0.9999999999999998
 40
0.9999999999999998
 10
874.4483637745851
 20
304.9118639512625
 30
0.0
 10
865.2407531030419
 20
305.7336544421632
 30
0.0
 10
855.4671276771877
 20
306.6059624407425
 30
0.0
 10
845.6639302921038
 20
307.1205997047481
 30
0.0
 10
845.0962029526962
 20
307.1504036180203
 30
0.0
  0
SPLINE
  5
405
330
1F
100
AcDbEntity
  8
0
  6
Continuous
 62
     7
370
    25
100
AcDbSpline
210
0.0
220
0.0
230
1.0
 70
     8
 71
     3
 72
     9
 73
     5
 74
     0
 42
0.00000001
 43
0.0000000001
 40
0.0
 40
0.0
 40
0.0
 40
0.0
 40
0.4503166727649067
 40
1.0
 40
1.0
 40
1.0
 40
1.0
 10
747.4855830218911
 20
216.4568269239023
 30
0.0
 10
753.6086868458495
 20
215.822134075239
 30
0.0
 10
767.2060155575826
 20
214.4126973675852
 30
0.0
 10
780.7451477833737
 20
213.0798065384426
 30
0.0
 10
788.1873830331214
 20
212.3471386726385
 30
0.0
  0
LINE
  5
406
330
1F
100
AcDbEntity
  8
0
  6
Continuous
 62
     7
370
    25
100
AcDbLine
 10
751.1802878652223
 20
309.5397132516
 30
0.0
 11
736.304585676149
 21
309.827609219566
 31
0.0
  0
LINE
  5
407
330
1F
100
AcDbEntity
  8
0
  6
Continuous
 62
     7
370
    25
100
AcDbLine
 10
732.5471572537443
 20
217.3743640158104
 30
0.0
 11
747.684557689521
 21
216.4363571087299
 31
0.0
  0
LINE
  5
408
330
1F
100
AcDbEntity
  8
0
  6
Continuous
 62
     7
370
    25
100
AcDbLine
 10
721.7358754058968
 20
217.8118928481387
 30
0.0
 11
732.6342245924905
 21
217.3689687852704
 31
0.0
  0
LINE
  5
409
330
1F
100
AcDbEntity
  8
0
  6
Continuous
 62
     7
370
    25
100
AcDbLine
 10
736.3918036831882
 20
309.8259212513448
 30
0.0
 11
725.4934544965962
 21
310.2688453142127
 31
0.0
  0
SPLINE
  5
40A
330
1F
100
AcDbEntity
  8
0
  6
Continuous
 62
     7
370
    25
100
AcDbSpline
210
0.0
220
0.0
230
1.0
 70
     8
 71
     3
 72
    26
 73
    22
 74
     0
 42
0.00000001
 43
0.0000000001
 40
0.0
 40
0.0
 40
0.0
 40
0.0
 40
0.0688375748780101
 40
0.096755740604923
 40
0.1429349170295051
 40
0.1905898055645153
 40
0.2414169493154387
 40
0.2941074967345326
 40
0.3481458934710008
 40
0.4031287795624773
 40
0.4587875932660698
 40
0.5149481984953496
 40
0.5715171889594957
 40
0.6284751907576309
 40
0.6858540562228847
 40
0.743521248272039
 40
0.8007536271477578
 40
0.8573052181332053
 40
0.9133743439532972
 40
0.9684579858498489
 40
1.0
 40
1.0
 40
1.0
 40
1.0
 10
700.3276939781243
 20
264.9867839572925
 30
0.0
 10
700.285086550997
 20
263.4761447368239
 30
0.0
 10
700.2251990088506
 20
261.3528419211415
 30
0.0
 10
700.2744688955153
 20
258.2353712394851
 30
0.0
 10
700.3772743343823
 20
255.5976113398983
 30
0.0
 10
700.6000074140919
 20
252.5059412400855
 30
0.0
 10
700.939627430327
 20
249.33735477613
 30
0.0
 10
701.410161070962
 20
246.1213433964366
 30
0.0
 10
702.0145834451549
 20
242.9303703291207
 30
0.0
 10
702.7547038591818
 20
239.813106317986
 30
0.0
 10
703.630925841161
 20
236.8081309951398
 30
0.0
 10
704.6441949608833
 20
233.9442047876709
 30
0.0
 10
705.7979721396531
 20
231.2413073146351
 30
0.0
 10
707.1008587587292
 20
228.7116009851063
 30
0.0
 10
708.5683014457471
 20
226.3639955741448
 30
0.0
 10
710.2188353415039
 20
224.2146767515775
 30
0.0
 10
712.0729069455173
 20
222.2882539580812
 30
0.0
 10
714.1407694891531
 20
220.6214076233675
 30
0.0
 10
716.4139678487571
 20
219.2788601005702
 30
0.0
 10
718.5199781747631
 20
218.41849752762
 30
0.0
 10
719.9045040427562
 20
218.0929011450068
 30
0.0
 10
720.4086356881888
 20
217.9743454401921
 30
0.0
  0
SPLINE
  5
40B
330
1F
100
AcDbEntity
  8
0
  6
Continuous
 62
     7
370
    25
100
AcDbSpline
210
0.0
220
0.0
230
1.0
 70
     8
 71
     3
 72
    25
 73
    21
 74
     0
 42
0.00000001
 43
0.0000000001
 40
0.0
 40
0.0
 40
0.0
 40
0.0
 40
0.0211782956537572
 40
0.0779309133055133
 40
0.13996472316576
 40
0.2010795044435603
 40
0.2656270656591109
 40
0.3319795418830258
 40
0.3973850039680039
 40
0.4617160933466142
 40
0.5254763836784643
 40
0.5886811965774658
 40
0.6512125307763366
 40
0.7127802071622166
 40
0.7726888606735571
 40
0.8289448043210205
 40
0.8783822542513631
 40
0.9171668804002182
 40
0.962004189683202
 40
1.0
 40
1.0
 40
1.0
 40
1.0
 10
723.1445391338556
 20
310.0266408070869
 30
0.0
 10
722.8104006490883
 20
309.970204702357
 30
0.0
 10
721.5808532995678
 20
309.7625337331287
 30
0.0
 10
719.5394563935405
 20
309.0133596098089
 30
0.0
 10
717.088445480248
 20
307.7285722521955
 30
0.0
 10
714.7835633361645
 20
306.0183066925485
 30
0.0
 10
712.6704245578529
 20
303.9805876858481
 30
0.0
 10
710.7358515140139
 20
301.6204503621677
 30
0.0
 10
708.9898614639858
 20
298.9968050239781
 30
0.0
 10
707.4254935527723
 20
296.1534627386067
 30
0.0
 10
706.0237776273669
 20
293.1028503266388
 30
0.0
 10
704.7753765104843
 20
289.8594921367884
 30
0.0
 10
703.6805476014759
 20
286.4553621144459
 30
0.0
 10
702.7437359231197
 20
282.9406181285698
 30
0.0
 10
701.9742784575608
 20
279.4078185076966
 30
0.0
 10
701.3819056021665
 20
276.0155930073647
 30
0.0
 10
700.9659512220459
 20
272.9940648398178
 30
0.0
 10
700.6635754577882
 20
270.1764220266156
 30
0.0
 10
700.4517142822304
 20
267.579104365948
 30
0.0
 10
700.3666933465154
 20
265.8019638533291
 30
0.0
 10
700.3276939781243
 20
264.9867839572925
 30
0.0
  0
LINE
  5
40C
330
1F
100
AcDbEntity
  8
0
  6
Continuous
 62
     7
370
    25
100
AcDbLine
 10
724.1574091885739
 20
310.2146323283581
 30
0.0
 11
723.1445391338556
 21
310.0266408070869
 31
0.0
  0
LINE
  5
40D
330
1F
100
AcDbEntity
  8
0
  6
Continuous
 62
     7
370
    25
100
AcDbLine
 10
751.456497372952
 20
434.4665448217132
 30
0.0
 11
751.7254441471249
 21
433.8158738276401
 31
0.0
  0
LINE
  5
40E
330
1F
100
AcDbEntity
  8
0
  6
Continuous
 62
     7
370
    25
100
AcDbLine
 10
751.9344206165977
 20
447.8999983274135
 30
0.0
 11
751.2217156148452
 21
434.5211394883799
 31
0.0
  0
SPLINE
  5
40F
330
1F
100
AcDbEntity
  8
0
  6
Continuous
 62
     7
370
    25
100
AcDbSpline
210
0.0
220
0.0
230
1.0
 70
     8
 71
     3
 72
     9
 73
     5
 74
     0
 42
0.00000001
 43
0.0000000001
 40
0.0
 40
0.0
 40
0.0
 40
0.0
 40
0.92562509433635
 40
1.0
 40
1.0
 40
1.0
 40
1.0
 10
846.3724166111649
 20
343.6081881689212
 30
0.0
 10
846.8253517019082
 20
354.0825682847521
 30
0.0
 10
847.3146805819423
 20
365.3985753592371
 30
0.0
 10
847.4345923105701
 20
376.7291715184692
 30
0.0
 10
847.4435107340749
 20
377.5718835389252
 30
0.0
  0
SPLINE
  5
410
330
1F
100
AcDbEntity
  8
0
  6
Continuous
 62
     7
370
    25
100
AcDbSpline
210
0.0
220
0.0
230
1.0
 70
     8
 71
     3
 72
    11
 73
     7
 74
     0
 42
0.00000001
 43
0.0000000001
 40
0.0
 40
0.0
 40
0.0
 40
0.0
 40
0.2517295486165305
 40
0.5033503552350069
 40
0.7549962823274289
 40
1.0
 40
1.0
 40
1.0
 40
1.0
 10
752.0116710020773
 20
433.2862135833496
 30
0.0
 10
751.6161098294841
 20
425.759032497332
 30
0.0
 10
750.8251583586014
 20
410.7079219130238
 30
0.0
 10
750.5437618877266
 20
388.1134549421497
 30
0.0
 10
750.8595226072074
 20
365.7302599996646
 30
0.0
 10
751.6629879241089
 20
350.9063822270768
 30
0.0
 10
752.0593477961782
 20
343.5935708662102
 30
0.0
  0
LINE
  5
411
330
1F
100
AcDbEntity
  8
0
  6
Continuous
 62
     7
370
    25
100
AcDbLine
 10
848.1014231559473
 20
377.2430546458115
 30
0.0
 11
857.8407833978426
 21
377.2430546458115
 31
0.0
  0
LINE
  5
412
330
1F
100
AcDbEntity
  8
0
  6
Continuous
 62
     7
370
    25
100
AcDbLine
 10
847.2453699343521
 20
318.3173025538426
 30
0.0
 11
847.2453699343512
 21
344.3532195199377
 31
0.0
  0
LINE
  5
413
330
1F
100
AcDbEntity
  8
0
  6
Continuous
 62
     7
370
    25
100
AcDbLine
 10
751.1802878652223
 20
344.3532028294157
 30
0.0
 11
751.1802878652223
 21
318.3173025538421
 31
0.0
  0
SPLINE
  5
414
330
1F
100
AcDbEntity
  8
0
  6
Continuous
 62
     7
370
    25
100
AcDbSpline
210
0.0
220
0.0
230
1.0
 70
     8
 71
     3
 72
     9
 73
     5
 74
     0
 42
0.00000001
 43
0.0000000001
 40
0.0
 40
0.0
 40
0.0
 40
0.0
 40
0.4947740417755269
 40
1.0
 40
1.0
 40
1.0
 40
1.0
 10
981.8508450204225
 20
377.2951962048296
 30
0.0
 10
989.0086418267536
 20
377.6814747753023
 30
0.0
 10
1003.475441217936
 20
378.4621919064736
 30
0.0
 10
1017.940296002202
 20
379.2779513517743
 30
0.0
 10
1025.248316121162
 20
379.6900941992073
 30
0.0
  0
ARC
  5
415
330
1F
100
AcDbEntity
  8
0
  6
Continuous
 62
     7
370
    25
100
AcDbCircle
 10
1024.623914350642
 20
388.143318410342
 30
0.0
 40
8.476330770805535
100
AcDbArc
 50
274.5462467655961
 51
359.9999999999479
  0
LINE
  5
416
330
1F
100
AcDbEntity
  8
0
  6
Continuous
 62
     7
370
    25
100
AcDbLine
 10
1033.100245121447
 20
388.143318410337
 30
0.0
 11
1033.100245121498
 21
460.6360938576626
 31
0.0
  0
SPLINE
  5
417
330
1F
100
AcDbEntity
  8
0
  6
Continuous
 62
     7
370
    25
100
AcDbSpline
210
0.0
220
0.0
230
1.0
 70
     8
 71
     3
 72
    35
 73
    31
 74
     0
 42
0.00000001
 43
0.0000000001
 40
0.0
 40
0.0
 40
0.0
 40
0.0
 40
0.0106364493232388
 40
0.0415728781476674
 40
0.0703037668750084
 40
0.0975480207729465
 40
0.1267001274887112
 40
0.1580935576982192
 40
0.2238455318101164
 40
0.2902180335449346
 40
0.3348917826813568
 40
0.3789639092243236
 40
0.4208815872783074
 40
0.4605078889941141
 40
0.4988727660691015
 40
0.5391863564922799
 40
0.5796380177451809
 40
0.6157169775979054
 40
0.6513111965406296
 40
0.6817211772028108
 40
0.7142439069560169
 40
0.7427187428398016
 40
0.7664277174137065
 40
0.7857179720463006
 40
0.8115872692061877
 40
0.8447568298527233
 40
0.8750196767396028
 40
0.9105015842246835
 40
0.9518852005290801
 40
1.0
 40
1.0
 40
1.0
 40
1.0
 10
1004.407468517944
 20
592.3664860978298
 30
0.0
 10
1004.386561350717
 20
592.8309352999369
 30
0.0
 10
1004.304845066538
 20
594.6462488033632
 30
0.0
 10
1004.07449582795
 20
597.8095247396015
 30
0.0
 10
1003.718627397062
 20
601.7671548095361
 30
0.0
 10
1003.260044704217
 20
605.7418643397934
 30
0.0
 10
1002.673275577049
 20
609.8744746659979
 30
0.0
 10
1001.632144275011
 20
615.8616659576439
 30
0.0
 10
999.813958587797
 20
623.7710579714651
 30
0.0
 10
996.9303029514493
 20
632.5899004694813
 30
0.0
 10
993.5894056948681
 20
640.3436956336947
 30
0.0
 10
990.1652744036409
 20
646.8168499418837
 30
0.0
 10
986.2759721612864
 20
652.8709267308479
 30
0.0
 10
982.0039187189475
 20
658.4140399394921
 30
0.0
 10
977.2663184822576
 20
663.5741545852572
 30
0.0
 10
972.0066312970601
 20
668.3641191801764
 30
0.0
 10
966.3815025386119
 20
672.606187211217
 30
0.0
 10
960.6149696805331
 20
676.2174629621043
 30
0.0
 10
955.1101252842098
 20
679.0907475148854
 30
0.0
 10
949.6121220523107
 20
681.4970816715652
 30
0.0
 10
944.373248474614
 20
683.414744113956
 30
0.0
 10
939.4242929707951
 20
684.919836781238
 30
0.0
 10
935.1957247337994
 20
686.0035427597352
 30
0.0
 10
931.0927998992282
 20
686.9063557038246
 30
0.0
 10
926.3924727925212
 20
687.7737421244667
 30
0.0
 10
920.9928193570366
 20
688.5406868796429
 30
0.0
 10
914.9814420466654
 20
689.1503476270047
 30
0.0
 10
908.4520209684459
 20
689.5590380312126
 30
0.0
 10
900.8264610879139
 20
689.7512837990127
 30
0.0
 10
895.3803331897843
 20
689.6093040953567
 30
0.0
 10
892.4524673785125
 20
689.5329750909698
 30
0.0
  0
LINE
  5
418
330
1F
100
AcDbEntity
  8
0
  6
Continuous
 62
     7
370
    25
100
AcDbLine
 10
1013.240180862594
 20
456.1503272689103
 30
0.0
 11
1013.240180862594
 21
462.9609184130607
 31
0.0
  0
SPLINE
  5
419
330
1F
100
AcDbEntity
  8
0
  6
Continuous
 62
     7
370
    25
100
AcDbSpline
210
0.0
220
0.0
230
1.0
 70
     8
 71
     3
 72
    13
 73
     9
 74
     0
 42
0.00000001
 43
0.0000000001
 40
0.0
 40
0.0
 40
0.0
 40
0.0
 40
0.196657173324239
 40
0.3859838153359484
 40
0.5614329805860969
 40
0.7231004419711934
 40
0.8710512790554886
 40
1.0
 40
1.0
 40
1.0
 40
1.0
 10
884.0028091610127
 20
377.2504167051756
 30
0.0
 10
890.363560826502
 20
376.9180985571551
 30
0.0
 10
902.8479627669392
 20
376.2658496485082
 30
0.0
 10
921.0285101927182
 20
375.8518005040725
 30
0.0
 10
938.0788327051867
 20
375.7958294604518
 30
0.0
 10
953.7864303739169
 20
376.0665401638998
 30
0.0
 10
967.9820130880415
 20
376.5474139380778
 30
0.0
 10
976.9355403604993
 20
377.0344078852531
 30
0.0
 10
981.1050879681031
 20
377.2611949810611
 30
0.0
  0
LINE
  5
41A
330
1F
100
AcDbEntity
  8
0
  6
Continuous
 62
     7
370
    25
100
AcDbLine
 10
857.8407833978388
 20
377.2430546458121
 30
0.0
 11
884.003058138165
 21
377.2430546458121
 31
0.0
  0
SPLINE
  5
41B
330
1F
100
AcDbEntity
  8
0
  6
Continuous
 62
     7
370
    25
100
AcDbSpline
210
0.0
220
0.0
230
1.0
 70
     8
 71
     3
 72
    17
 73
    13
 74
     0
 42
0.00000001
 43
0.0000000001
 40
0.0
 40
0.0
 40
0.0
 40
0.0
 40
0.0961287417525288
 40
0.2030670993671275
 40
0.3175758932497351
 40
0.4364948199556832
 40
0.5567890719327906
 40
0.6755481762628627
 40
0.7835910059963082
 40
0.8854767331287519
 40
0.9789428480024934
 40
1.0
 40
1.0
 40
1.0
 40
1.0
 10
867.7298359636479
 20
689.5330826268794
 30
0.0
 10
863.8480596001498
 20
689.5964789457068
 30
0.0
 10
855.6480035902994
 20
689.7304004590844
 30
0.0
 10
842.8380400775886
 20
690.3769745914162
 30
0.0
 10
829.108777575171
 20
691.0302899403625
 30
0.0
 10
814.8346222399649
 20
691.5881496695795
 30
0.0
 10
800.3812184240203
 20
691.911626520776
 30
0.0
 10
786.3632149492713
 20
691.9434355981032
 30
0.0
 10
773.0910490121885
 20
691.6953362690376
 30
0.0
 10
760.8471458421298
 20
691.2284461694136
 30
0.0
 10
752.1200416139707
 20
690.7615413011619
 30
0.0
 10
747.5032863235573
 20
690.4879965090324
 30
0.0
 10
746.6544132470079
 20
690.4377004039409
 30
0.0
  0
SPLINE
  5
41C
330
1F
100
AcDbEntity
  8
0
  6
Continuous
 62
     7
370
    25
100
AcDbSpline
210
0.0
220
0.0
230
1.0
 70
     8
 71
     3
 72
    11
 73
     7
 74
     0
 42
0.00000001
 43
0.0000000001
 40
0.0
 40
0.0
 40
0.0
 40
0.0
 40
0.0419644212748858
 40
0.4609887209189062
 40
0.7501095654253091
 40
1.0
 40
1.0
 40
1.0
 40
1.0
 10
745.787923682248
 20
690.3857308081135
 30
0.0
 10
745.5275349628571
 20
690.3708132465338
 30
0.0
 10
742.6671056027552
 20
690.2069404365931
 30
0.0
 10
738.0138944230992
 20
689.9241174230621
 30
0.0
 10
732.0669474902715
 20
689.6097219721589
 30
0.0
 10
728.7170566209787
 20
689.5573587045848
 30
0.0
 10
727.1640173477889
 20
689.5330826268893
 30
0.0
  0
LINE
  5
41D
330
1F
100
AcDbEntity
  8
0
  6
Continuous
 62
     7
370
    25
100
AcDbLine
 10
892.4524673785125
 20
689.5330826268884
 30
0.0
 11
867.7298359636479
 21
689.5330826268884
 31
0.0
  0
ARC
  5
41E
330
1F
100
AcDbEntity
  8
0
  6
Continuous
 62
     7
370
    25
100
AcDbCircle
 10
727.1640173477889
 20
678.2313082658154
 30
0.0
 40
11.30177436107422
100
AcDbArc
 50
90.0
 51
180.0
  0
ARC
  5
41F
330
1F
100
AcDbEntity
  8
0
  6
Continuous
 62
     7
370
    25
100
AcDbCircle
 10
727.1640173477879
 20
586.4043915820878
 30
0.0
 40
11.30177436107406
100
AcDbArc
 50
180.0
 51
235.1186826431879
  0
LINE
  5
420
330
1F
100
AcDbEntity
  8
0
  6
Continuous
 62
     7
370
    25
100
AcDbLine
 10
715.8622429867144
 20
678.2313082658154
 30
0.0
 11
715.8622429867144
 21
586.4043915820887
 31
0.0
  0
SPLINE
  5
421
330
1F
100
AcDbEntity
  8
0
  6
Continuous
 62
     7
370
    25
100
AcDbSpline
210
0.0
220
0.0
230
1.0
 70
     8
 71
     3
 72
    12
 73
     8
 74
     0
 42
0.00000001
 43
0.0000000001
 40
0.0
 40
0.0
 40
0.0
 40
0.0
 40
0.1617365523814363
 40
0.3984473394046185
 40
0.6237354602769888
 40
0.8324868162717379
 40
1.0
 40
1.0
 40
1.0
 40
1.0
 10
781.7690706769934
 20
580.0274507099714
 30
0.0
 10
779.2938658252059
 20
579.9920133376356
 30
0.0
 10
773.1960556941348
 20
579.9047113238686
 30
0.0
 10
763.6546953678097
 20
579.5747886428755
 30
0.0
 10
753.3990174447097
 20
579.1128541824057
 30
0.0
 10
744.206111852476
 20
578.6038124378031
 30
0.0
 10
738.4558959911154
 20
578.2893406987498
 30
0.0
 10
735.895896670503
 20
578.1493377044728
 30
0.0
  0
SPLINE
  5
422
330
1F
100
AcDbEntity
  8
0
  6
Continuous
 62
     7
370
    25
100
AcDbSpline
210
0.0
220
0.0
230
1.0
 70
     8
 71
     3
 72
    11
 73
     7
 74
     0
 42
0.00000001
 43
0.0000000001
 40
0.0
 40
0.0
 40
0.0
 40
0.0
 40
0.2600848252785923
 40
0.5456907021187055
 40
0.8520762015439331
 40
1.0
 40
1.0
 40
1.0
 40
1.0
 10
864.904392373376
 20
577.7345811331845
 30
0.0
 10
860.308206520578
 20
577.8252977775967
 30
0.0
 10
850.6648300475598
 20
578.0156327167071
 30
0.0
 10
835.6274629815697
 20
578.8573046382882
 30
0.0
 10
822.5656563176562
 20
579.5072937779289
 30
0.0
 10
814.5385898854973
 20
579.7080243896555
 30
0.0
 10
811.924964844932
 20
579.7733825821726
 30
0.0
  0
SPLINE
  5
423
330
1F
100
AcDbEntity
  8
0
  6
Continuous
 62
     7
370
    25
100
AcDbSpline
210
0.0
220
0.0
230
1.0
 70
     8
 71
     3
 72
    10
 73
     6
 74
     0
 42
0.00000001
 43
0.0000000001
 40
0.0
 40
0.0
 40
0.0
 40
0.0
 40
0.0691933960027927
 40
0.5737498481878789
 40
0.9999999999999998
 40
0.9999999999999998
 40
0.9999999999999998
 40
0.9999999999999998
 10
735.0373100181258
 20
578.1045896321431
 30
0.0
 10
734.7907499335241
 20
578.0911463001205
 30
0.0
 10
732.7462800956235
 20
577.9796745390433
 30
0.0
 10
729.1811427800602
 20
577.8082639692204
 30
0.0
 10
725.8596197802306
 20
577.7577248373165
 30
0.0
 10
724.3385737575161
 20
577.7345811331854
 30
0.0
  0
SPLINE
  5
424
330
1F
100
AcDbEntity
  8
0
  6
Continuous
 62
     7
370
    25
100
AcDbSpline
210
0.0
220
0.0
230
1.0
 70
     8
 71
     3
 72
    17
 73
    13
 74
     0
 42
0.00000001
 43
0.0000000001
 40
0.0
 40
0.0
 40
0.0
 40
0.0
 40
0.0114516842774059
 40
0.0995164808162047
 40
0.1943931068850631
 40
0.2936456489667609
 40
0.3951120335025622
 40
0.4968927118311318
 40
0.6343598281263814
 40
0.7657517574747529
 40
0.888279078288914
 40
0.9999999999999998
 40
0.9999999999999998
 40
0.9999999999999998
 40
0.9999999999999998
 10
743.8632821844811
 20
448.3247785517868
 30
0.0
 10
744.3249144415894
 20
448.2992963586243
 30
0.0
 10
748.3365529522042
 20
448.077853108395
 30
0.0
 10
756.173610655548
 20
447.6589318125419
 30
0.0
 10
767.5569208091973
 20
447.1821897741589
 30
0.0
 10
779.4872386436944
 20
446.8647724524502
 30
0.0
 10
791.7001504272674
 20
446.7556637377724
 30
0.0
 10
805.4558461054829
 20
446.882730192801
 30
0.0
 10
820.4140370219883
 20
447.3352888078342
 30
0.0
 10
836.1979082878704
 20
448.0746492007342
 30
0.0
 10
850.9380603360904
 20
448.9082137720497
 30
0.0
 10
860.3943618578732
 20
449.0901339031435
 30
0.0
 10
864.9043923733751
 20
449.176897775967
 30
0.0
  0
LINE
  5
425
330
1F
100
AcDbEntity
  8
0
  6
Continuous
 62
     7
370
    25
100
AcDbLine
 10
887.5079410955239
 20
577.7345811331845
 30
0.0
 11
864.904392373376
 21
577.7345811331845
 31
0.0
  0
LINE
  5
426
330
1F
100
AcDbEntity
  8
0
  6
Continuous
 62
     7
370
    25
100
AcDbLine
 10
864.9043923733751
 20
449.176897775967
 30
0.0
 11
887.507941095523
 21
449.176897775967
 31
0.0
  0
ARC
  5
427
330
1F
100
AcDbEntity
  8
0
  6
Continuous
 62
     7
370
    25
100
AcDbCircle
 10
724.3385737575161
 20
566.4328067721109
 30
0.0
 40
11.30177436107407
100
AcDbArc
 50
90.0
 51
180.0
  0
ARC
  5
428
330
1F
100
AcDbEntity
  8
0
  6
Continuous
 62
     7
370
    25
100
AcDbCircle
 10
724.3385737575161
 20
460.4786721370419
 30
0.0
 40
11.30177436107406
100
AcDbArc
 50
180.0
 51
270.0
  0
LINE
  5
429
330
1F
100
AcDbEntity
  8
0
  6
Continuous
 62
     7
370
    25
100
AcDbLine
 10
713.0367993964426
 20
566.4328067721109
 30
0.0
 11
713.0367993964418
 21
460.4786721370419
 31
0.0
  0
SPLINE
  5
42A
330
1F
100
AcDbEntity
  8
0
  6
Continuous
 62
     7
370
    25
100
AcDbSpline
210
0.0
220
0.0
230
1.0
 70
     8
 71
     3
 72
    10
 73
     6
 74
     0
 42
0.00000001
 43
0.0000000001
 40
0.0
 40
0.0
 40
0.0
 40
0.0
 40
0.3190337486744959
 40
0.7079514832911151
 40
1.0
 40
1.0
 40
1.0
 40
1.0
 10
724.3385737575161
 20
449.1768977759677
 30
0.0
 10
726.3245207470789
 20
449.1396342299171
 30
0.0
 10
730.7314341938216
 20
449.0569445997179
 30
0.0
 10
736.9481067770919
 20
448.7086820452288
 30
0.0
 10
741.1808549832411
 20
448.4740659096214
 30
0.0
 10
742.9961693733483
 20
448.3734452191439
 30
0.0
  0
LWPOLYLINE
  5
42B
330
1F
100
AcDbEntity
  8
0
  6
Continuous
 62
     7
370
    25
100
AcDbPolyline
 90
       13
 70
   128
 43
0.0
 10
849.395633285764
 20
578.1697648572583
 10
848.3631372542594
 20
579.6767491981483
 10
845.2252023776972
 20
583.5555222625169
 10
841.7863899033845
 20
587.1780256050012
 10
839.716932374079
 20
589.1046684188088
 10
838.6770903676495
 20
590.0104488999207
 10
838.5486244533575
 20
590.1196366530487
 10
838.5327411623656
 20
590.1330958357487
 10
838.5248093019589
 20
590.1398138002179
 10
838.5243136148782
 20
590.1402335533705
 10
838.5241897055893
 20
590.1403384797361
 10
838.5241587318841
 20
590.140364708179
 10
838.5241596529903
 20
590.1403639281891
  0
LWPOLYLINE
  5
42C
330
1F
100
AcDbEntity
  8
0
  6
Continuous
 62
     7
370
    25
100
AcDbPolyline
 90
       10
 70
   128
 43
0.0
 10
844.2767707414567
 20
584.5546162224421
 10
843.8516560095603
 20
585.1044555264636
 10
842.9258547969329
 20
586.3260181669336
 10
842.9245496100191
 20
586.3277554180097
 10
842.9244088662562
 20
586.327942755199
 10
842.924366417157
 20
586.3279992572159
 10
842.9243593425898
 20
586.3280086738452
 10
842.9243555228211
 20
586.3280137581653
 10
842.9243546949281
 20
586.3280148601354
 10
843.8912729306565
 20
584.9607061498739
  0
SPLINE
  5
42D
330
1F
100
AcDbEntity
  8
0
  6
Continuous
 62
     7
370
    25
100
AcDbSpline
210
0.0
220
0.0
230
1.0
 70
     8
 71
     3
 72
    11
 73
     7
 74
     0
 42
0.00000001
 43
0.0000000001
 40
0.0
 40
0.0
 40
0.0
 40
0.0
 40
0.247978709883832
 40
0.561722288013098
 40
0.8754149183037164
 40
1.0
 40
1.0
 40
1.0
 40
1.0
 10
754.2506141986885
 20
590.1403666658395
 30
0.0
 10
753.2722521973263
 20
589.2823831519206
 30
0.0
 10
751.0560629842792
 20
587.3388757325066
 30
0.0
 10
747.8924036995358
 20
584.010807913927
 30
0.0
 10
745.3330643558073
 20
581.005760712316
 30
0.0
 10
744.0355040037501
 20
579.1130219787849
 30
0.0
 10
743.6666587304333
 20
578.5749909466396
 30
0.0
  0
LINE
  5
42E
330
1F
100
AcDbEntity
  8
0
  6
Continuous
 62
     7
370
    25
100
AcDbLine
 10
851.4054254743539
 20
590.6962974565579
 30
0.0
 11
851.5674098088728
 21
591.1925533568194
 31
0.0
  0
SPLINE
  5
42F
330
1F
100
AcDbEntity
  8
0
  6
Continuous
 62
     7
370
    25
100
AcDbSpline
210
0.0
220
0.0
230
1.0
 70
     8
 71
     3
 72
    12
 73
     8
 74
     0
 42
0.00000001
 43
0.0000000001
 40
0.0
 40
0.0
 40
0.0
 40
0.0
 40
0.0612413897728986
 40
0.2434473666190014
 40
0.4483603546033398
 40
0.6975293348225083
 40
1.0
 40
1.0
 40
1.0
 40
1.0
 10
847.415700158778
 20
580.8478676664087
 30
0.0
 10
847.5069083898068
 20
581.0222035275844
 30
0.0
 10
847.8694802344397
 20
581.7152251338527
 30
0.0
 10
848.5662300067378
 20
583.1649233679375
 30
0.0
 10
849.4958015469117
 20
585.2611444343258
 30
0.0
 10
850.5083722745183
 20
587.8078473735215
 30
0.0
 10
851.0877472134842
 20
589.673395136879
 30
0.0
 10
851.4054254743539
 20
590.6962974565579
 30
0.0
  0
SPLINE
  5
430
330
1F
100
AcDbEntity
  8
0
  6
Continuous
 62
     7
370
    25
100
AcDbSpline
210
0.0
220
0.0
230
1.0
 70
     8
 71
     3
 72
    12
 73
     8
 74
     0
 42
0.00000001
 43
0.0000000001
 40
0.0
 40
0.0
 40
0.0
 40
0.0
 40
0.3123289400920482
 40
0.5491405763464251
 40
0.7490313503154616
 40
0.9232885313019753
 40
1.0
 40
1.0
 40
1.0
 40
1.0
 10
741.2073608098597
 20
591.192553356823
 30
0.0
 10
741.5484086752439
 20
590.0860198337989
 30
0.0
 10
742.1480432185671
 20
588.1404990107815
 30
0.0
 10
743.1797257069319
 20
585.4984225963955
 30
0.0
 10
744.1077761017012
 20
583.3818817192907
 30
0.0
 10
744.8381721872664
 20
581.8509907823256
 30
0.0
 10
745.232214119769
 20
581.0928975232948
 30
0.0
 10
745.35265759113
 20
580.8611775559468
 30
0.0
  0
LINE
  5
431
330
1F
100
AcDbEntity
  8
0
  6
Continuous
 62
     7
370
    25
100
AcDbLine
 10
853.6026180123061
 20
605.598034033883
 30
0.0
 11
853.6026180123061
 21
608.8836533476708
 31
0.0
  0
LINE
  5
432
330
1F
100
AcDbEntity
  8
0
  6
Continuous
 62
     7
370
    25
100
AcDbLine
 10
739.1721526064319
 20
608.8836533476744
 30
0.0
 11
739.1721526064319
 21
605.5980340338867
 31
0.0
  0
LINE
  5
433
330
1F
100
AcDbEntity
  8
0
  6
Continuous
 62
     7
370
    25
100
AcDbLine
 10
853.6026180123043
 20
609.1252430030965
 30
0.0
 11
853.6026180123043
 21
610.0916016247985
 31
0.0
  0
LINE
  5
434
330
1F
100
AcDbEntity
  8
0
  6
Continuous
 62
     7
370
    25
100
AcDbLine
 10
739.1721526064301
 20
610.0916016248022
 30
0.0
 11
739.1721526064301
 21
609.1252430031001
 31
0.0
  0
LINE
  5
435
330
1F
100
AcDbEntity
  8
0
  6
Continuous
 62
     7
370
    25
100
AcDbLine
 10
887.507941095523
 20
449.176897775967
 30
0.0
 11
894.2656706523548
 21
449.176897775967
 31
0.0
  0
LINE
  5
436
330
1F
100
AcDbEntity
  8
0
  6
Continuous
 62
     7
370
    25
100
AcDbLine
 10
894.2656706523537
 20
577.7345811331845
 30
0.0
 11
887.5079410955239
 21
577.7345811331845
 31
0.0
  0
LINE
  5
437
330
1F
100
AcDbEntity
  8
0
  6
Continuous
 62
     7
370
    25
100
AcDbLine
 10
967.3233178774161
 20
436.4624016197585
 30
0.0
 11
967.3233178774161
 21
422.7339087021327
 31
0.0
  0
LINE
  5
438
330
1F
100
AcDbEntity
  8
0
  6
Continuous
 62
     7
370
    25
100
AcDbLine
 10
950.3774656221857
 20
422.7299701846781
 30
0.0
 11
950.3774656221857
 21
436.4624016197585
 31
0.0
  0
LWPOLYLINE
  5
439
330
1F
100
AcDbEntity
  8
0
  6
Continuous
 62
     7
370
    25
100
AcDbPolyline
 90
       60
 70
   128
 43
0.0
 10
952.4575330292307
 20
257.9638127538059
 10
952.35098861428
 20
253.231760156683
 10
952.0325625602216
 20
248.5134960055556
 10
951.5058627614834
 20
243.8624801185792
 10
950.7768569372446
 20
239.3314103642037
 10
949.8538050147926
 20
234.9716255732705
 10
948.7471655412363
 20
230.8325238495426
 10
947.4694771840058
 20
226.9610028694507
 10
946.0352166627252
 20
223.4009285126808
 10
944.4606347222023
 20
220.1926378442283
 10
942.7635720049938
 20
217.3724820793347
 10
940.9632569097983
 20
214.9724147096937
 10
939.0800877260144
 20
213.0196294576214
 10
937.1354015129689
 20
211.5362521603167
 10
935.1512323425138
 20
210.5390900752863
 10
933.1500616441843
 20
210.0394414473989
 10
931.1545634816182
 20
210.0429674952581
 10
929.1873476463605
 20
210.5496282673327
 10
927.270703479883
 20
211.5536830946236
 10
925.4263473264426
 20
213.0437556347378
 10
923.6751764782274
 20
215.0029627703927
 10
922.0370324006788
 20
217.4091059018824
 10
920.5304759207646
 20
220.2349224660808
 10
919.1725769253924
 20
223.4483948321767
 10
917.9787209527685
 20
227.0131130742233
 10
916.9624348681017
 20
230.8886875101497
 10
916.1352335988203
 20
235.0312063329956
 10
915.5064896658386
 20
239.393733149232
 10
915.0833269891499
 20
243.9268387868528
 10
914.8705401709674
 20
248.5791613476476
 10
914.8705401709674
 20
253.2979881580281
 10
915.0833269891499
 20
258.0298530246854
 10
915.5064896658386
 20
262.7211420279234
 10
916.1352335988212
 20
267.318700988791
 10
916.9624348681017
 20
271.7704377271707
 10
917.9787209527685
 20
276.0259122869917
 10
919.1725769253924
 20
280.0369084410915
 10
920.5304759207646
 20
283.7579800003304
 10
922.0370324006788
 20
287.1469657370777
 10
923.6751764782283
 20
290.165467088766
 10
925.4263473264435
 20
292.7792832289492
 10
927.270703479883
 20
294.9587985763305
 10
929.1873476463605
 20
296.679318351134
 10
931.1545634816182
 20
297.9213483768258
 10
933.1500616441843
 20
298.6708159569266
 10
935.1512323425149
 20
298.9192293242799
 10
937.1354015129698
 20
298.6637738561741
 10
939.0800877260153
 20
297.9073439651365
 10
940.9632569097992
 20
296.658510304087
 10
942.7635720049947
 20
294.931422657414
 10
944.4606347222023
 20
292.7456496182635
 10
946.0352166627252
 20
290.1259568685597
 10
947.4694771840058
 20
287.102026573933
 10
948.7471655412363
 20
283.7081210729224
 10
949.8538050147926
 20
279.9826946709904
 10
950.7768569372464
 20
275.9679579378757
 10
951.5058627614834
 20
271.7093994449719
 10
952.0325625602216
 20
267.2552703616377
 10
952.35098861428
 20
262.6560377501659
 10
952.4575330292307
 20
257.9638127538059
  0
LWPOLYLINE
  5
43A
330
1F
100
AcDbEntity
  8
0
  6
Continuous
 62
     7
370
    25
100
AcDbPolyline
 90
       32
 70
   128
 43
0.0
 10
928.4158049232328
 20
299.1989293666895
 10
928.1092481413578
 20
299.205425352653
 10
926.1080774430283
 20
298.9570119852999
 10
924.1125792804622
 20
298.2075444051995
 10
922.1453634452045
 20
296.9655143795068
 10
920.228719278727
 20
295.2449946047033
 10
918.3843631252866
 20
293.0654792573222
 10
916.6331922770721
 20
290.451663117139
 10
914.9950481995228
 20
287.4331617654506
 10
913.4884917196085
 20
284.0441760287033
 10
912.1305927242355
 20
280.3231044694648
 10
910.9367367516123
 20
276.3121083153648
 10
909.9204506669456
 20
272.0566337555433
 10
909.093249397665
 20
267.6048970171641
 10
908.4645054646825
 20
263.0073380562964
 10
908.0413427879937
 20
258.3160490530585
 10
907.8285559698105
 20
253.5841841864012
 10
907.8285559698114
 20
248.86535737602
 10
908.0413427879937
 20
244.2130348152254
 10
908.4645054646825
 20
239.6799291776046
 10
909.093249397665
 20
235.3174023613685
 10
909.9204506669456
 20
231.1748835385226
 10
910.9367367516123
 20
227.2993091025962
 10
912.1305927242355
 20
223.7345908605495
 10
913.4884917196085
 20
220.5211184944539
 10
914.9950481995228
 20
217.6953019302552
 10
916.6331922770721
 20
215.289158798766
 10
918.3843631252875
 20
213.3299516631111
 10
920.228719278727
 20
211.8398791229969
 10
922.1453634452045
 20
210.835824295706
 10
924.1125792804622
 20
210.3291635236316
 10
924.8016448817969
 20
210.2708682161142
  0
LWPOLYLINE
  5
43B
330
1F
100
AcDbEntity
  8
0
  6
Continuous
 62
     7
370
    25
100
AcDbPolyline
 90
       13
 70
   128
 43
0.0
 10
934.6894886741873
 20
292.3530071166419
 10
936.5986218241104
 20
292.144875238373
 10
938.4652904177782
 20
291.3937316129795
 10
940.2626051741899
 20
290.110396432156
 10
941.9646758513934
 20
288.3133560841201
 10
943.5469841943129
 20
286.0284968579817
 10
944.9867371191594
 20
283.2887320528602
 10
946.263195046823
 20
280.1335278632218
 10
947.3579706556227
 20
276.6083348700412
 10
948.2552937498875
 20
272.7639333271351
 10
948.9422384289445
 20
268.6557016737815
 10
949.4089092841649
 20
264.34281881068
 10
949.6485839419028
 20
259.8874116304266
  0
LWPOLYLINE
  5
43C
330
1F
100
AcDbEntity
  8
0
  6
Continuous
 62
     7
370
    25
100
AcDbPolyline
 90
        9
 70
   128
 43
0.0
 10
934.6894886741873
 20
292.3530071166419
 10
934.4653275348935
 20
292.7327711357215
 10
934.2110928161099
 20
292.9980757916973
 10
933.9361701979658
 20
293.1391267313429
 10
933.6507091036718
 20
293.1507167232916
 10
933.365248009375
 20
293.0324178953896
 10
933.0903253912328
 20
292.7885975306089
 10
932.8360906724491
 20
292.4282568384009
 10
932.6119295331544
 20
291.9646986536083
  0
LWPOLYLINE
  5
43D
330
1F
100
AcDbEntity
  8
0
  6
Continuous
 62
     7
370
    25
100
AcDbPolyline
 90
        9
 70
   128
 43
0.0
 10
923.39338144928
 20
281.573738823411
 10
924.3934760662021
 20
283.5711768799144
 10
925.450845450903
 20
285.388433349175
 10
926.5589476285057
 20
287.0142648130076
 10
927.7109267388777
 20
288.4386122052587
 10
928.8996554540425
 20
289.6526630475339
 10
930.1177790751561
 20
290.6489059722589
 10
931.3577610362452
 20
291.4211771957275
 10
932.6119295331544
 20
291.9646986536083
  0
LWPOLYLINE
  5
43E
330
1F
100
AcDbEntity
  8
0
  6
Continuous
 62
     7
370
    25
100
AcDbPolyline
 90
        9
 70
   128
 43
0.0
 10
923.39338144928
 20
281.573738823411
 10
922.968590801619
 20
281.5420222993684
 10
922.5510051621885
 20
281.2742447158702
 10
922.1641656290456
 20
280.7855018467052
 10
921.829880010031
 20
280.1033462289369
 10
921.5669934228715
 20
279.266233907917
 10
921.3903259148628
 20
278.3213565046503
 10
921.3098369930765
 20
277.3219808212056
 10
921.330064164127
 20
276.3244459620395
  0
ARC
  5
43F
330
1F
100
AcDbEntity
  8
0
  6
Continuous
 62
     7
370
    25
100
AcDbCircle
 10
997.2374257918144
 20
252.3627021416861
 30
0.0
 40
79.59957736187234
100
AcDbArc
 50
162.4806104690287
 51
178.8881926428034
  0
ARC
  5
440
330
1F
100
AcDbEntity
  8
0
  6
Continuous
 62
     7
370
    25
100
AcDbCircle
 10
924.395001342539
 20
251.4586024729601
 30
0.0
 40
7.173039861907421
100
AcDbArc
 50
160.0400783798091
 51
199.9599216201908
  0
LWPOLYLINE
  5
441
330
1F
100
AcDbEntity
  8
0
  6
Continuous
 62
     7
370
    25
100
AcDbPolyline
 90
       13
 70
   128
 43
0.0
 10
932.6119295331544
 20
216.5443984094147
 10
930.7027963832306
 20
216.7525302876835
 10
928.8361277895637
 20
217.5036739130775
 10
927.038813033152
 20
218.7870090939008
 10
925.3367423559492
 20
220.5840494419369
 10
923.7544340130297
 20
222.8689086680747
 10
922.3146810881834
 20
225.6086734731961
 10
921.0382231605198
 20
228.763877662835
 10
919.943447551719
 20
232.2890706560151
 10
919.0461244574542
 20
236.1334721989214
 10
918.3591797783982
 20
240.2417038522753
 10
917.8925089231769
 20
244.5545867153766
 10
917.6528342654391
 20
249.0099938956297
  0
LWPOLYLINE
  5
442
330
1F
100
AcDbEntity
  8
0
  6
Continuous
 62
     7
370
    25
100
AcDbPolyline
 90
        9
 70
   128
 43
0.0
 10
932.6119295331544
 20
216.5443984094147
 10
932.8360906724491
 20
216.164634390335
 10
933.0903253912328
 20
215.899329734359
 10
933.365248009375
 20
215.7582787947141
 10
933.6507091036709
 20
215.7466888027649
 10
933.9361701979658
 20
215.8649876306674
 10
934.2110928161099
 20
216.1088079954477
 10
934.4653275348935
 20
216.4691486876556
 10
934.6894886741873
 20
216.9327068724485
  0
LWPOLYLINE
  5
443
330
1F
100
AcDbEntity
  8
0
  6
Continuous
 62
     7
370
    25
100
AcDbPolyline
 90
       13
 70
   128
 43
0.0
 10
949.6485839419028
 20
254.9901944757662
 10
949.4089092841649
 20
250.4451939875429
 10
948.9422384289445
 20
245.9578638714567
 10
948.2552937498875
 20
241.5928439252979
 10
947.3579706556227
 20
237.4130120741069
 10
946.263195046823
 20
233.4785786163601
 10
944.9867371191594
 20
229.8462188972079
 10
943.5469841943129
 20
226.5682569025547
 10
941.9646758513934
 20
223.6919115342907
 10
940.2626051741899
 20
221.2586164240333
 10
938.4652904177782
 20
219.3034230834441
 10
936.5986218241104
 20
217.8544959887051
 10
934.6894886741873
 20
216.9327068724485
  0
ARC
  5
444
330
1F
100
AcDbEntity
  8
0
  6
Continuous
 62
     7
370
    25
100
AcDbCircle
 10
942.9064168648018
 20
257.4388030530962
 30
0.0
 40
7.173039861907981
100
AcDbArc
 50
340.0400783798092
 51
19.95992162019081
  0
ELLIPSE
  5
445
330
1F
100
AcDbEntity
  8
0
  6
Continuous
 62
     7
370
    25
100
AcDbEllipse
 10
921.4872818471285
 20
254.9430413574914
 30
0.0
 11
95.69828921215689
 21
0.9729252617161792
 31
0.0
210
0.0
220
0.0
230
1.0
 40
0.4999612421716572
 41
4.528048290264198
 42
4.611071250300742
  0
ELLIPSE
  5
446
330
1F
100
AcDbEntity
  8
0
  6
Continuous
 62
     7
370
    25
100
AcDbEllipse
 10
894.5997058063511
 20
256.0357898294628
 30
0.0
 11
51.84391251851591
 21
-22.65978905205656
 31
0.0
210
0.0
220
0.0
230
1.0
 40
0.8235994831698913
 41
5.154158636364713
 42
5.237181596401256
  0
LWPOLYLINE
  5
447
330
1F
100
AcDbEntity
  8
0
  6
Continuous
 62
     7
370
    25
100
AcDbPolyline
 90
       32
 70
   128
 43
0.0
 10
894.5697478821392
 20
207.9648144763925
 10
892.8809499177521
 20
208.2030310336442
 10
890.8468481512054
 20
208.9543999349696
 10
888.8728858233243
 20
210.2040158955353
 10
886.9799874258477
 20
211.9386326752908
 10
885.1882181526887
 20
214.1398629048492
 10
883.5165712038824
 20
216.7843729961752
 10
881.982766452942
 20
219.8441304844234
 10
880.6030626117934
 20
223.2867011790403
 10
879.3920848843836
 20
227.0755929742517
 10
878.3626699358791
 20
231.1706426744624
 10
877.5257298208215
 20
235.5284417341222
 10
876.8901363126378
 20
240.1027963991045
 10
876.4626268606324
 20
244.8452173719947
 10
876.2477331713451
 20
249.7054338107043
 10
876.2477331713451
 20
254.6319262119034
 10
876.4626268606324
 20
259.572472530571
 10
876.8901363126387
 20
264.4747017466656
 10
877.5257298208224
 20
269.2866490109654
 10
878.3626699358791
 20
273.9573064853966
 10
879.3920848843836
 20
278.4371640388067
 10
880.6030626117934
 20
282.6787340666719
 10
881.982766452942
 20
286.6370548715176
 10
883.5165712038824
 20
290.2701672680986
 10
885.1882181526887
 20
293.5395593611978
 10
886.9799874258486
 20
296.4105747812993
 10
888.8728858233243
 20
298.8527800507258
 10
890.8468481512063
 20
300.8402871860712
 10
892.8809499177521
 20
302.3520281172673
 10
894.9536291382154
 20
303.371978014366
 10
897.0429148972334
 20
303.8893251547251
 10
898.4707460221015
 20
303.9506582579656
  0
LWPOLYLINE
  5
448
330
1F
100
AcDbEntity
  8
0
  6
Continuous
 62
     7
370
    25
100
AcDbPolyline
 90
       40
 70
   128
 43
0.0
 10
928.6189748982696
 20
210.1157266170284
 10
927.4838967008307
 20
209.1898082253098
 10
925.4277799813689
 20
207.9222821855646
 10
923.3440346325933
 20
207.1526131548826
 10
921.2547488735744
 20
206.8889598164596
 10
919.1820696531129
 20
207.1341169612726
 10
917.1479678865662
 20
207.8854858625984
 10
915.174005558685
 20
209.1351018231637
 10
913.2811071612094
 20
210.8697186029196
 10
911.4893378880505
 20
213.070948832478
 10
909.817690939244
 20
215.7154589238036
 10
908.2838861883027
 20
218.7752164120517
 10
906.9041823471541
 20
222.2177871066687
 10
905.6932046197452
 20
226.0066789018799
 10
904.6637896712399
 20
230.101728602091
 10
903.8268495561831
 20
234.4595276617503
 10
903.1912560479995
 20
239.0338823267327
 10
902.7637465959932
 20
243.776303299623
 10
902.5488529067059
 20
248.6365197383329
 10
902.5488529067059
 20
253.5630121395313
 10
902.7637465959932
 20
258.5035584581996
 10
903.1912560479995
 20
263.405787674294
 10
903.8268495561831
 20
268.2177349385938
 10
904.6637896712399
 20
272.888392413025
 10
905.6932046197452
 20
277.368249966435
 10
906.904182347155
 20
281.6098199943003
 10
908.2838861883027
 20
285.5681407991464
 10
909.817690939244
 20
289.2012531957268
 10
911.4893378880505
 20
292.4706452888262
 10
913.2811071612094
 20
295.3416607089279
 10
915.1740055586859
 20
297.7838659783542
 10
917.147967886567
 20
299.7713731136995
 10
919.1820696531138
 20
301.2831140448954
 10
921.2547488735753
 20
302.3030639419946
 10
923.3440346325942
 20
302.8204110823535
 10
925.4277799813698
 20
302.8296714575835
 10
927.4838967008307
 20
302.3307469054043
 10
929.4905894422489
 20
301.3289261501854
 10
931.4265867633583
 20
299.8348287411572
 10
932.2331349397053
 20
299.0437877676035
  0
SPLINE
  5
449
330
1F
100
AcDbEntity
  8
0
  6
Continuous
 62
     7
370
    25
100
AcDbSpline
210
0.0
220
0.0
230
1.0
 70
     9
 71
     3
 72
    92
 73
    88
 74
     0
 42
0.00000001
 43
0.0000000001
 40
0.0
 40
0.0
 40
0.0
 40
0.0
 40
0.0312500000000048
 40
0.0312500000000048
 40
0.0468750000000064
 40
0.0468750000000064
 40
0.0625000000000081
 40
0.0625000000000081
 40
0.0937500000000113
 40
0.0937500000000113
 40
0.1093750000000126
 40
0.1093750000000126
 40
0.1250000000000139
 40
0.1250000000000139
 40
0.1562500000000154
 40
0.1562500000000154
 40
0.1718750000000161
 40
0.1718750000000161
 40
0.1875000000000168
 40
0.2031250000000176
 40
0.2031250000000176
 40
0.2187500000000183
 40
0.2187500000000183
 40
0.2500000000000196
 40
0.2500000000000196
 40
0.2812500000000209
 40
0.2812500000000209
 40
0.3125000000000221
 40
0.3125000000000221
 40
0.3281250000000262
 40
0.3281250000000262
 40
0.3437500000000301
 40
0.3437500000000301
 40
0.3750000000000326
 40
0.3750000000000326
 40
0.4062500000000351
 40
0.4062500000000351
 40
0.421875000000034
 40
0.421875000000034
 40
0.437500000000033
 40
0.437500000000033
 40
0.4687500000000308
 40
0.4687500000000308
 40
0.4843750000000318
 40
0.4843750000000318
 40
0.5000000000000328
 40
0.5000000000000328
 40
0.5312500000000321
 40
0.5312500000000321
 40
0.5625000000000316
 40
0.5625000000000316
 40
0.5781250000000309
 40
0.5781250000000309
 40
0.5937500000000303
 40
0.5937500000000303
 40
0.6250000000000277
 40
0.6250000000000277
 40
0.6562500000000254
 40
0.6562500000000254
 40
0.6875000000000228
 40
0.6875000000000228
 40
0.7031250000000206
 40
0.7031250000000206
 40
0.7187500000000182
 40
0.734375000000016
 40
0.734375000000016
 40
0.7500000000000137
 40
0.7500000000000137
 40
0.7812500000000094
 40
0.7812500000000094
 40
0.8125000000000049
 40
0.8125000000000049
 40
0.8437500000000003
 40
0.8437500000000003
 40
0.859375000000001
 40
0.859375000000001
 40
0.8750000000000015
 40
0.8750000000000015
 40
0.9062500000000024
 40
0.9062500000000024
 40
0.9375000000000033
 40
0.9375000000000033
 40
0.9531250000000037
 40
0.9531250000000037
 40
0.9687500000000039
 40
0.9687500000000039
 40
1.0
 40
1.0
 40
1.0
 40
1.0
 10
901.7248059819729
 20
297.6024591030681
 30
0.0
 10
901.1224587046161
 20
297.6269393338607
 30
0.0
 10
900.50465524045
 20
297.6192305914346
 30
0.0
 10
899.5560411890126
 20
297.5605656767061
 30
0.0
 10
899.2361624470994
 20
297.5330839250213
 30
0.0
 10
898.5890052613811
 20
297.4615397334241
 30
0.0
 10
898.2611739452567
 20
297.4172873503095
 30
0.0
 10
897.2884591724877
 20
297.2617310265809
 30
0.0
 10
896.6470886404376
 20
297.1272584091234
 30
0.0
 10
895.6964067176167
 20
296.8759295088293
 30
0.0
 10
895.3798747816945
 20
296.7833004614978
 30
0.0
 10
894.7588006557161
 20
296.5825179077041
 30
0.0
 10
894.4554022727688
 20
296.4748416663951
 30
0.0
 10
893.5662444252555
 20
296.1294073190083
 30
0.0
 10
893.001310863913
 20
295.8694760649332
 30
0.0
 10
892.1979628205317
 20
295.4289851832923
 30
0.0
 10
891.9391354892558
 20
295.274378708139
 30
0.0
 10
891.4473519239098
 20
294.9540921156554
 30
0.0
 10
890.9788957287217
 20
294.6213615435258
 30
0.0
 10
890.5569367132692
 20
294.2628168800533
 30
0.0
 10
890.1588137545394
 20
293.8906180967803
 30
0.0
 10
889.9707086280631
 20
293.6965102260314
 30
0.0
 10
889.4529700870824
 20
293.1027583773741
 30
0.0
 10
889.1685405028546
 20
292.6919401063148
 30
0.0
 10
888.7190970109021
 20
291.8397975039806
 30
0.0
 10
888.5539929182986
 20
291.393895556625
 30
0.0
 10
888.3594026333929
 20
290.5080928528245
 30
0.0
 10
888.3270135653692
 20
290.065159454268
 30
0.0
 10
888.3758403463042
 20
289.4030200091442
 30
0.0
 10
888.408776588867
 20
289.1820930915255
 30
0.0
 10
888.5059557518415
 20
288.7510069444977
 30
0.0
 10
888.5701825777912
 20
288.5397064511991
 30
0.0
 10
888.8085251274631
 20
287.9191539824066
 30
0.0
 10
889.0293377452461
 20
287.5211395172438
 30
0.0
 10
889.5895829467498
 20
286.7759477727767
 30
0.0
 10
889.9223479973015
 20
286.4365586816536
 30
0.0
 10
890.4970754734558
 20
285.9799797365021
 30
0.0
 10
890.7013444871163
 20
285.8365947319041
 30
0.0
 10
891.1358768688923
 20
285.568637784238
 30
0.0
 10
891.3657402702128
 20
285.4445478106631
 30
0.0
 10
892.0789014697664
 20
285.1096740908874
 30
0.0
 10
892.5901532759915
 20
284.9329712791311
 30
0.0
 10
893.410380732921
 20
284.7407745520674
 30
0.0
 10
893.6944203982109
 20
284.6887349014177
 30
0.0
 10
894.2721826734823
 20
284.6115723175846
 30
0.0
 10
894.5651998244038
 20
284.5863501704102
 30
0.0
 10
895.4562857293549
 20
284.5498026091076
 30
0.0
 10
896.0662451125717
 20
284.5772967796651
 30
0.0
 10
897.3194607261191
 20
284.7381963025315
 30
0.0
 10
897.9460855767328
 20
284.8697930548655
 30
0.0
 10
898.8770469440204
 20
285.1361357466227
 30
0.0
 10
899.1864313508321
 20
285.2365569710013
 30
0.0
 10
899.8035483452412
 20
285.4605001887957
 30
0.0
 10
900.1123359160372
 20
285.5845958752954
 30
0.0
 10
901.0173888786793
 20
285.9830743237775
 30
0.0
 10
901.5983651723134
 20
286.2851886355604
 30
0.0
 10
902.7187014522196
 20
286.9559379699762
 30
0.0
 10
903.2604500725218
 20
287.327443608045
 30
0.0
 10
904.2584048547222
 20
288.1018951964592
 30
0.0
 10
904.720689725709
 20
288.5079843621874
 30
0.0
 10
905.3589776310172
 20
289.1428180713182
 30
0.0
 10
905.562304347406
 20
289.358784909993
 30
0.0
 10
905.9412929846693
 20
289.7892004792797
 30
0.0
 10
906.2951594216182
 20
290.2205303765553
 30
0.0
 10
906.5997093974827
 20
290.6530137134616
 30
0.0
 10
906.8792984907675
 20
291.0858778413567
 30
0.0
 10
907.0071899334552
 20
291.3036333095046
 30
0.0
 10
907.3473728633706
 20
291.9488119418701
 30
0.0
 10
907.515376602765
 20
292.3646142002267
 30
0.0
 10
907.7369563247001
 20
293.1695651204236
 30
0.0
 10
907.7897509293752
 20
293.5623504525869
 30
0.0
 10
907.7731280195802
 20
294.29394778215
 30
0.0
 10
907.7056219250652
 20
294.6354941876452
 30
0.0
 10
907.5139611201784
 20
295.1151394923394
 30
0.0
 10
907.4343764138156
 20
295.2701240464411
 30
0.0
 10
907.2474659943463
 20
295.5635454550306
 30
0.0
 10
907.1400053532586
 20
295.7026829821388
 30
0.0
 10
906.7760767229792
 20
296.0990176444533
 30
0.0
 10
906.4777233552648
 20
296.3357841191363
 30
0.0
 10
905.7666128712734
 20
296.7553803139649
 30
0.0
 10
905.3643028039576
 20
296.9323415568817
 30
0.0
 10
904.6914821281832
 20
297.1540590533868
 30
0.0
 10
904.4555687987948
 20
297.2206072197129
 30
0.0
 10
903.9596018145429
 20
297.3390964442478
 30
0.0
 10
903.6989459931563
 20
297.3910329812301
 30
0.0
 10
902.8956466705203
 20
297.522054517874
 30
0.0
 10
902.3271532593279
 20
297.5779788722754
 30
0.0
 10
901.7248059819729
 20
297.6024591030681
 30
0.0
  0
LWPOLYLINE
  5
44A
330
1F
100
AcDbEntity
  8
0
  6
Continuous
 62
     7
370
    25
100
AcDbPolyline
 90
       13
 70
   128
 43
0.0
 10
917.6528342654391
 20
249.0099938956297
 10
918.1355220344492
 20
248.316115896242
 10
918.7090806732848
 20
248.1378480766611
 10
919.2850420815384
 20
248.5026872162823
 10
919.7745675455298
 20
249.3543589894288
 10
920.1021505957058
 20
250.5614979543868
 10
920.2172634425568
 20
251.937909912473
 10
920.1021505957058
 20
253.271291285529
 10
919.7745675455298
 20
254.3559757140869
 10
919.2850420815384
 20
255.0246569029622
 10
918.7090806732848
 20
255.1741946489537
 10
918.1355220344492
 20
254.7815236202354
 10
917.6528342654391
 20
253.9072110502906
  0
LWPOLYLINE
  5
44B
330
1F
100
AcDbEntity
  8
0
  6
Continuous
 62
     7
370
    25
100
AcDbPolyline
 90
       43
 70
   128
 43
0.0
 10
943.0541210664513
 20
256.2062577584169
 10
942.9490927241621
 20
252.8830013251472
 10
942.6363538569075
 20
249.5947200747555
 10
942.1228905341967
 20
246.4148687766551
 10
941.4201726781865
 20
243.4144800542994
 10
940.5438978445735
 20
240.6605776337523
 10
939.513640565141
 20
238.2146791444024
 10
938.3524150850606
 20
236.1314219167761
 10
937.0861612626912
 20
234.4573424748595
 10
935.7431651160048
 20
233.2298369870525
 10
934.353426959681
 20
232.4763258975603
 10
932.9479912476598
 20
232.2136413989828
 10
931.5582530913369
 20
232.4476514289456
 10
930.2152569446496
 20
233.1731285900687
 10
928.9490031222802
 20
234.3738669213871
 10
927.7877776422009
 20
236.0230439127408
 10
926.7575203627684
 20
238.0838196753252
 10
925.8812455291552
 20
240.5101598839337
 10
925.1785276731451
 20
243.2478641077118
 10
924.6650643504343
 20
246.2357765582216
 10
924.3523254831806
 20
249.4071522086946
 10
924.2472971408904
 20
252.6911477676396
 10
924.3523254831806
 20
256.0144042009099
 10
924.6650643504343
 20
259.3026854513013
 10
925.1785276731451
 20
262.4825367494017
 10
925.8812455291552
 20
265.4829254717576
 10
926.7575203627684
 20
268.2368278923047
 10
927.7877776422009
 20
270.6827263816544
 10
928.9490031222802
 20
272.7659836092807
 10
930.2152569446496
 20
274.4400630511972
 10
931.5582530913369
 20
275.6675685390043
 10
932.9479912476607
 20
276.4210796284962
 10
934.353426959681
 20
276.6837641270735
 10
935.7431651160048
 20
276.4497540971112
 10
937.0861612626921
 20
275.7242769359881
 10
938.3524150850616
 20
274.5235386046692
 10
939.513640565141
 20
272.874361613316
 10
940.5438978445744
 20
270.8135858507314
 10
941.4201726781865
 20
268.3872456421229
 10
942.1228905341967
 20
265.6495414183445
 10
942.6363538569075
 20
262.6616289678349
 10
942.9490927241621
 20
259.4902533173619
 10
943.0541210664513
 20
256.2062577584169
  0
LWPOLYLINE
  5
44C
330
1F
100
AcDbEntity
  8
0
  6
Continuous
 62
     7
370
    25
100
AcDbPolyline
 90
       13
 70
   128
 43
0.0
 10
934.6894886741873
 20
216.9327068724485
 10
935.0221274514058
 20
218.1326694755955
 10
935.1432328859617
 20
219.507295792632
 10
935.0341251655072
 20
220.8445576701962
 10
934.711633524428
 20
221.9381902034599
 10
934.2255004318511
 20
222.6195069038762
 10
933.6507091036709
 20
222.7834186137219
 10
933.0759177754906
 20
222.4046429004385
 10
932.5897846829137
 20
221.5416037255276
 10
932.2672930418356
 20
220.3274198866335
 10
932.15818532138
 20
218.9493722134705
 10
932.2792907559367
 20
217.6200165837792
 10
932.6119295331544
 20
216.5443984094147
  0
LWPOLYLINE
  5
44D
330
1F
100
AcDbEntity
  8
0
  6
Continuous
 62
     7
370
    25
100
AcDbPolyline
 90
       13
 70
   128
 43
0.0
 10
921.330064164127
 20
276.3244459620395
 10
921.5523737889997
 20
274.9261534452598
 10
921.9780419272446
 20
273.8477085493073
 10
922.5510051621885
 20
273.2311498721646
 10
923.1958003015122
 20
273.1576824252378
 10
923.8275033978542
 20
273.636982375755
 10
924.3629148158115
 20
274.6059226290999
 10
924.7315171952131
 20
275.9368871006374
 10
924.884763071668
 20
277.4545786303442
 10
924.8024689109795
 20
278.9591068224651
 10
924.4954734191868
 20
280.2523149831929
 10
924.0042100105537
 20
281.1638787178917
 10
923.39338144928
 20
281.573738823411
  0
LWPOLYLINE
  5
44E
330
1F
100
AcDbEntity
  8
0
  6
Continuous
 62
     7
370
    25
100
AcDbPolyline
 90
       13
 70
   128
 43
0.0
 10
932.6119295331544
 20
291.9646986536083
 10
932.2792907559367
 20
290.7647360504611
 10
932.15818532138
 20
289.3901097334248
 10
932.2672930418356
 20
288.0528478558603
 10
932.5897846829137
 20
286.9592153225971
 10
933.0759177754906
 20
286.2778986221806
 10
933.6507091036718
 20
286.1139869123346
 10
934.2255004318511
 20
286.492762625618
 10
934.711633524428
 20
287.3558018005292
 10
935.0341251655072
 20
288.5699856394232
 10
935.1432328859617
 20
289.9480333125861
 10
935.0221274514058
 20
291.2773889422778
 10
934.6894886741873
 20
292.3530071166419
  0
LWPOLYLINE
  5
44F
330
1F
100
AcDbEntity
  8
0
  6
Continuous
 62
     7
370
    25
100
AcDbPolyline
 90
       13
 70
   128
 43
0.0
 10
949.6485839419028
 20
259.8874116304266
 10
949.1658961728933
 20
260.5812896298145
 10
948.5923375340579
 20
260.7595574493952
 10
948.0163761258044
 20
260.3947183097743
 10
947.526850661813
 20
259.5430465366275
 10
947.1992676116377
 20
258.3359075716696
 10
947.0841547647859
 20
256.9594956135838
 10
947.1992676116377
 20
255.6261142405273
 10
947.526850661813
 20
254.5414298119694
 10
948.0163761258044
 20
253.8727486230945
 10
948.5923375340579
 20
253.7232108771026
 10
949.1658961728933
 20
254.1158819058218
 10
949.6485839419028
 20
254.9901944757662
  0
LWPOLYLINE
  5
450
330
1F
100
AcDbEntity
  8
0
  6
Continuous
 62
     7
370
    25
100
AcDbPolyline
 90
       15
 70
   128
 43
0.0
 10
888.886570014707
 20
287.7479795421791
 10
888.8804455599373
 20
287.7895126302864
 10
888.9329685266273
 20
289.1937012505159
 10
889.4681673034236
 20
290.6525149628887
 10
890.4592047888636
 20
292.0928027563927
 10
891.8563862252147
 20
293.4423425869422
 10
893.5896511011387
 20
294.6334628922463
 10
895.5720862782699
 20
295.6064359265119
 10
897.7042841789005
 20
296.3124727590193
 10
899.8793274970083
 20
296.7161697548335
 10
901.9881504784351
 20
296.797283860892
 10
903.9250079332131
 20
296.5517476772149
 10
905.5927777409477
 20
295.9918734133209
 10
906.9078309594797
 20
295.1457355026336
 10
907.6451293719772
 20
294.3145306454323
  0
LWPOLYLINE
  5
451
330
1F
100
AcDbEntity
  8
0
  6
Continuous
 62
     7
370
    25
100
AcDbPolyline
 90
        9
 70
   128
 43
0.0
 10
896.3851515601636
 20
286.1543296844665
 10
898.0964336103514
 20
286.2556017450883
 10
899.8451680614934
 20
286.683154675888
 10
901.4896828484832
 20
287.4023506811672
 10
902.8967491635839
 20
288.3549247778016
 10
903.952374862092
 20
289.4637050776582
 10
904.5710394279611
 20
290.6388647950125
 10
904.7026223374077
 20
291.7851994785091
 10
904.6010102966464
 20
292.2592796482235
  0
ARC
  5
452
330
1F
100
AcDbEntity
  8
0
  6
Continuous
 62
     7
370
    25
100
AcDbCircle
 10
895.9772840102722
 20
289.9741307858694
 30
0.0
 40
3.8415148564775
100
AcDbArc
 50
205.7228245225315
 51
276.0947882043547
  0
LWPOLYLINE
  5
453
330
1F
100
AcDbEntity
  8
0
  6
Continuous
 62
     7
370
    25
100
AcDbPolyline
 90
       23
 70
   128
 43
0.0
 10
895.8412061853659
 20
287.8174415199794
 10
894.3060144304517
 20
288.0506547895984
 10
893.0712850766584
 20
288.5994598373267
 10
892.2370485530127
 20
289.419395742067
 10
891.8708897412633
 20
290.444036173163
 10
892.002472650708
 20
291.5903708566597
 10
892.6211372165779
 20
292.765530574014
 10
893.6767629150853
 20
293.8743108738703
 10
895.0838292301867
 20
294.8268849705052
 10
896.7283440171767
 20
295.5460809757844
 10
898.4770784683187
 20
295.9736339065841
 10
900.1883605185057
 20
296.0749059672061
 10
901.7235522734198
 20
295.8416926975869
 10
902.958281627213
 20
295.2928876498587
 10
903.7925181508589
 20
294.4729517451187
 10
904.1586769626082
 20
293.4483113140222
 10
904.0270940531636
 20
292.3019766305255
 10
903.4084294872936
 20
291.1268169131708
 10
902.3528037887862
 20
290.0180366133147
 10
900.9457374736847
 20
289.0654625166803
 10
899.3012226866948
 20
288.3462665114011
 10
897.5524882355529
 20
287.9187135806014
 10
895.8412061853659
 20
287.8174415199794
  0
LWPOLYLINE
  5
454
330
1F
100
AcDbEntity
  8
0
  6
Continuous
 62
     7
370
    25
100
AcDbPolyline
 90
        8
 70
   128
 43
0.0
 10
934.7317761014481
 20
256.5444894283127
 10
934.6267477591599
 20
259.8284849872582
 10
934.3140088919053
 20
262.9998606377309
 10
933.8005455691945
 20
265.9877730882408
 10
933.0978277131842
 20
268.7254773120189
 10
932.2215528795712
 20
271.1518175206279
 10
931.1912956001377
 20
273.2125932832113
 10
930.2988753161306
 20
274.5319674269967
  0
LWPOLYLINE
  5
455
330
1F
100
AcDbEntity
  8
0
  6
Continuous
 62
     7
370
    25
100
AcDbPolyline
 90
       10
 70
   128
 43
0.0
 10
928.6801979262071
 20
234.7036697689559
 10
928.763816297689
 20
234.7955741447558
 10
930.0300701200583
 20
236.4696535866723
 10
931.1912956001387
 20
238.5529108142986
 10
932.2215528795712
 20
240.9988093036483
 10
933.0978277131842
 20
243.7527117241954
 10
933.8005455691945
 20
246.7531004465515
 10
934.3140088919053
 20
249.9329517446517
 10
934.6267477591599
 20
253.2212329950432
 10
934.7317761014481
 20
256.5444894283127
  0
ARC
  5
456
330
1F
100
AcDbEntity
  8
0
  6
Continuous
 62
     7
370
    25
100
AcDbCircle
 10
908.3990093606942
 20
242.1621333646585
 30
0.0
 40
35.38739628161971
100
AcDbArc
 50
258.3887126288865
 51
278.7280726316968
  0
LWPOLYLINE
  5
457
330
1F
100
AcDbEntity
  8
0
  6
Continuous
 62
     7
370
    25
100
AcDbPolyline
 90
       11
 70
   128
 43
0.0
 10
904.0878728003635
 20
206.9359798978739
 10
904.0880754392663
 20
206.9324903095541
 10
904.3772859939826
 20
206.8065350505571
 10
905.175454575823
 20
206.6985498568471
 10
906.3717761444676
 20
206.6235256764716
 10
907.8001724269006
 20
206.5918776742464
 10
909.2623475852905
 20
206.6079993558075
 10
910.555316459532
 20
206.669652643115
 10
911.4995838007478
 20
206.7682785736371
 10
911.9640625388701
 20
206.8901854906782
 10
911.9991148531161
 20
206.9359798978739
  0
SPLINE
  5
458
330
1F
100
AcDbEntity
  8
0
  6
Continuous
 62
     7
370
    25
100
AcDbSpline
210
0.0
220
0.0
230
1.0
 70
     8
 71
     3
 72
    12
 73
     8
 74
     0
 42
0.00000001
 43
0.0000000001
 40
0.0
 40
0.0
 40
0.0
 40
0.0
 40
0.2581492259785953
 40
0.4520413120605071
 40
0.6785534673282728
 40
0.861192236876961
 40
1.0
 40
1.0
 40
1.0
 40
1.0
 10
867.5802289200008
 20
209.7188543139143
 30
0.0
 10
867.8532123666844
 20
209.6031486401184
 30
0.0
 10
868.3312296644006
 20
209.4005381368444
 30
0.0
 10
869.0628087487892
 20
209.1819839997003
 30
0.0
 10
869.7251687763644
 20
209.0413798135571
 30
0.0
 10
870.3364925670774
 20
208.954594922429
 30
0.0
 10
870.700873144049
 20
208.9429066252116
 30
0.0
 10
870.8582207825319
 20
208.9378593584763
 30
0.0
  0
SPLINE
  5
459
330
1F
100
AcDbEntity
  8
0
  6
Continuous
 62
     7
370
    25
100
AcDbSpline
210
0.0
220
0.0
230
1.0
 70
     8
 71
     3
 72
    18
 73
    14
 74
     0
 42
0.00000001
 43
0.0000000001
 40
0.0
 40
0.0
 40
0.0
 40
0.0
 40
0.0621823779743242
 40
0.1182735559166519
 40
0.1682735248580065
 40
0.2121822909250389
 40
0.2499998825557096
 40
0.3719008165222667
 40
0.5000050657209251
 40
0.6271307842242877
 40
0.7500102083924422
 40
0.8558786334130955
 40
1.0
 40
1.0
 40
1.0
 40
1.0
 10
862.6693708895208
 20
213.6012695141985
 30
0.0
 10
862.7678409065101
 20
213.4897196231938
 30
0.0
 10
862.9551351117187
 20
213.2775469353521
 30
0.0
 10
863.2240516642131
 20
212.9884770708942
 30
0.0
 10
863.4649550995208
 20
212.7382208061378
 30
0.0
 10
863.6774145198859
 20
212.5248931188482
 30
0.0
 10
864.0064844741926
 20
212.2036123355262
 30
0.0
 10
864.4734159845928
 20
211.7731434375857
 30
0.0
 10
865.0901002173077
 20
211.2582823681552
 30
0.0
 10
865.7128396137004
 20
210.7926379427865
 30
0.0
 10
866.302544198157
 20
210.4026888468381
 30
0.0
 10
866.9210697967782
 20
210.0364755433076
 30
0.0
 10
867.339182931675
 20
209.8350043002451
 30
0.0
 10
867.5802289200008
 20
209.7188543139138
 30
0.0
  0
SPLINE
  5
45A
330
1F
100
AcDbEntity
  8
0
  6
Continuous
 62
     7
370
    25
100
AcDbSpline
210
0.0
220
0.0
230
1.0
 70
     8
 71
     3
 72
    26
 73
    22
 74
     0
 42
0.00000001
 43
0.0000000001
 40
0.0
 40
0.0
 40
0.0
 40
0.0
 40
0.0316376130834831
 40
0.060032729814151
 40
0.0851853491917585
 40
0.1070954811496351
 40
0.1257631525340922
 40
0.1884420066757244
 40
0.2508823447231238
 40
0.2961769308059228
 40
0.3752666908463685
 40
0.4499500411638946
 40
0.4998778358653463
 40
0.5606132245666992
 40
0.6246042822189421
 40
0.6961479264995023
 40
0.752578255770345
 40
0.8153587549445516
 40
0.8755831261390449
 40
0.9278268105345382
 40
1.0
 40
1.0
 40
1.0
 40
1.0
 10
855.2541065029071
 20
229.7083561731628
 30
0.0
 10
855.3074251834285
 20
229.4912306665469
 30
0.0
 10
855.4085979847203
 20
229.0792325540451
 30
0.0
 10
855.5579351896538
 20
228.5028653268409
 30
0.0
 10
855.6936392346578
 20
227.9971209089699
 30
0.0
 10
855.8148832321183
 20
227.5607099513085
 30
0.0
 10
856.0099041593593
 20
226.8806615670841
 30
0.0
 10
856.2948331146024
 20
225.9492756697381
 30
0.0
 10
856.6542665708528
 20
224.875255447424
 30
0.0
 10
857.0724358542019
 20
223.7269802398655
 30
0.0
 10
857.5383032178978
 20
222.5404695014753
 30
0.0
 10
858.0362413603232
 20
221.3754706773204
 30
0.0
 10
858.4999594569534
 20
220.3532000017069
 30
0.0
 10
858.9383940845944
 20
219.4224503194388
 30
0.0
 10
859.4379367598083
 20
218.4187103366864
 30
0.0
 10
859.9453022157284
 20
217.4823740506564
 30
0.0
 10
860.4673523390383
 20
216.5958121732341
 30
0.0
 10
860.9768819360796
 20
215.80058002201
 30
0.0
 10
861.4924059594768
 20
215.0649042235106
 30
0.0
 10
862.053110079735
 20
214.3260152847314
 30
0.0
 10
862.4431259439097
 20
213.8673420354941
 30
0.0
 10
862.6693708895208
 20
213.6012695141985
 30
0.0
  0
SPLINE
  5
45B
330
1F
100
AcDbEntity
  8
0
  6
Continuous
 62
     7
370
    25
100
AcDbSpline
210
0.0
220
0.0
230
1.0
 70
     8
 71
     3
 72
    18
 73
    14
 74
     0
 42
0.00000001
 43
0.0000000001
 40
0.0
 40
0.0
 40
0.0
 40
0.0
 40
0.062183634115013
 40
0.1182754309591812
 40
0.1682753873304013
 40
0.212183517417315
 40
0.249999861508901
 40
0.3719214644682263
 40
0.500005044820928
 40
0.6271524485214436
 40
0.7500101788888313
 40
0.8558807499847842
 40
1.0
 40
1.0
 40
1.0
 40
1.0
 10
853.2255630783
 20
240.8734585450517
 30
0.0
 10
853.257375706439
 20
240.6281996139896
 30
0.0
 10
853.3178844296234
 20
240.1617086122842
 30
0.0
 10
853.4091531413103
 20
239.5028749695265
 30
0.0
 10
853.4932986453211
 20
238.9185480231049
 30
0.0
 10
853.5694838058578
 20
238.40802830671
 30
0.0
 10
853.6897070618332
 20
237.6223179857395
 30
0.0
 10
853.866462961764
 20
236.5218490004017
 30
0.0
 10
854.1139358137806
 20
235.1020314135616
 30
0.0
 10
854.3780618044264
 20
233.702779254294
 30
0.0
 10
854.6416246578409
 20
232.4100940571695
 30
0.0
 10
854.9283376687434
 20
231.0780130228299
 30
0.0
 10
855.1349781612943
 20
230.209217311396
 30
0.0
 10
855.2541065029071
 20
229.7083561731628
 30
0.0
  0
SPLINE
  5
45C
330
1F
100
AcDbEntity
  8
0
  6
Continuous
 62
     7
370
    25
100
AcDbSpline
210
0.0
220
0.0
230
1.0
 70
     8
 71
     3
 72
    17
 73
    13
 74
     0
 42
0.00000001
 43
0.0000000001
 40
0.0
 40
0.0
 40
0.0
 40
0.0
 40
0.0574800538878068
 40
0.1180164816115577
 40
0.1572470849258889
 40
0.2421941661620903
 40
0.3802830495303142
 40
0.4893711688291581
 40
0.6116339918714698
 40
0.7292664457320264
 40
0.8399066921915721
 40
1.0
 40
1.0
 40
1.0
 40
1.0
 10
852.5341438219619
 20
253.126272096855
 30
0.0
 10
852.5343094391745
 20
252.8863947656668
 30
0.0
 10
852.5346494799258
 20
252.3938851605012
 30
0.0
 10
852.5380791874866
 20
251.7389295244261
 30
0.0
 10
852.5431193204003
 20
250.9707672907548
 30
0.0
 10
852.557545388341
 20
249.8822576177099
 30
0.0
 10
852.5937520513688
 20
248.5094337037716
 30
0.0
 10
852.6594234152652
 20
246.9911622458302
 30
0.0
 10
852.7466695469119
 20
245.5656329229691
 30
0.0
 10
852.8605177465987
 20
244.144767629808
 30
0.0
 10
853.0149637866633
 20
242.5819113405564
 30
0.0
 10
853.1473053367616
 20
241.5083118546822
 30
0.0
 10
853.2255630783
 20
240.8734585450517
 30
0.0
  0
SPLINE
  5
45D
330
1F
100
AcDbEntity
  8
0
  6
Continuous
 62
     7
370
    25
100
AcDbSpline
210
0.0
220
0.0
230
1.0
 70
     8
 71
     3
 72
    19
 73
    15
 74
     0
 42
0.00000001
 43
0.0000000001
 40
0.0
 40
0.0
 40
0.0
 40
0.0
 40
0.060348896452551
 40
0.1153808504370106
 40
0.1650958987016365
 40
0.2094941033079473
 40
0.2485755640090433
 40
0.3731974155640747
 40
0.4987306795022573
 40
0.6049336170487083
 40
0.7505153174324799
 40
0.8527089388262131
 40
0.9358704102138107
 40
1.0
 40
1.0
 40
1.0
 40
1.0
 10
853.2240079613064
 20
265.6236377211043
 30
0.0
 10
853.1934034375643
 20
265.3753265757115
 30
0.0
 10
853.1348907524279
 20
264.9005813390535
 30
0.0
 10
853.05736087106
 20
264.2189828043854
 30
0.0
 10
852.9911952369864
 20
263.6020304922972
 30
0.0
 10
852.9357140886258
 20
263.0500408563366
 30
0.0
 10
852.8544606747445
 20
262.1863515064301
 30
0.0
 10
852.7571588969129
 20
260.9825644561633
 30
0.0
 10
852.6656101440792
 20
259.4949749545939
 30
0.0
 10
852.5974466427223
 20
257.9171469042441
 30
0.0
 10
852.5579152061153
 20
256.4355027708779
 30
0.0
 10
852.5397918762291
 20
255.0510742737767
 30
0.0
 10
852.5342463856485
 20
254.0083592752998
 30
0.0
 10
852.534174932296
 20
253.3938329460554
 30
0.0
 10
852.5341438219619
 20
253.126272096855
 30
0.0
  0
SPLINE
  5
45E
330
1F
100
AcDbEntity
  8
0
  6
Continuous
 62
     7
370
    25
100
AcDbSpline
210
0.0
220
0.0
230
1.0
 70
     8
 71
     3
 72
    18
 73
    14
 74
     0
 42
0.00000001
 43
0.0000000001
 40
0.0
 40
0.0
 40
0.0
 40
0.0
 40
0.0621865709523498
 40
0.1182798165130477
 40
0.1682797454679965
 40
0.2121863890832205
 40
0.2499998130846548
 40
0.3719697847870665
 40
0.500005083997975
 40
0.6272032768648628
 40
0.750010290183366
 40
0.855885810734272
 40
1.0
 40
1.0
 40
1.0
 40
1.0
 10
855.257271285688
 20
277.5745235025174
 30
0.0
 10
855.205768749184
 20
277.3381222374323
 30
0.0
 10
855.1078101308766
 20
276.8884833872844
 30
0.0
 10
854.9730185796542
 20
276.2429002174026
 30
0.0
 10
854.8553366050882
 20
275.6642370100859
 30
0.0
 10
854.7540106462564
 20
275.1533841066175
 30
0.0
 10
854.5993453312192
 20
274.3600031291459
 30
0.0
 10
854.3865365315122
 20
273.2295980289436
 30
0.0
 10
854.1222019642171
 20
271.7306683774168
 30
0.0
 10
853.8725768948824
 20
270.2122681982573
 30
0.0
 10
853.6524355354202
 20
268.7693481801904
 30
0.0
 10
853.4322684768056
 20
267.2473402698447
 30
0.0
 10
853.3001637552914
 20
266.2173861640028
 30
0.0
 10
853.2240079613064
 20
265.6236377211043
 30
0.0
  0
SPLINE
  5
45F
330
1F
100
AcDbEntity
  8
0
  6
Continuous
 62
     7
370
    25
100
AcDbSpline
210
0.0
220
0.0
230
1.0
 70
     8
 71
     3
 72
    17
 73
    13
 74
     0
 42
0.00000001
 43
0.0000000001
 40
0.0
 40
0.0
 40
0.0
 40
0.0
 40
0.045569491095103
 40
0.1026139892592286
 40
0.171133869552421
 40
0.2511292645919881
 40
0.3940088240792
 40
0.5013285136891648
 40
0.6257400614111584
 40
0.7503840369823023
 40
0.8568320958691918
 40
1.0
 40
1.0
 40
1.0
 40
1.0
 10
858.4795389659028
 20
288.0720304363653
 30
0.0
 10
858.4224146607082
 20
287.9265869842674
 30
0.0
 10
858.2937813865864
 20
287.5990754744238
 30
0.0
 10
858.0795540427423
 20
287.0453846055283
 30
0.0
 10
857.8249771550989
 20
286.3720346627644
 30
0.0
 10
857.4692002928212
 20
285.4028876981701
 30
0.0
 10
857.0790893731016
 20
284.2806173050807
 30
0.0
 10
856.6581945670785
 20
282.9780996213685
 30
0.0
 10
856.2817741055095
 20
281.7140950363313
 30
0.0
 10
855.931751176099
 20
280.4274277009671
 30
0.0
 10
855.5879485453258
 20
279.0510595828172
 30
0.0
 10
855.3778016184368
 20
278.112714079245
 30
0.0
 10
855.257271285688
 20
277.5745235025174
 30
0.0
  0
SPLINE
  5
460
330
1F
100
AcDbEntity
  8
0
  6
Continuous
 62
     7
370
    25
100
AcDbSpline
210
0.0
220
0.0
230
1.0
 70
     8
 71
     3
 72
    19
 73
    15
 74
     0
 42
0.00000001
 43
0.0000000001
 40
0.0
 40
0.0
 40
0.0
 40
0.0
 40
0.0608371750096486
 40
0.1162502385164613
 40
0.166239238542748
 40
0.2108042535344913
 40
0.2499454077148589
 40
0.3738875920160398
 40
0.4987743680647853
 40
0.6046394934733793
 40
0.7482386982129773
 40
0.8519358857341556
 40
0.9358561810585815
 40
1.0
 40
1.0
 40
1.0
 40
1.0
 10
862.677766187684
 20
296.453029389698
 30
0.0
 10
862.5809509059708
 20
296.3078974965664
 30
0.0
 10
862.3959521845581
 20
296.0305733573341
 30
0.0
 10
862.1351219059604
 20
295.6229085687618
 30
0.0
 10
861.9022943972067
 20
295.2487094843247
 30
0.0
 10
861.6971171885479
 20
294.9094276836822
 30
0.0
 10
861.3822964218096
 20
294.3749261342814
 30
0.0
 10
860.9570854982765
 20
293.6131884755154
 30
0.0
 10
860.4540486121766
 20
292.6377088331223
 30
0.0
 10
859.9449101270463
 20
291.5727128905977
 30
0.0
 10
859.4819556324527
 20
290.5330134055211
 30
0.0
 10
859.0601396690653
 20
289.5263639714016
 30
0.0
 10
858.7443248268735
 20
288.744682196313
 30
0.0
 10
858.5595754474224
 20
288.2753520184032
 30
0.0
 10
858.4795389659028
 20
288.0720304363653
 30
0.0
  0
SPLINE
  5
461
330
1F
100
AcDbEntity
  8
0
  6
Continuous
 62
     7
370
    25
100
AcDbSpline
210
0.0
220
0.0
230
1.0
 70
     8
 71
     3
 72
    18
 73
    14
 74
     0
 42
0.00000001
 43
0.0000000001
 40
0.0
 40
0.0
 40
0.0
 40
0.0
 40
0.0622031650062926
 40
0.1183046980376776
 40
0.1683046132395841
 40
0.2122029495587254
 40
0.2499997842330847
 40
0.3722483047025547
 40
0.5000050739497313
 40
0.6274932377570252
 40
0.7500103383334638
 40
0.8559145317054158
 40
1.0
 40
1.0
 40
1.0
 40
1.0
 10
867.5865140238082
 20
302.1633146596759
 30
0.0
 10
867.4834966791948
 20
302.0747616745907
 30
0.0
 10
867.2875671658683
 20
301.90634204257
 30
0.0
 10
867.0097936850897
 20
301.6535677781082
 30
0.0
 10
866.7626461537965
 20
301.4207934296844
 30
0.0
 10
866.5459050418311
 20
301.2099838431558
 30
0.0
 10
866.2099567750555
 20
300.8751625414965
 30
0.0
 10
865.7351652762407
 20
300.3794541760735
 30
0.0
 10
865.1142259321712
 20
299.6823367326235
 30
0.0
 10
864.4955330194916
 20
298.9378378996343
 30
0.0
 10
863.9159593457652
 20
298.1929049759366
 30
0.0
 10
863.3096670767226
 20
297.376248014802
 30
0.0
 10
862.9088077546102
 20
296.7905852967391
 30
0.0
 10
862.677766187684
 20
296.453029389698
 30
0.0
  0
SPLINE
  5
462
330
1F
100
AcDbEntity
  8
0
  6
Continuous
 62
     7
370
    25
100
AcDbSpline
210
0.0
220
0.0
230
1.0
 70
     8
 71
     3
 72
    17
 73
    13
 74
     0
 42
0.00000001
 43
0.0000000001
 40
0.0
 40
0.0
 40
0.0
 40
0.0
 40
0.0456289048369472
 40
0.1023302791205525
 40
0.170104566654109
 40
0.2489519510718793
 40
0.394211032952383
 40
0.5018235743302521
 40
0.6266453670072495
 40
0.751650191594785
 40
0.8577371457277864
 40
1.0
 40
1.0
 40
1.0
 40
1.0
 10
872.832358397175
 20
304.7699314030742
 30
0.0
 10
872.7513202496101
 20
304.7541833382838
 30
0.0
 10
872.5695789544941
 20
304.7188657282879
 30
0.0
 10
872.2640815380163
 20
304.6485544819483
 30
0.0
 10
871.8976494162824
 20
304.5516204209452
 30
0.0
 10
871.3695110553443
 20
304.3890291121647
 30
0.0
 10
870.7706076837457
 20
304.1641309271972
 30
0.0
 10
870.095961484405
 20
303.856413896811
 30
0.0
 10
869.4695555597654
 20
303.5206240995639
 30
0.0
 10
868.8583787821571
 20
303.1377917046611
 30
0.0
 10
868.2308508277282
 20
302.6937802368361
 30
0.0
 10
867.8211843291945
 20
302.3565125621266
 30
0.0
 10
867.5865140238082
 20
302.1633146596759
 30
0.0
  0
SPLINE
  5
463
330
1F
100
AcDbEntity
  8
0
  6
Continuous
 62
     7
370
    25
100
AcDbSpline
210
0.0
220
0.0
230
1.0
 70
     8
 71
     3
 72
    10
 73
     6
 74
     0
 42
0.00000001
 43
0.0000000001
 40
0.0
 40
0.0
 40
0.0
 40
0.0
 40
0.0639593949805947
 40
0.6220747323132593
 40
1.0
 40
1.0
 40
1.0
 40
1.0
 10
874.7472739281546
 20
304.9096058112267
 30
0.0
 10
874.70656396743
 20
304.9128919535105
 30
0.0
 10
874.3106152889275
 20
304.9448532639976
 30
0.0
 10
873.6803515395193
 20
304.9048243806898
 30
0.0
 10
873.0762597358433
 20
304.8087295680293
 30
0.0
 10
872.832358397175
 20
304.7699314030742
 30
0.0
  0
LWPOLYLINE
  5
464
330
1F
100
AcDbEntity
  8
0
  6
Continuous
 62
     7
370
    25
100
AcDbPolyline
 90
       18
 70
   128
 43
0.0
 10
894.5705469123986
 20
208.0575849488937
 10
894.1202452700471
 20
207.9950056574468
 10
890.2339145527502
 20
209.285278111801
 10
886.5891640641446
 20
212.3691469626928
 10
883.3260595215078
 20
217.1281008596363
 10
880.570000202444
 20
223.3792558732243
 10
878.4268999209697
 20
230.8823836219726
 10
876.9791168190366
 20
239.3491431142988
 10
876.2822883893248
 20
248.4541615311277
 10
876.3631933576052
 20
257.847538120852
 10
877.2187225913148
 20
267.1682906889955
 10
878.8159985817909
 20
276.0582279415029
 10
881.0936389084835
 20
284.1757145752944
 10
883.9641151309496
 20
291.2088001313732
 10
887.3171164577442
 20
296.8872070760173
 10
891.0237889282633
 20
300.9927174148328
 10
894.9416871981892
 20
303.3675586878985
 10
894.9416871981892
 20
303.3675586878985
  0
LINE
  5
465
330
1F
100
AcDbEntity
  8
0
  6
Continuous
 62
     7
370
    25
100
AcDbLine
 10
894.9416871981892
 20
303.3675586878985
 30
0.0
 11
898.4699469918423
 21
303.8578877854608
 31
0.0
  0
SPLINE
  5
466
330
1F
100
AcDbEntity
  8
0
  6
Continuous
 62
     7
370
    25
100
AcDbSpline
210
0.0
220
0.0
230
1.0
 70
     8
 71
     3
 72
    28
 73
    24
 74
     0
 42
0.00000001
 43
0.0000000001
 40
0.0
 40
0.0
 40
0.0
 40
0.0
 40
0.0192915207164547
 40
0.0548697235258701
 40
0.090632719350315
 40
0.1261761477056618
 40
0.1619736488822663
 40
0.1975062465830817
 40
0.2333207975031521
 40
0.3045828355750467
 40
0.3758633768774148
 40
0.4471349366978419
 40
0.518421143749263
 40
0.5897073462211285
 40
0.6609789124139269
 40
0.7322594538522387
 40
0.8035214967045545
 40
0.8393358980186757
 40
0.8748686472386765
 40
0.9106659904330744
 40
0.9462095772621163
 40
0.9819724055283405
 40
1.0
 40
1.0
 40
1.0
 40
1.0
 10
788.299414171798
 20
212.4123311597543
 30
0.0
 10
787.8841046954111
 20
212.4660365911934
 30
0.0
 10
786.7028646842208
 20
212.618787751571
 30
0.0
 10
784.6014097770074
 20
213.41934914232
 30
0.0
 10
782.0484166631139
 20
214.7579769173219
 30
0.0
 10
779.4136139324317
 20
216.5808453074516
 30
0.0
 10
776.7463569731115
 20
218.8270432656119
 30
0.0
 10
774.0609889408414
 20
221.4767634142542
 30
0.0
 10
770.509785254564
 20
225.4875619389972
 30
0.0
 10
766.1646442092777
 20
231.327680529037
 30
0.0
 10
761.3047859657962
 20
239.3225624401541
 30
0.0
 10
756.9371259757526
 20
248.0221757509693
 30
0.0
 10
753.1843177266663
 20
257.136156144531
 30
0.0
 10
750.1608071188765
 20
266.3864600094727
 30
0.0
 10
747.9588920432278
 20
275.4908501077302
 30
0.0
 10
746.6721336053941
 20
284.1536854488713
 30
0.0
 10
746.424851209338
 20
290.7594347953877
 30
0.0
 10
746.7485748617217
 20
295.4951272403397
 30
0.0
 10
747.2589813453513
 20
298.7402858881805
 30
0.0
 10
748.02811062457
 20
301.6359052799491
 30
0.0
 10
749.0764718556436
 20
304.120732075667
 30
0.0
 10
750.1249236593666
 20
305.917148719398
 30
0.0
 10
750.9153727553056
 20
306.6962649890738
 30
0.0
 10
751.1802878652223
 20
306.9573819582494
 30
0.0
  0
SPLINE
  5
467
330
1F
100
AcDbEntity
  8
0
  6
Continuous
 62
     7
370
    25
100
AcDbSpline
210
0.0
220
0.0
230
1.0
 70
     8
 71
     3
 72
    25
 73
    21
 74
     0
 42
0.00000001
 43
0.0000000001
 40
0.0
 40
0.0
 40
0.0
 40
0.0
 40
0.0526402258669408
 40
0.1083335153102928
 40
0.1664309458307081
 40
0.219544681351937
 40
0.2749594841325704
 40
0.3327236081850796
 40
0.4164240657367168
 40
0.499619070575028
 40
0.5824262327148335
 40
0.6652558576847155
 40
0.711150451326025
 40
0.7485176455335957
 40
0.7938698368183871
 40
0.832232326622598
 40
0.8739282752737008
 40
0.9158974432245091
 40
0.9579254857582546
 40
1.0
 40
1.0
 40
1.0
 40
1.0
 10
751.1817287644097
 20
303.4076051342176
 30
0.0
 10
751.200969893859
 20
302.8750652749956
 30
0.0
 10
751.240568112852
 20
301.779098948061
 30
0.0
 10
751.5706919896492
 20
299.9135110244292
 30
0.0
 10
752.0896721671923
 20
297.9313433668066
 30
0.0
 10
752.7969500849438
 20
295.8474787807135
 30
0.0
 10
753.6691527025685
 20
293.6847506110238
 30
0.0
 10
754.893874486085
 20
291.0358919945988
 30
0.0
 10
756.5450301445142
 20
287.9091635574152
 30
0.0
 10
758.6859080375778
 20
284.3485407766122
 30
0.0
 10
761.1051840066364
 20
280.7565070200621
 30
0.0
 10
763.3979843584519
 20
277.7007661589536
 30
0.0
 10
765.3512213236398
 20
275.3370178856544
 30
0.0
 10
766.9459351250806
 20
273.537257104349
 30
0.0
 10
768.5355732818951
 20
271.892759765943
 30
0.0
 10
770.2896247206844
 20
270.2732105968634
 30
0.0
 10
772.1224369963218
 20
268.8228785447836
 30
0.0
 10
774.1825296085433
 20
267.5773486611051
 30
0.0
 10
776.4626983902325
 20
266.6951338156622
 30
0.0
 10
778.0961985283173
 20
266.6753294375903
 30
0.0
 10
778.9133999007698
 20
266.665421777001
 30
0.0
  0
SPLINE
  5
468
330
1F
100
AcDbEntity
  8
0
  6
Continuous
 62
     7
370
    25
100
AcDbSpline
210
0.0
220
0.0
230
1.0
 70
     8
 71
     3
 72
    43
 73
    39
 74
     0
 42
0.00000001
 43
0.0000000001
 40
0.0
 40
0.0
 40
0.0
 40
0.0
 40
0.0042917268082126
 40
0.0086412421637679
 40
0.0130531600700935
 40
0.017531901673185
 40
0.0220816933204205
 40
0.0267065665792182
 40
0.031410359967083
 40
0.0464329141293776
 40
0.0627043811478617
 40
0.0914893548968249
 40
0.125451048435457
 40
0.1542308974880028
 40
0.1881894586066717
 40
0.2157307848443713
 40
0.2505815791991665
 40
0.2816318465470362
 40
0.3126351995497441
 40
0.374640156696073
 40
0.4409420720992559
 40
0.4996111917922674
 40
0.5637609623832807
 40
0.6240551765901376
 40
0.6886445572397767
 40
0.7493326190755678
 40
0.7816224257943242
 40
0.8132445725395211
 40
0.8442577594089344
 40
0.8747242065943359
 40
0.8906937807881757
 40
0.9065540384965624
 40
0.9223151141296344
 40
0.9379873345067068
 40
0.9535812029779076
 40
0.9691073819073036
 40
0.984576673627316
 40
0.9999999999999998
 40
0.9999999999999998
 40
0.9999999999999998
 40
0.9999999999999998
 10
778.9133999007698
 20
266.6654217770664
 30
0.0
 10
779.0246836340028
 20
266.6746061466046
 30
0.0
 10
779.2487495474996
 20
266.6930985541703
 30
0.0
 10
779.5868895298398
 20
266.7370306421598
 30
0.0
 10
779.9291946245138
 20
266.7929605473723
 30
0.0
 10
780.2756779352111
 20
266.8620901801459
 30
0.0
 10
780.6263466449071
 20
266.9440984946309
 30
0.0
 10
780.9812148811769
 20
267.039076678699
 30
0.0
 10
781.6006555148541
 20
267.225304994761
 30
0.0
 10
782.5058147492708
 20
267.558032628194
 30
0.0
 10
783.9864351380537
 20
268.2295147522477
 30
0.0
 10
785.8809898628168
 20
269.2830414028944
 30
0.0
 10
788.0185685622008
 20
270.6609968980533
 30
0.0
 10
790.2377959295116
 20
272.2215438613402
 30
0.0
 10
792.291690168371
 20
273.7375692713683
 30
0.0
 10
794.4718242334055
 20
275.3975869750411
 30
0.0
 10
796.5836764891508
 20
277.0315437113354
 30
0.0
 10
798.7734822569462
 20
278.7420368784842
 30
0.0
 10
801.579537516798
 20
280.9404191469868
 30
0.0
 10
805.1892568074171
 20
283.7676236952875
 30
0.0
 10
809.4374531111306
 20
287.0429911569649
 30
0.0
 10
813.7273507548714
 20
290.2806164496659
 30
0.0
 10
817.8666464119677
 20
293.2954818399148
 30
0.0
 10
822.0853992368056
 20
296.2476827248908
 30
0.0
 10
826.1354053547128
 20
298.9416241097444
 30
0.0
 10
829.4496281144692
 20
301.0044542049704
 30
0.0
 10
831.9632802534997
 20
302.4659348866837
 30
0.0
 10
833.8119463238953
 20
303.4824717316955
 30
0.0
 10
835.549967625522
 20
304.3779171475889
 30
0.0
 10
836.9254702184152
 20
305.0330171430443
 30
0.0
 10
837.9832083893841
 20
305.5014721693368
 30
0.0
 10
838.7644365763925
 20
305.8281379995373
 30
0.0
 10
839.5128394676566
 20
306.1209536354835
 30
0.0
 10
840.2279891592169
 20
306.3797949337354
 30
0.0
 10
840.9097588278644
 20
306.6047919863835
 30
0.0
 10
841.5570090817972
 20
306.7950109958746
 30
0.0
 10
842.172519094576
 20
306.9534962356083
 30
0.0
 10
842.5544256924267
 20
307.0302689755553
 30
0.0
 10
842.7450948705736
 20
307.0685982301745
 30
0.0
  0
SPLINE
  5
469
330
1F
100
AcDbEntity
  8
0
  6
Continuous
 62
     7
370
    25
100
AcDbSpline
210
0.0
220
0.0
230
1.0
 70
     8
 71
     3
 72
     8
 73
     4
 74
     0
 42
0.00000001
 43
0.0000000001
 40
0.0
 40
0.0
 40
0.0
 40
0.0
 40
1.0
 40
1.0
 40
1.0
 40
1.0
 10
872.8323583973287
 20
304.7699314061869
 30
0.0
 10
862.7984541027215
 20
305.6602065881138
 30
0.0
 10
852.7703615976578
 20
306.4263891302721
 30
0.0
 10
842.7450948705736
 20
307.0685982300983
 30
0.0
  0
SPLINE
  5
46A
330
1F
100
AcDbEntity
  8
0
  6
Continuous
 62
     7
370
    25
100
AcDbSpline
210
0.0
220
0.0
230
1.0
 70
     8
 71
     3
 72
     9
 73
     5
 74
     0
 42
0.00000001
 43
0.0000000001
 40
0.0
 40
0.0
 40
0.0
 40
0.0
 40
0.7916409025228049
 40
1.0
 40
1.0
 40
1.0
 40
1.0
 10
842.7450948705736
 20
307.0685982301074
 30
0.0
 10
843.4810337981842
 20
307.1888403209261
 30
0.0
 10
844.410671118926
 20
307.340730010349
 30
0.0
 10
844.9756954480962
 20
307.1537220091088
 30
0.0
 10
845.0934234073747
 20
307.1147571907494
 30
0.0
  0
SPLINE
  5
46B
330
1F
100
AcDbEntity
  8
0
  6
Continuous
 62
     7
370
    25
100
AcDbSpline
210
0.0
220
0.0
230
1.0
 70
     8
 71
     3
 72
    13
 73
     9
 74
     0
 42
0.00000001
 43
0.0000000001
 40
0.0
 40
0.0
 40
0.0
 40
0.0
 40
0.1730676733667647
 40
0.346135346733518
 40
0.5192030201002708
 40
0.6922706934670252
 40
0.8653383668337799
 40
1.0
 40
1.0
 40
1.0
 40
1.0
 10
778.9133999007698
 20
314.5232155796561
 30
0.0
 10
776.1395760846298
 20
314.6531294437304
 30
0.0
 10
770.5919284523514
 20
314.9129571718797
 30
0.0
 10
763.5832299935981
 20
315.4725997276118
 30
0.0
 10
757.8723013668585
 20
316.1310717332607
 30
0.0
 10
753.8230008834797
 20
316.876449021119
 30
0.0
 10
751.4845200319995
 20
317.616976458325
 30
0.0
 10
751.3839317547043
 20
318.1046550747876
 30
0.0
 10
751.3399145570873
 20
318.3180621099932
 30
0.0
  0
SPLINE
  5
46C
330
1F
100
AcDbEntity
  8
0
  6
Continuous
 62
     7
370
    25
100
AcDbSpline
210
0.0
220
0.0
230
1.0
 70
     8
 71
     3
 72
    18
 73
    14
 74
     0
 42
0.00000001
 43
0.0000000001
 40
0.0
 40
0.0
 40
0.0
 40
0.0
 40
0.0217095778487206
 40
0.119538620063848
 40
0.2173676622789773
 40
0.3151967044941059
 40
0.4130257467092339
 40
0.5108547889243624
 40
0.60868383113949
 40
0.7065128733546187
 40
0.8043419155697471
 40
0.9021709577848755
 40
1.0
 40
1.0
 40
1.0
 40
1.0
 10
847.0857432424871
 20
318.3165429977998
 30
0.0
 10
847.1347313825344
 20
318.2559258943342
 30
0.0
 10
847.4044729086761
 20
317.9221522506895
 30
0.0
 10
846.0726451332847
 20
317.3155810229245
 30
0.0
 10
843.0516973191268
 20
316.5367617261872
 30
0.0
 10
838.191134813629
 20
315.8259165251329
 30
0.0
 10
831.8742381045666
 20
315.2109481820193
 30
0.0
 10
824.2907723859206
 20
314.7152692249769
 30
0.0
 10
815.7476326118501
 20
314.3582243801865
 30
0.0
 10
806.5642499790245
 20
314.1525707938508
 30
0.0
 10
797.1135776076743
 20
314.1097711039183
 30
0.0
 10
787.6875129078279
 20
314.2181960215884
 30
0.0
 10
781.8381042364562
 20
314.4215423936332
 30
0.0
 10
778.9133999007698
 20
314.5232155796561
 30
0.0
  0
SPLINE
  5
46D
330
1F
100
AcDbEntity
  8
0
  6
Continuous
 62
     7
370
    25
100
AcDbSpline
210
0.0
220
0.0
230
1.0
 70
     8
 71
     3
 72
    29
 73
    25
 74
     0
 42
0.00000001
 43
0.0000000001
 40
0.0
 40
0.0
 40
0.0
 40
0.0
 40
0.0282833548398068
 40
0.0628941757413788
 40
0.0976876938690786
 40
0.1324381121903919
 40
0.1674411616233594
 40
0.2019106293484175
 40
0.23665621102746
 40
0.2830021336598727
 40
0.3293820487833084
 40
0.3755959790845819
 40
0.4452709716183038
 40
0.5145385100352913
 40
0.5842171373357007
 40
0.6536515002898938
 40
0.7232547245272852
 40
0.7929342796922992
 40
0.8278238956055428
 40
0.8624468978662036
 40
0.8974697344486399
 40
0.9322498226812021
 40
0.9671894534423813
 40
1.0
 40
1.0
 40
1.0
 40
1.0
 10
788.1915636741613
 20
212.3843845514004
 30
0.0
 10
787.5690147279827
 20
212.4611231398869
 30
0.0
 10
786.1846420801701
 20
212.631768040316
 30
0.0
 10
783.8707268460947
 20
213.4955222416499
 30
0.0
 10
781.3199547145967
 20
214.8440753340887
 30
0.0
 10
778.685966438761
 20
216.6690709554834
 30
0.0
 10
776.0215902582512
 20
218.9183275580364
 30
0.0
 10
773.3467987123584
 20
221.5616564222011
 30
0.0
 10
770.3994807895104
 20
224.8930696804381
 30
0.0
 10
767.205916894425
 20
229.030316032456
 30
0.0
 10
763.8533167879285
 20
234.0273514429297
 30
0.0
 10
760.1430122999171
 20
240.3261025755254
 30
0.0
 10
756.2679254217973
 20
248.0424076602434
 30
0.0
 10
752.5176393830596
 20
257.1465677444775
 30
0.0
 10
749.4975190343264
 20
266.3784494311873
 30
0.0
 10
747.293895461047
 20
275.4797839538468
 30
0.0
 10
746.0040229858367
 20
284.142307909135
 30
0.0
 10
745.7546456435864
 20
290.750782910225
 30
0.0
 10
746.0770850410717
 20
295.4856352756173
 30
0.0
 10
746.5852382301472
 20
298.7306840992569
 30
0.0
 10
747.3551361480757
 20
301.6271527516055
 30
0.0
 10
748.3988764268023
 20
304.1275570538625
 30
0.0
 10
749.6522956069519
 20
306.1990752934973
 30
0.0
 10
750.6817407267662
 20
307.1853273687852
 30
0.0
 10
751.1802878652223
 20
307.6629566668093
 30
0.0
  0
SPLINE
  5
46E
330
1F
100
AcDbEntity
  8
0
  6
Continuous
 62
     7
370
    25
100
AcDbSpline
210
0.0
220
0.0
230
1.0
 70
     8
 71
     3
 72
    23
 73
    19
 74
     0
 42
0.00000001
 43
0.0000000001
 40
0.0
 40
0.0
 40
0.0
 40
0.0
 40
0.0661066707389664
 40
0.1322133414779324
 40
0.1983200122168993
 40
0.2644266829558657
 40
0.330533353694832
 40
0.3966400244337989
 40
0.4627466951727652
 40
0.5288533659117317
 40
0.5949600366506976
 40
0.6610667073896645
 40
0.7271733781286315
 40
0.7932800488675978
 40
0.8593867196065646
 40
0.9254933903455309
 40
0.9916000610844974
 40
1.0
 40
1.0
 40
1.0
 40
1.0
 10
734.5984071852498
 20
289.3235525591681
 30
0.0
 10
734.0463244122237
 20
287.4726935175331
 30
0.0
 10
732.9421588661715
 20
283.7709754342626
 30
0.0
 10
731.7022250650897
 20
277.6676265796254
 30
0.0
 10
730.8003409252886
 20
271.3111577101922
 30
0.0
 10
730.2818753879509
 20
264.7798080154538
 30
0.0
 10
730.1496990918539
 20
258.21540525012
 30
0.0
 10
730.408402429204
 20
251.7443220988641
 30
0.0
 10
731.0523407509025
 20
245.4953891435011
 30
0.0
 10
732.0689273323404
 20
239.591942597101
 30
0.0
 10
733.4380207541752
 20
234.1505961616005
 30
0.0
 10
735.1325875195133
 20
229.2795004158719
 30
0.0
 10
737.1190402123282
 20
225.0727354913933
 30
0.0
 10
739.3584221839299
 20
221.6217633769976
 30
0.0
 10
741.8052912544671
 20
218.9638401495697
 30
0.0
 10
744.4156431957934
 20
217.2670856941115
 30
0.0
 10
746.3342035586964
 20
216.463500545183
 30
0.0
 10
747.3725806356987
 20
216.5025287149433
 30
0.0
 10
747.4896481557297
 20
216.5069287841918
 30
0.0
  0
SPLINE
  5
46F
330
1F
100
AcDbEntity
  8
0
  6
Continuous
 62
     7
370
    25
100
AcDbSpline
210
0.0
220
0.0
230
1.0
 70
     8
 71
     3
 72
    31
 73
    27
 74
     0
 42
0.00000001
 43
0.0000000001
 40
0.0
 40
0.0
 40
0.0
 40
0.0
 40
0.0199774815355047
 40
0.0401183790650716
 40
0.0604211230197153
 40
0.0808840766131018
 40
0.1015055443398518
 40
0.1222837815144174
 40
0.1432170049248723
 40
0.1643034046768133
 40
0.1855411573034331
 40
0.2069284402179831
 40
0.2284634476031928
 40
0.2501444562952983
 40
0.3649816291590354
 40
0.5001116874204716
 40
0.5550069693342194
 40
0.6251143556067149
 40
0.708322181974671
 40
0.750089597994587
 40
0.7958995323649197
 40
0.8400304811243456
 40
0.8824947337616471
 40
0.9233035252835509
 40
0.9624684744560944
 40
1.0
 40
1.0
 40
1.0
 40
1.0
 10
749.8977155732953
 20
309.4379138422036
 30
0.0
 10
749.7809377087804
 20
309.4146647054235
 30
0.0
 10
749.54642673568
 20
309.3679762536976
 30
0.0
 10
749.1932514199633
 20
309.2787398751893
 30
0.0
 10
748.8374593844927
 20
309.1747619972759
 30
0.0
 10
748.4792282196584
 20
309.0543762753604
 30
0.0
 10
748.1187464582543
 20
308.9176602236498
 30
0.0
 10
747.7561949752806
 20
308.7642225350887
 30
0.0
 10
747.3917515244319
 20
308.5938031022901
 30
0.0
 10
747.0255893297725
 20
308.4061105980031
 30
0.0
 10
746.6578759927332
 20
308.20086611242
 30
0.0
 10
746.2887771427757
 20
307.977793245152
 30
0.0
 10
745.9184402482122
 20
307.7366138285667
 30
0.0
 10
745.0159534912371
 20
307.1059236843325
 30
0.0
 10
743.4830008404422
 20
305.8024738458338
 30
0.0
 10
741.8305823265471
 20
303.906695567091
 30
0.0
 10
740.4751386571041
 20
302.0261144022435
 30
0.0
 10
739.4228225279547
 20
300.3864876697605
 30
0.0
 10
738.4786676042121
 20
298.7017815027547
 30
0.0
 10
737.6836336098948
 20
297.1276486162476
 30
0.0
 10
737.0901265535984
 20
295.8617308194129
 30
0.0
 10
736.5135684308687
 20
294.5376019371963
 30
0.0
 10
735.9780301688114
 20
293.2178570631119
 30
0.0
 10
735.482278769491
 20
291.9082307640078
 30
0.0
 10
735.0229205969688
 20
290.6177855242285
 30
0.0
 10
734.7378881874509
 20
289.7487945092789
 30
0.0
 10
734.5984071852498
 20
289.3235525591681
 30
0.0
  0
LINE
  5
470
330
1F
100
AcDbEntity
  8
0
  6
Continuous
 62
     7
370
    25
100
AcDbLine
 10
751.2436377055244
 20
309.4619940645025
 30
0.0
 11
749.8986056864995
 21
309.387166378227
 31
0.0
  0
LWPOLYLINE
  5
471
330
1F
100
AcDbEntity
  8
0
  6
Continuous
 62
     7
370
    25
100
AcDbPolyline
 90
       31
 70
   128
 43
0.0
 10
736.304585676149
 20
309.827609219566
 10
734.6001603050498
 20
309.6844835386818
 10
732.5563020438684
 20
309.049984954237
 10
730.5348367215009
 20
307.9174600266394
 10
728.5579119350394
 20
306.2993169359913
 10
726.6471872861401
 20
304.2132843966117
 10
724.8235970739041
 20
301.6822174175326
 10
723.1071209343062
 20
298.733846898237
 10
721.5165649391264
 20
295.4004758031201
 10
720.069355552694
 20
291.718625243453
 10
718.7813487038956
 20
287.7286343444438
 10
717.6666560652982
 20
283.4742182813415
 10
716.737490442715
 20
279.0019893268279
 10
716.0040319691469
 20
274.3609461572016
 10
715.4743165691169
 20
269.6019370126304
 10
715.1541479153983
 20
264.7771025931888
 10
715.0470338427611
 20
259.9393047944379
 10
715.1541479153983
 20
255.1415475414346
 10
715.4743165691169
 20
250.4363960666385
 10
716.0040319691469
 20
245.8754009942238
 10
716.737490442715
 20
241.5085335406529
 10
717.6666560652982
 20
237.3836380195734
 10
718.7813487038956
 20
233.5459076495039
 10
720.069355552694
 20
230.0373894074755
 10
721.5165649391264
 20
226.8965233535527
 10
723.1071209343062
 20
224.1577214734907
 10
724.823597073906
 20
221.8509906538185
 10
726.6471872861419
 20
220.0016039201111
 10
728.5579119350403
 20
218.6298235404319
 10
730.5348367215027
 20
217.7506790276843
 10
732.5471572537443
 20
217.3743640158104
  0
LINE
  5
472
330
1F
100
AcDbEntity
  8
0
  6
Continuous
 62
     7
370
    25
100
AcDbLine
 10
725.4934544965962
 20
310.2688453142127
 30
0.0
 11
723.6146649512464
 21
310.1309493429444
 31
0.0
  0
LWPOLYLINE
  5
473
330
1F
100
AcDbEntity
  8
0
  6
Continuous
 62
     7
370
    25
100
AcDbPolyline
 90
       31
 70
   128
 43
0.0
 10
723.6146649512464
 20
310.1309493429444
 10
721.5708066900641
 20
309.4964507585
 10
719.5493413676985
 20
308.3639258309024
 10
717.572416581236
 20
306.7457827402535
 10
715.6616919323377
 20
304.6597502008741
 10
713.8381017201017
 20
302.1286832217956
 10
712.1216255805028
 20
299.1803127024997
 10
710.531069585324
 20
295.8469416073828
 10
709.0838601988915
 20
292.1650910477155
 10
707.7958533500931
 20
288.1751001487064
 10
706.681160711494
 20
283.9206840856045
 10
705.7519950889107
 20
279.4484551310906
 10
705.0185366153435
 20
274.8074119614641
 10
704.4888212153145
 20
270.048402816893
 10
704.1686525615959
 20
265.2235683974515
 10
704.0615384889568
 20
260.3857705987006
 10
704.1686525615959
 20
255.5880133456973
 10
704.4888212153145
 20
250.8828618709014
 10
705.0185366153435
 20
246.3218667984865
 10
705.7519950889107
 20
241.9549993449156
 10
706.681160711494
 20
237.830103823836
 10
707.7958533500922
 20
233.9923734537665
 10
709.0838601988915
 20
230.483855211738
 10
710.531069585324
 20
227.3429891578152
 10
712.1216255805028
 20
224.6041872777534
 10
713.8381017201017
 20
222.2974564580811
 10
715.6616919323377
 20
220.4480697243736
 10
717.572416581236
 20
219.0762893446946
 10
719.5493413676985
 20
218.1971448319465
 10
721.5708066900641
 20
217.8202682773851
 10
721.7358754058968
 20
217.8118928481387
  0
SPLINE
  5
474
330
1F
100
AcDbEntity
  8
0
  6
Continuous
 62
     7
370
    25
100
AcDbSpline
210
0.0
220
0.0
230
1.0
 70
     8
 71
     3
 72
    16
 73
    12
 74
     0
 42
0.00000001
 43
0.0000000001
 40
0.0
 40
0.0
 40
0.0
 40
0.0
 40
0.11974844665974
 40
0.2520957108815136
 40
0.3885959455952456
 40
0.5152840478795494
 40
0.6462351347190945
 40
0.7632765843512582
 40
0.8702456629404517
 40
0.9803531052639947
 40
1.0
 40
1.0
 40
1.0
 40
1.0
 10
793.0656036169392
 20
446.8055951792829
 30
0.0
 10
790.52672223449
 20
445.8008704167149
 30
0.0
 10
785.1818419892314
 20
443.6857130988127
 30
0.0
 10
777.3611169237409
 20
440.7612963812768
 30
0.0
 10
770.0191608235399
 20
438.1537198182995
 30
0.0
 10
763.5940483633548
 20
436.0400591698753
 30
0.0
 10
758.5361784437489
 20
434.5575842189006
 30
0.0
 10
754.9181606630871
 20
433.7077101597018
 30
0.0
 10
752.6618844703424
 20
433.4241319972069
 30
0.0
 10
751.8272823995702
 20
433.556404183127
 30
0.0
 10
751.7571135175584
 20
433.7893054273894
 30
0.0
 10
751.7464888196117
 20
433.824570423794
 30
0.0
  0
SPLINE
  5
475
330
1F
100
AcDbEntity
  8
0
  6
Continuous
 62
     7
370
    25
100
AcDbSpline
210
0.0
220
0.0
230
1.0
 70
     8
 71
     3
 72
    17
 73
    13
 74
     0
 42
0.00000001
 43
0.0000000001
 40
0.0
 40
0.0
 40
0.0
 40
0.0
 40
0.0031926322246843
 40
0.1122237327546498
 40
0.2212680241134826
 40
0.3301323077313762
 40
0.4390252889307923
 40
0.5514435875276336
 40
0.6638953899735337
 40
0.7844161358895661
 40
0.9049643775386824
 40
1.0
 40
1.0
 40
1.0
 40
1.0
 10
751.2303793349636
 20
434.5206487203858
 30
0.0
 10
751.2269617777782
 20
434.5127679193646
 30
0.0
 10
751.106831741742
 20
434.2357510738745
 30
0.0
 10
751.6853241626249
 20
434.0223096650094
 30
0.0
 10
753.411732731064
 20
434.0849410518702
 30
0.0
 10
756.3581799393631
 20
434.6863086398313
 30
0.0
 10
760.3101949779955
 20
435.7463304840184
 30
0.0
 10
765.2372349937994
 20
437.2692660671222
 30
0.0
 10
771.1090531324679
 20
439.2414612614593
 30
0.0
 10
777.8038124346529
 20
441.6401227990278
 30
0.0
 10
784.6099732851488
 20
444.1845034234254
 30
0.0
 10
789.2040907280869
 20
445.9977005732259
 30
0.0
 10
791.2293109951587
 20
446.7970104867367
 30
0.0
  0
SPLINE
  5
476
330
1F
100
AcDbEntity
  8
0
  6
Continuous
 62
     7
370
    25
100
AcDbSpline
210
0.0
220
0.0
230
1.0
 70
     8
 71
     3
 72
     9
 73
     5
 74
     0
 42
0.00000001
 43
0.0000000001
 40
0.0
 40
0.0
 40
0.0
 40
0.0
 40
0.0800985740867865
 40
1.0
 40
1.0
 40
1.0
 40
1.0
 10
751.4947262150334
 20
434.3120435935392
 30
0.0
 10
751.4724671933844
 20
434.2906853774602
 30
0.0
 10
751.1945718387886
 20
434.0240362351663
 30
0.0
 10
751.1871318872843
 20
433.865504772269
 30
0.0
 10
751.1802878652887
 20
433.7196714534979
 30
0.0
  0
SPLINE
  5
477
330
1F
100
AcDbEntity
  8
0
  6
Continuous
 62
     7
370
    25
100
AcDbSpline
210
0.0
220
0.0
230
1.0
 70
     8
 71
     3
 72
    19
 73
    15
 74
     0
 42
0.00000001
 43
0.0000000001
 40
0.0
 40
0.0
 40
0.0
 40
0.0
 40
0.0681764832294091
 40
0.1364635814723811
 40
0.2045212606224578
 40
0.2729324310372347
 40
0.3409235900016453
 40
0.4094007658360639
 40
0.4773712068000511
 40
0.5458809971536831
 40
0.6821984201792067
 40
0.818551238104515
 40
0.9548868753189399
 40
1.0
 40
1.0
 40
1.0
 40
1.0
 10
751.1802878652887
 20
433.7196714534979
 30
0.0
 10
751.2281778535288
 20
433.5967959656908
 30
0.0
 10
751.3240355305842
 20
433.3508456269968
 30
0.0
 10
752.1025377371814
 20
433.2478840049376
 30
0.0
 10
753.3276889869356
 20
433.3378387503525
 30
0.0
 10
755.0283332944444
 20
433.6384977650197
 30
0.0
 10
757.1643144649441
 20
434.1360415524736
 30
0.0
 10
759.7046403285729
 20
434.8234390582292
 30
0.0
 10
762.6193579253603
 20
435.6895488962772
 30
0.0
 10
766.9435963525901
 20
437.0640178287983
 30
0.0
 10
773.0945559348428
 20
439.1625855232081
 30
0.0
 10
781.338636164647
 20
442.1841454660874
 30
0.0
 10
788.1516851413406
 20
444.7814167489441
 30
0.0
 10
792.1689621838504
 20
446.403291074986
 30
0.0
 10
793.1677671258284
 20
446.8065333893632
 30
0.0
  0
SPLINE
  5
478
330
1F
100
AcDbEntity
  8
0
  6
Continuous
 62
     7
370
    25
100
AcDbSpline
210
0.0
220
0.0
230
1.0
 70
     8
 71
     3
 72
    17
 73
    13
 74
     0
 42
0.00000001
 43
0.0000000001
 40
0.0
 40
0.0
 40
0.0
 40
0.0
 40
0.0456289048402229
 40
0.102330279124921
 40
0.1701045666573996
 40
0.2489519510719339
 40
0.3942110329524343
 40
0.5018235743303042
 40
0.6266453670028853
 40
0.7516501915948311
 40
0.8577371457223069
 40
1.0
 40
1.0
 40
1.0
 40
1.0
 10
847.2453698484095
 20
344.3529525325993
 30
0.0
 10
847.2446899570931
 20
344.3366748339299
 30
0.0
 10
847.2431651896584
 20
344.3001694333686
 30
0.0
 10
847.2288332349142
 20
344.243279913762
 30
0.0
 10
847.1986721991106
 20
344.1768937384745
 30
0.0
 10
847.1316569322787
 20
344.0845059516468
 30
0.0
 10
847.0150374175917
 20
343.9794464201786
 30
0.0
 10
846.8301779480379
 20
343.8548553864907
 30
0.0
 10
846.6104213167598
 20
343.7268758027912
 30
0.0
 10
846.3426605986823
 20
343.5901753644247
 30
0.0
 10
846.0189361422624
 20
343.4364941189973
 30
0.0
 10
845.760857611828
 20
343.3313449710308
 30
0.0
 10
845.6130218288926
 20
343.2711121163704
 30
0.0
  0
SPLINE
  5
479
330
1F
100
AcDbEntity
  8
0
  6
Continuous
 62
     7
370
    25
100
AcDbSpline
210
0.0
220
0.0
230
1.0
 70
     8
 71
     3
 72
    18
 73
    14
 74
     0
 42
0.00000001
 43
0.0000000001
 40
0.0
 40
0.0
 40
0.0
 40
0.0
 40
0.0622031650065814
 40
0.1183046980380976
 40
0.1683046132399981
 40
0.2122029495589681
 40
0.2499997842330314
 40
0.3722483047025577
 40
0.5000050739495693
 40
0.6274932395516628
 40
0.750010338333262
 40
0.8559145334840614
 40
1.0
 40
1.0
 40
1.0
 40
1.0
 10
845.6130218288926
 20
343.2711121163704
 30
0.0
 10
845.5442735816941
 20
343.2452100054742
 30
0.0
 10
845.4135207393809
 20
343.1959465731747
 30
0.0
 10
845.2139544969758
 20
343.126902045145
 30
0.0
 10
845.0283633950128
 20
343.0662030245248
 30
0.0
 10
844.8587635676121
 20
343.0137894097676
 30
0.0
 10
844.5874412580314
 20
342.9345214359778
 30
0.0
 10
844.1804473271767
 20
342.8278760745552
 30
0.0
 10
843.597815330413
 20
342.6961195801104
 30
0.0
 10
842.9658631267537
 20
342.5724636671213
 30
0.0
 10
842.324927832672
 20
342.4637777617235
 30
0.0
 10
841.6151465075015
 20
342.3602172262871
 30
0.0
 10
841.0992491980559
 20
342.2958751540045
 30
0.0
 10
840.8019036838057
 20
342.2587905904279
 30
0.0
  0
SPLINE
  5
47A
330
1F
100
AcDbEntity
  8
0
  6
Continuous
 62
     7
370
    25
100
AcDbSpline
210
0.0
220
0.0
230
1.0
 70
     8
 71
     3
 72
    19
 73
    15
 74
     0
 42
0.00000001
 43
0.0000000001
 40
0.0
 40
0.0
 40
0.0
 40
0.0
 40
0.0608371740556145
 40
0.1162502370853927
 40
0.1662392371116362
 40
0.2108042525803325
 40
0.2499454077146341
 40
0.3738875925482592
 40
0.4987743680644574
 40
0.6046394990387784
 40
0.7482386982129235
 40
0.8519358838339499
 40
0.9358561791583083
 40
1.0
 40
1.0
 40
1.0
 40
1.0
 10
840.8019036838057
 20
342.2587905904279
 30
0.0
 10
840.6734962755434
 20
342.2438859296444
 30
0.0
 10
840.4281299861693
 20
342.2154054754378
 30
0.0
 10
840.0656078593719
 20
342.1744001349297
 30
0.0
 10
839.7318032671163
 20
342.1370101517059
 30
0.0
 10
839.4282433819988
 20
342.1031404455234
 30
0.0
 10
838.9488528986628
 20
342.0491535967999
 30
0.0
 10
838.2625612822456
 20
341.969591847999
 30
0.0
 10
837.3779958336243
 20
341.8643623129596
 30
0.0
 10
836.4069169170788
 20
341.7453015550986
 30
0.0
 10
835.4534747238783
 20
341.630572124744
 30
0.0
 10
834.5252095085433
 20
341.5259320958266
 30
0.0
 10
833.8016466647166
 20
341.4502200806009
 30
0.0
 10
833.3655057150972
 20
341.4102946977768
 30
0.0
 10
833.1765622515584
 20
341.3929983624511
 30
0.0
  0
SPLINE
  5
47B
330
1F
100
AcDbEntity
  8
0
  6
Continuous
 62
     7
370
    25
100
AcDbSpline
210
0.0
220
0.0
230
1.0
 70
     8
 71
     3
 72
    17
 73
    13
 74
     0
 42
0.00000001
 43
0.0000000001
 40
0.0
 40
0.0
 40
0.0
 40
0.0
 40
0.0455694910963025
 40
0.1026139892608195
 40
0.1711338695536045
 40
0.2511292645919647
 40
0.3940088257303483
 40
0.5013285136890952
 40
0.6257400626458698
 40
0.7503840369822452
 40
0.8568320958579731
 40
1.0
 40
1.0
 40
1.0
 40
1.0
 10
833.1765622515584
 20
341.3929983624511
 30
0.0
 10
833.0412075423335
 20
341.3816369334153
 30
0.0
 10
832.7364139985711
 20
341.3560531156242
 30
0.0
 10
832.2197738049089
 20
341.3177465269643
 30
0.0
 10
831.5900739640399
 20
341.2740555583595
 30
0.0
 10
830.6812438174764
 20
341.2162982018689
 30
0.0
 10
829.6248548635594
 20
341.1531303280914
 30
0.0
 10
828.3939985226487
 20
341.0796548744622
 30
0.0
 10
827.1956166103981
 20
341.0030154805858
 30
0.0
 10
825.971466339787
 20
340.9207690145258
 30
0.0
 10
824.6583291241913
 20
340.827097825113
 30
0.0
 10
823.7592104676368
 20
340.7644234210622
 30
0.0
 10
823.243518554036
 20
340.7284763487564
 30
0.0
  0
SPLINE
  5
47C
330
1F
100
AcDbEntity
  8
0
  6
Continuous
 62
     7
370
    25
100
AcDbSpline
210
0.0
220
0.0
230
1.0
 70
     8
 71
     3
 72
    18
 73
    14
 74
     0
 42
0.00000001
 43
0.0000000001
 40
0.0
 40
0.0
 40
0.0
 40
0.0
 40
0.0621865700976318
 40
0.1182798152309683
 40
0.1682797441859096
 40
0.2121863882284945
 40
0.2499998130846567
 40
0.3719697834052511
 40
0.5000050839979928
 40
0.6272032768648904
 40
0.7500102901833961
 40
0.8558858107338538
 40
1.0
 40
1.0
 40
1.0
 40
1.0
 10
823.243518554036
 20
340.7284763487564
 30
0.0
 10
823.0166322311086
 20
340.7135399774738
 30
0.0
 10
822.5850909463559
 20
340.6851307689789
 30
0.0
 10
821.9642356445381
 20
340.6464499068208
 30
0.0
 10
821.4070149943152
 20
340.6131882217455
 30
0.0
 10
820.9144665795474
 20
340.5851762575352
 30
0.0
 10
820.148675159622
 20
340.5441254280567
 30
0.0
 10
819.0552614024799
 20
340.49233946728
 30
0.0
 10
817.600758717921
 20
340.4346362993153
 30
0.0
 10
816.1227254442364
 20
340.3869726074895
 30
0.0
 10
814.7138325242448
 20
340.3516552376077
 30
0.0
 10
813.2238848812539
 20
340.32587408685
 30
0.0
 10
812.211870073348
 20
340.3152721910962
 30
0.0
 10
811.6284632856293
 20
340.3091604050857
 30
0.0
  0
SPLINE
  5
47D
330
1F
100
AcDbEntity
  8
0
  6
Continuous
 62
     7
370
    25
100
AcDbSpline
210
0.0
220
0.0
230
1.0
 70
     8
 71
     3
 72
    19
 73
    15
 74
     0
 42
0.00000001
 43
0.0000000001
 40
0.0
 40
0.0
 40
0.0
 40
0.0
 40
0.0603488956772743
 40
0.1153808492740868
 40
0.1650958975386918
 40
0.2094941025326205
 40
0.248575564008956
 40
0.3731974146216362
 40
0.4987306795021214
 40
0.6049336188835611
 40
0.7505153174324434
 40
0.8527089378203156
 40
0.9358704092078935
 40
1.0
 40
1.0
 40
1.0
 40
1.0
 10
811.6284632856293
 20
340.3091604050857
 30
0.0
 10
811.3841515178245
 20
340.3073874212164
 30
0.0
 10
810.9170526763207
 20
340.3039976593604
 30
0.0
 10
810.2453910178427
 20
340.2994714088222
 30
0.0
 10
809.6368288640004
 20
340.2953541953884
 30
0.0
 10
809.0918149458229
 20
340.2914856486845
 30
0.0
 10
808.238348576754
 20
340.2845738157709
 30
0.0
 10
807.0469419641248
 20
340.2718058454893
 30
0.0
 10
805.5710996719934
 20
340.2514789582528
 30
0.0
 10
804.002287288932
 20
340.2245407549289
 30
0.0
 10
802.5254268226998
 20
340.1990922344011
 30
0.0
 10
801.1418635416692
 20
340.1796201071601
 30
0.0
 10
800.0978311920897
 20
340.1691883789157
 30
0.0
 10
799.4812483427475
 20
340.1675879019332
 30
0.0
 10
799.2127920954198
 20
340.1668910644443
 30
0.0
  0
SPLINE
  5
47E
330
1F
100
AcDbEntity
  8
0
  6
Continuous
 62
     7
370
    25
100
AcDbSpline
210
0.0
220
0.0
230
1.0
 70
     8
 71
     3
 72
    17
 73
    13
 74
     0
 42
0.00000001
 43
0.0000000001
 40
0.0
 40
0.0
 40
0.0
 40
0.0
 40
0.0574800552438674
 40
0.1180164846429906
 40
0.1572470810402553
 40
0.2421941661620326
 40
0.3802830517943202
 40
0.4893711688290514
 40
0.6116339936429195
 40
0.7292664457319194
 40
0.8399066921906287
 40
1.0
 40
1.0
 40
1.0
 40
1.0
 10
799.2127920954198
 20
340.1668910644443
 30
0.0
 10
798.9719040278595
 20
340.1672873528462
 30
0.0
 10
798.4773192052588
 20
340.1681010014049
 30
0.0
 10
797.8184821456315
 20
340.1730153269322
 30
0.0
 10
797.0449123901198
 20
340.1827852616597
 30
0.0
 10
795.9472823263348
 20
340.1986525305619
 30
0.0
 10
794.5597604061402
 20
340.2213266452722
 30
0.0
 10
793.0213871484419
 20
340.2461912635994
 30
0.0
 10
791.5737156165558
 20
340.2660572771665
 30
0.0
 10
790.1272326617035
 20
340.2828492919527
 30
0.0
 10
788.5329539164785
 20
340.2945574071911
 30
0.0
 10
787.4335581440553
 20
340.3039355321529
 30
0.0
 10
786.783450674833
 20
340.3094811138607
 30
0.0
  0
SPLINE
  5
47F
330
1F
100
AcDbEntity
  8
0
  6
Continuous
 62
     7
370
    25
100
AcDbSpline
210
0.0
220
0.0
230
1.0
 70
     8
 71
     3
 72
    18
 73
    14
 74
     0
 42
0.00000001
 43
0.0000000001
 40
0.0
 40
0.0
 40
0.0
 40
0.0
 40
0.0621836331017426
 40
0.1182754294392899
 40
0.1682753858105218
 40
0.2121835164040911
 40
0.2499998615089858
 40
0.3719214628291347
 40
0.5000050448209891
 40
0.6271524508727
 40
0.7500101788888104
 40
0.8558807523506466
 40
1.0
 40
1.0
 40
1.0
 40
1.0
 10
786.783450674833
 20
340.3094811138607
 30
0.0
 10
786.531926657646
 20
340.3123816060251
 30
0.0
 10
786.0535192429741
 20
340.3178984428402
 30
0.0
 10
785.3766600442885
 20
340.3274913288996
 30
0.0
 10
784.7756477169449
 20
340.3372204399527
 30
0.0
 10
784.2499392794088
 20
340.3469011730739
 30
0.0
 10
783.4400275556762
 20
340.3639440045828
 30
0.0
 10
782.3033594402494
 20
340.3937240999866
 30
0.0
 10
780.8321548263437
 20
340.4420891868635
 30
0.0
 10
779.3774317355227
 20
340.4998208244014
 30
0.0
 10
778.0288616926654
 20
340.5627320760031
 30
0.0
 10
776.6349937421545
 20
340.6384652607273
 30
0.0
 10
775.721648165996
 20
340.6951467671108
 30
0.0
 10
775.1951040183402
 20
340.7278236817921
 30
0.0
  0
SPLINE
  5
480
330
1F
100
AcDbEntity
  8
0
  6
Continuous
 62
     7
370
    25
100
AcDbSpline
210
0.0
220
0.0
230
1.0
 70
     8
 71
     3
 72
    26
 73
    22
 74
     0
 42
0.00000001
 43
0.0000000001
 40
0.0
 40
0.0
 40
0.0
 40
0.0
 40
0.0316376135711213
 40
0.0600327305456067
 40
0.0851853499232206
 40
0.1070954816372778
 40
0.1257631525340987
 40
0.1884420078362316
 40
0.250882344723105
 40
0.2961769313086267
 40
0.3752666908464023
 40
0.4499500406400347
 40
0.4998778358653927
 40
0.5606132229798982
 40
0.6246042822189004
 40
0.6961479265040115
 40
0.7525782557703029
 40
0.8153587555272219
 40
0.8755831261390083
 40
0.9278268112757704
 40
1.0
 40
1.0
 40
1.0
 40
1.0
 10
775.1951040183402
 20
340.7278236817921
 30
0.0
 10
774.9664393511292
 20
340.7428549824937
 30
0.0
 10
774.5325455518676
 20
340.7713770460418
 30
0.0
 10
773.9241854039627
 20
340.812305214228
 30
0.0
 10
773.3895932817103
 20
340.8486068104821
 30
0.0
 10
772.9276291230197
 20
340.8801166133878
 30
0.0
 10
772.2069103506054
 20
340.9288100746666
 30
0.0
 10
771.2174334866621
 20
340.9937131812935
 30
0.0
 10
770.0719068745619
 20
341.0676491794181
 30
0.0
 10
768.8429695969415
 20
341.1414224514607
 30
0.0
 10
767.5674017947866
 20
341.2210308591115
 30
0.0
 10
766.3073538521956
 20
341.307579519002
 30
0.0
 10
765.1956404471538
 20
341.3948388065618
 30
0.0
 10
764.1779000603272
 20
341.4919787090247
 30
0.0
 10
763.0733108669264
 20
341.6138058174183
 30
0.0
 10
762.035646127484
 20
341.7330684943444
 30
0.0
 10
761.0460372123969
 20
341.8505222598375
 30
0.0
 10
760.152034406922
 20
341.9563732653548
 30
0.0
 10
759.3180853201856
 20
342.0554906087197
 30
0.0
 10
758.4742483512744
 20
342.153557055574
 30
0.0
 10
757.9432603648464
 20
342.2190609707308
 30
0.0
 10
757.6352386716033
 20
342.2570592444703
 30
0.0
  0
SPLINE
  5
481
330
1F
100
AcDbEntity
  8
0
  6
Continuous
 62
     7
370
    25
100
AcDbSpline
210
0.0
220
0.0
230
1.0
 70
     8
 71
     3
 72
    18
 73
    14
 74
     0
 42
0.00000001
 43
0.0000000001
 40
0.0
 40
0.0
 40
0.0
 40
0.0
 40
0.0621823790881804
 40
0.1182735575874477
 40
0.168273526528823
 40
0.2121822920389472
 40
0.2499998825557916
 40
0.3719008183255656
 40
0.5000050657209707
 40
0.6271307842241548
 40
0.7500102083924303
 40
0.8558786334127791
 40
1.0
 40
1.0
 40
1.0
 40
1.0
 10
757.6352386716033
 20
342.2570592444703
 30
0.0
 10
757.5053716491701
 20
342.2740293937792
 30
0.0
 10
757.2583589908953
 20
342.3063073471314
 30
0.0
 10
756.9192030426119
 20
342.3533515112062
 30
0.0
 10
756.6240085901025
 20
342.3960827237281
 30
0.0
 10
756.3709661667789
 20
342.4344011983582
 30
0.0
 10
755.9879535231483
 20
342.4952037427569
 30
0.0
 10
755.4692970917484
 20
342.5854259265615
 30
0.0
 10
754.8371907080707
 20
342.7101820939942
 30
0.0
 10
754.2524072177092
 20
342.8415916068788
 30
0.0
 10
753.7489626406012
 20
342.9710093262883
 30
0.0
 10
753.262656335475
 20
343.1136904806428
 30
0.0
 10
752.9797283857141
 20
343.2127228809272
 30
0.0
 10
752.8166178742684
 20
343.2698159517026
 30
0.0
  0
SPLINE
  5
482
330
1F
100
AcDbEntity
  8
0
  6
Continuous
 62
     7
370
    25
100
AcDbSpline
210
0.0
220
0.0
230
1.0
 70
     8
 71
     3
 72
    19
 73
    15
 74
     0
 42
0.00000001
 43
0.0000000001
 40
0.0
 40
0.0
 40
0.0
 40
0.0
 40
0.0633575420435874
 40
0.1200179488189737
 40
0.1699812054172069
 40
0.2132473153586098
 40
0.2498163103254608
 40
0.3755703271518959
 40
0.5001489735861968
 40
0.5918764289697915
 40
0.7486556436764774
 40
0.855343253549559
 40
0.939124816493479
 40
1.0
 40
1.0
 40
1.0
 40
1.0
 10
752.8166178742684
 20
343.2698159517026
 30
0.0
 10
752.749118841324
 20
343.2952928571915
 30
0.0
 10
752.62125568218
 20
343.3435536615152
 30
0.0
 10
752.4540763576777
 20
343.4116856458815
 30
0.0
 10
752.314508705799
 20
343.4714470004826
 30
0.0
 10
752.2002774177398
 20
343.5227938348004
 30
0.0
 10
752.0281009671633
 20
343.6029814735115
 30
0.0
 10
751.8128857492546
 20
343.7110286670826
 30
0.0
 10
751.6026322717797
 20
343.8346905409543
 30
0.0
 10
751.4172586382081
 20
343.9605519555634
 30
0.0
 10
751.2887230281411
 20
344.0783749468423
 30
0.0
 10
751.2137578016744
 20
344.1943980474948
 30
0.0
 10
751.1843472220915
 20
344.2797792628577
 30
0.0
 10
751.1814901800861
 20
344.3314555874478
 30
0.0
 10
751.1802878652223
 20
344.3532022796653
 30
0.0
  0
SPLINE
  5
483
330
1F
100
AcDbEntity
  8
0
  6
Continuous
 62
     7
370
    25
100
AcDbSpline
210
0.0
220
0.0
230
1.0
 70
     8
 71
     3
 72
    18
 73
    14
 74
     0
 42
0.00000001
 43
0.0000000001
 40
0.0
 40
0.0
 40
0.0
 40
0.0
 40
0.0109523796486988
 40
0.1746281351852327
 40
0.3383482905139155
 40
0.4290639510497211
 40
0.5029226541746404
 40
0.592565312910334
 40
0.6683922020107115
 40
0.7508079704296224
 40
0.8337637812087571
 40
0.9168359628626877
 40
1.0
 40
1.0
 40
1.0
 40
1.0
 10
826.2079173186064
 20
447.6439578445499
 30
0.0
 10
826.1359832000596
 20
447.5619117587101
 30
0.0
 10
824.989043322067
 20
446.2537435405742
 30
0.0
 10
822.6977235848034
 20
443.5992613484031
 30
0.0
 10
819.8750623210624
 20
440.261731645854
 30
0.0
 10
817.6785514117963
 20
437.5561376614643
 30
0.0
 10
816.0044771919018
 20
435.4186644395944
 30
0.0
 10
814.4744009984259
 20
433.3518759742932
 30
0.0
 10
812.9699778878983
 20
431.139603105053
 30
0.0
 10
811.6295757892693
 20
428.8924040232772
 30
0.0
 10
810.4957471970754
 20
426.4427515741285
 30
0.0
 10
809.7256710824384
 20
423.8079308507135
 30
0.0
 10
809.7753349451721
 20
421.9958333080718
 30
0.0
 10
809.8001805976718
 20
421.0892838904509
 30
0.0
  0
SPLINE
  5
484
330
1F
100
AcDbEntity
  8
0
  6
Continuous
 62
     7
370
    25
100
AcDbSpline
210
0.0
220
0.0
230
1.0
 70
     8
 71
     3
 72
    34
 73
    30
 74
     0
 42
0.00000001
 43
0.0000000001
 40
0.0
 40
0.0
 40
0.0
 40
0.0
 40
0.0215906147970548
 40
0.0433763837261207
 40
0.0658841077280385
 40
0.0914943522699682
 40
0.1210870317081481
 40
0.1484754307695473
 40
0.1767397498048105
 40
0.2052958175066151
 40
0.2315239822336237
 40
0.2633988587605141
 40
0.3016703511974422
 40
0.3391553833282546
 40
0.3772146144921625
 40
0.4145637156361403
 40
0.4540704714960916
 40
0.490954303013352
 40
0.5252236940924665
 40
0.5706472988204152
 40
0.6142509276359971
 40
0.6560717111955743
 40
0.7018199359364271
 40
0.7457051222314581
 40
0.7878085384273418
 40
0.8549596001830376
 40
0.9195522098551078
 40
0.9859991849677182
 40
0.9999999999999998
 40
0.9999999999999998
 40
0.9999999999999998
 40
0.9999999999999998
 10
809.8001805976718
 20
421.0892838904509
 30
0.0
 10
809.8878877631685
 20
420.5069047628509
 30
0.0
 10
810.0640948652753
 20
419.3368824753751
 30
0.0
 10
810.6454303521585
 20
417.6401207641188
 30
0.0
 10
811.4230663187644
 20
415.9189978918311
 30
0.0
 10
812.4482519525871
 20
414.0963571704944
 30
0.0
 10
813.651149895635
 20
412.2442045608123
 30
0.0
 10
814.9739527533018
 20
410.4060219579568
 30
0.0
 10
816.3294017198111
 20
408.6458264960795
 30
0.0
 10
817.6976999090374
 20
406.9564898275788
 30
0.0
 10
819.1465703429656
 20
405.235456806919
 30
0.0
 10
820.7702349568853
 20
403.364010848463
 30
0.0
 10
822.5911604451939
 20
401.3287145381545
 30
0.0
 10
824.5132614789635
 20
399.2362309870454
 30
0.0
 10
826.4082233090519
 20
397.2200783331672
 30
0.0
 10
828.3160157679294
 20
395.228805389662
 30
0.0
 10
830.1747783186419
 20
393.3216789328341
 30
0.0
 10
831.949137187963
 20
391.5330003223361
 30
0.0
 10
833.7759535123304
 20
389.7177842638539
 30
0.0
 10
835.6459353305943
 20
387.8838450504044
 30
0.0
 10
837.5466181408526
 20
386.05320537652
 30
0.0
 10
839.3589596492009
 20
384.3418807453517
 30
0.0
 10
841.0642607514244
 20
382.7677827187299
 30
0.0
 10
842.6415625288282
 20
381.351661995043
 30
0.0
 10
844.3023669442771
 20
379.9085654697933
 30
0.0
 10
845.9169862259795
 20
378.5764790501918
 30
0.0
 10
847.2513631506298
 20
377.6185806712478
 30
0.0
 10
847.9846350715432
 20
377.1891549147537
 30
0.0
 10
848.0841107947771
 20
377.2777108555337
 30
0.0
 10
848.1014231559838
 20
377.2931227810154
 30
0.0
  0
SPLINE
  5
485
330
1F
100
AcDbEntity
  8
0
  6
Continuous
 62
     7
370
    25
100
AcDbSpline
210
0.0
220
0.0
230
1.0
 70
     8
 71
     3
 72
     8
 73
     4
 74
     0
 42
0.00000001
 43
0.0000000001
 40
0.0
 40
0.0
 40
0.0
 40
0.0
 40
1.0
 40
1.0
 40
1.0
 40
1.0
 10
847.2453698515399
 20
344.3529525324292
 30
0.0
 10
847.7296065724976
 20
355.3825241005506
 30
0.0
 10
848.0895102110405
 20
366.4057276464632
 30
0.0
 10
848.3250807645044
 20
377.4258329658691
 30
0.0
  0
SPLINE
  5
486
330
1F
100
AcDbEntity
  8
0
  6
Continuous
 62
     7
370
    25
100
AcDbSpline
210
0.0
220
0.0
230
1.0
 70
    24
 71
     3
 72
    11
 73
     7
 74
     0
 42
0.00000001
 43
0.0000000001
 40
0.0
 40
0.0
 40
0.0
 40
0.0
 40
0.3246927026086826
 40
0.6493854052173651
 40
0.9740781078260461
 40
1.0
 40
1.0
 40
1.0
 40
1.0
 10
857.8407833978362
 20
421.0892838904512
 30
0.0
 10
857.8407833978371
 20
424.2421419982965
 30
0.0
 10
857.8407833978426
 20
430.5478582139873
 30
0.0
 10
857.8407833978397
 20
439.7477731376469
 30
0.0
 10
857.8407833978415
 20
446.0072672766413
 30
0.0
 10
857.8407833978415
 20
448.7931855752814
 30
0.0
 10
857.8407833978415
 20
448.9991561047956
 30
0.0
  0
SPLINE
  5
487
330
1F
100
AcDbEntity
  8
0
  6
Continuous
 62
     7
370
    25
100
AcDbSpline
210
0.0
220
0.0
230
1.0
 70
    24
 71
     3
 72
    15
 73
    11
 74
     0
 42
0.00000001
 43
0.0000000001
 40
0.0
 40
0.0
 40
0.0
 40
0.0
 40
0.0735402317619412
 40
0.205891627224521
 40
0.3382430226871013
 40
0.4705944181496815
 40
0.6029458136122616
 40
0.7352972090748413
 40
0.8676486045374204
 40
1.0
 40
1.0
 40
1.0
 40
1.0
 10
857.8407833978426
 20
377.4714731729313
 30
0.0
 10
857.8407833978426
 20
377.4377564234459
 30
0.0
 10
857.8407833978426
 20
377.3433591629259
 30
0.0
 10
857.8407833978426
 20
379.2257052786232
 30
0.0
 10
857.8407833978426
 20
382.8779906176011
 30
0.0
 10
857.8407833978426
 20
388.2474231154992
 30
0.0
 10
857.8407833978426
 20
395.0155241121828
 30
0.0
 10
857.8407833978415
 20
402.9558853449574
 30
0.0
 10
857.8407833978426
 20
411.7407533130539
 30
0.0
 10
857.840783397838
 20
417.9731070313186
 30
0.0
 10
857.8407833978362
 20
421.0892838904512
 30
0.0
  0
LWPOLYLINE
  5
488
330
1F
100
AcDbEntity
  8
0
  6
Continuous
 62
     7
370
    25
100
AcDbPolyline
 90
       18
 70
   128
 43
0.0
 10
751.4016037555538
 20
318.3176947991241
 10
751.5171767727551
 20
317.8223548714229
 10
753.5415313999946
 20
317.0208844407938
 10
757.321008377391
 20
316.2692346312089
 10
762.7103645242595
 20
315.5962909233216
 10
769.5024899062635
 20
315.0279141664341
 10
777.4363669540369
 20
314.5859467605648
 10
786.2071012220066
 20
314.2873732652628
 10
795.4776383109345
 20
314.14366769251
 10
804.8917166794753
 20
314.1603525668772
 10
814.0875585753992
 20
314.336786697999
 10
822.7117729517329
 20
314.6661898211614
 10
830.4329360865102
 20
315.1359031590736
 10
836.9543280105407
 20
315.7278758915776
 10
842.0253352894205
 20
316.4193588385446
 10
845.4510819572778
 20
317.1837786981122
 10
847.0999184908485
 20
317.9917592437673
 10
847.0999184908485
 20
317.9917592437673
  0
LINE
  5
489
330
1F
100
AcDbEntity
  8
0
  6
Continuous
 62
     7
370
    25
100
AcDbLine
 10
847.0999184908485
 20
317.9917592437673
 30
0.0
 11
847.0240540440244
 21
318.3169103085606
 31
0.0
  0
SPLINE
  5
48A
330
1F
100
AcDbEntity
  8
0
  6
Continuous
 62
     7
370
    25
100
AcDbSpline
210
0.0
220
0.0
230
1.0
 70
     8
 71
     3
 72
    12
 73
     8
 74
     0
 42
0.00000001
 43
0.0000000001
 40
0.0
 40
0.0
 40
0.0
 40
0.0
 40
0.3409879340919692
 40
0.5740570964240728
 40
0.8079731496813366
 40
0.9318578031722767
 40
1.0
 40
1.0
 40
1.0
 40
1.0
 10
1013.240180862594
 20
461.9399325309945
 30
0.0
 10
1013.361487675491
 20
461.164404783514
 30
0.0
 10
1013.565709085769
 20
459.8587949293107
 30
0.0
 10
1013.653677753
 20
457.6431257179954
 30
0.0
 10
1013.675933853288
 20
455.9594734222466
 30
0.0
 10
1013.680199075616
 20
454.7234529093118
 30
0.0
 10
1013.649748939295
 20
454.1197411475076
 30
0.0
 10
1013.63894347548
 20
453.9055094104782
 30
0.0
  0
SPLINE
  5
48B
330
1F
100
AcDbEntity
  8
0
  6
Continuous
 62
     7
370
    25
100
AcDbSpline
210
0.0
220
0.0
230
1.0
 70
     8
 71
     3
 72
    19
 73
    15
 74
     0
 42
0.00000001
 43
0.0000000001
 40
0.0
 40
0.0
 40
0.0
 40
0.0
 40
0.0261942565785008
 40
0.1130932693196982
 40
0.200256330232071
 40
0.2874523675416698
 40
0.3805386195620648
 40
0.4736518587744742
 40
0.573443172418584
 40
0.6732451381011244
 40
0.7779419515806843
 40
0.8826253357900123
 40
0.9857244131722858
 40
1.0
 40
1.0
 40
1.0
 40
1.0
 10
1012.227412821023
 20
439.9108107318338
 30
0.0
 10
1012.123779444988
 20
439.1927324909781
 30
0.0
 10
1011.676344058867
 20
436.0924415687172
 30
0.0
 10
1010.431734541718
 20
430.3065530068028
 30
0.0
 10
1008.534338840198
 20
422.809998273311
 30
0.0
 10
1006.22869278327
 20
415.2637258204985
 30
0.0
 10
1003.591225479675
 20
407.9034872373203
 30
0.0
 10
1000.604551567519
 20
400.7471060414626
 30
0.0
 10
997.3831583087219
 20
394.174923806398
 30
0.0
 10
993.9533950023141
 20
388.3016336602631
 30
0.0
 10
990.4623278378911
 20
383.4639212202598
 30
0.0
 10
987.0666573701509
 20
380.0406577872831
 30
0.0
 10
984.7138628662513
 20
378.262313956639
 30
0.0
 10
983.6288718182576
 20
378.0901114865819
 30
0.0
 10
983.4969107684244
 20
378.0691675177128
 30
0.0
  0
LINE
  5
48C
330
1F
100
AcDbEntity
  8
0
  6
Continuous
 62
     7
370
    25
100
AcDbLine
 10
1013.990289465312
 20
456.1287899656778
 30
0.0
 11
1013.898550579435
 21
453.8613595688011
 31
0.0
  0
SPLINE
  5
48D
330
1F
100
AcDbEntity
  8
0
  6
Continuous
 62
     7
370
    25
100
AcDbSpline
210
0.0
220
0.0
230
1.0
 70
     8
 71
     3
 72
    19
 73
    15
 74
     0
 42
0.00000001
 43
0.0000000001
 40
0.0
 40
0.0
 40
0.0
 40
0.0
 40
0.0447485572696977
 40
0.1218425755329415
 40
0.2014573280774478
 40
0.2810957917024607
 40
0.3664704538224984
 40
0.4518645817504751
 40
0.543217322207073
 40
0.6345741742033838
 40
0.7298312125416649
 40
0.825070215439543
 40
0.9197487975812556
 40
1.0
 40
1.0
 40
1.0
 40
1.0
 10
1012.502606408903
 20
440.1106786747566
 30
0.0
 10
1012.284205938384
 20
438.7285029441385
 30
0.0
 10
1011.689539261978
 20
434.965077682345
 30
0.0
 10
1010.234574666572
 20
428.4904888425639
 30
0.0
 10
1008.223163321415
 20
420.9560062226386
 30
0.0
 10
1005.800016590628
 20
413.3470880375857
 30
0.0
 10
1003.04650260172
 20
405.9652447751354
 30
0.0
 10
999.9512044317961
 20
398.8399122951857
 30
0.0
 10
996.6379767939741
 20
392.3703849753762
 30
0.0
 10
993.1416487429785
 20
386.6780286818266
 30
0.0
 10
989.621414289092
 20
382.1288324504148
 30
0.0
 10
986.1993471806307
 20
378.9449264587533
 30
0.0
 10
983.142414643561
 20
377.2376714531994
 30
0.0
 10
981.446356484116
 20
377.4021937915235
 30
0.0
 10
980.668268824489
 20
377.4776704492492
 30
0.0
  0
SPLINE
  5
48E
330
1F
100
AcDbEntity
  8
0
  6
Continuous
 62
     7
370
    25
100
AcDbSpline
210
0.0
220
0.0
230
1.0
 70
     8
 71
     3
 72
     9
 73
     5
 74
     0
 42
0.00000001
 43
0.0000000001
 40
0.0
 40
0.0
 40
0.0
 40
0.0
 40
0.5884615625331766
 40
0.9999999999999998
 40
0.9999999999999998
 40
0.9999999999999998
 40
0.9999999999999998
 10
1013.480517923075
 20
463.1589247935452
 30
0.0
 10
1013.656063158486
 20
461.9158849773259
 30
0.0
 10
1013.954375311036
 20
459.8035298204842
 30
0.0
 10
1013.979818581529
 20
457.200171840803
 30
0.0
 10
1013.990289465312
 20
456.1287899656778
 30
0.0
  0
SPLINE
  5
48F
330
1F
100
AcDbEntity
  8
0
  6
Continuous
 62
     7
370
    25
100
AcDbSpline
210
0.0
220
0.0
230
1.0
 70
    24
 71
     3
 72
    19
 73
    15
 74
     0
 42
0.00000001
 43
0.0000000001
 40
0.0
 40
0.0
 40
0.0
 40
0.0
 40
0.0504662145536721
 40
0.1416662454355171
 40
0.2328662763173606
 40
0.3240663071992054
 40
0.4152663380810506
 40
0.506466368962895
 40
0.5976663998447397
 40
0.6888664307265843
 40
0.7800664616084291
 40
0.8712664924902735
 40
0.9624665233721183
 40
1.0
 40
1.0
 40
1.0
 40
1.0
 10
1025.248316121162
 20
379.9102639273089
 30
0.0
 10
1025.248316121163
 20
379.8780477737318
 30
0.0
 10
1025.248316121166
 20
379.7876121910357
 30
0.0
 10
1025.248316121172
 20
381.5999782791395
 30
0.0
 10
1025.248316121179
 20
385.1177687280383
 30
0.0
 10
1025.248316121187
 20
390.2896804402098
 30
0.0
 10
1025.248316121196
 20
396.8096346049078
 30
0.0
 10
1025.248316121203
 20
404.4554643293876
 30
0.0
 10
1025.24831612121
 20
412.9271046517692
 30
0.0
 10
1025.248316121216
 20
421.8955639496402
 30
0.0
 10
1025.248316121221
 20
431.0361543182447
 30
0.0
 10
1025.248316121226
 20
439.9211794056276
 30
0.0
 10
1025.248316121228
 20
446.8132017917072
 30
0.0
 10
1025.248316121228
 20
450.2803386409561
 30
0.0
 10
1025.248316121228
 20
451.2912153149031
 30
0.0
  0
SPLINE
  5
490
330
1F
100
AcDbEntity
  8
0
  6
Continuous
 62
     7
370
    25
100
AcDbSpline
210
0.0
220
0.0
230
1.0
 70
    24
 71
     3
 72
    19
 73
    15
 74
     0
 42
0.00000001
 43
0.0000000001
 40
0.0
 40
0.0
 40
0.0
 40
0.0
 40
0.085455353419205
 40
0.1709110826255784
 40
0.2563675006225385
 40
0.3418241773159996
 40
0.4272547762143015
 40
0.5126847087289108
 40
0.5981242464431926
 40
0.6835637393671905
 40
0.7690426471068426
 40
0.8545222522435757
 40
0.9399651928096478
 40
0.9999999999999998
 40
0.9999999999999998
 40
0.9999999999999998
 40
0.9999999999999998
 10
892.4524673785116
 20
669.0950917309403
 30
0.0
 10
892.4524673785116
 20
666.5278986254254
 30
0.0
 10
892.4524673785116
 20
661.3935011252481
 30
0.0
 10
892.4524673785116
 20
652.5979844312043
 30
0.0
 10
892.4524673785116
 20
643.2912453220872
 30
0.0
 10
892.4524673785116
 20
633.659738298523
 30
0.0
 10
892.4524673785116
 20
623.9958654486338
 30
0.0
 10
892.4524673785116
 20
614.5626673167091
 30
0.0
 10
892.4524673785116
 20
605.6429460301854
 30
0.0
 10
892.4524673785116
 20
597.4665446523838
 30
0.0
 10
892.4524673785116
 20
590.2839907655727
 30
0.0
 10
892.4524673785116
 20
584.3275044119074
 30
0.0
 10
892.4524673785116
 20
580.0239537097125
 30
0.0
 10
892.4524673785116
 20
578.403357993335
 30
0.0
 10
892.4524673785116
 20
577.7345811331854
 30
0.0
  0
SPLINE
  5
491
330
1F
100
AcDbEntity
  8
0
  6
Continuous
 62
     7
370
    25
100
AcDbSpline
210
0.0
220
0.0
230
1.0
 70
    24
 71
     3
 72
    13
 73
     9
 74
     0
 42
0.00000001
 43
0.0000000001
 40
0.0
 40
0.0
 40
0.0
 40
0.0
 40
0.0732476483859614
 40
0.266570111345858
 40
0.459894151210014
 40
0.6531367036631126
 40
0.8463785959733867
 40
1.0
 40
1.0
 40
1.0
 40
1.0
 10
892.4524673785125
 20
689.3394694285346
 30
0.0
 10
892.4524673785125
 20
689.3902086491145
 30
0.0
 10
892.4524673785125
 20
689.5748638561774
 30
0.0
 10
892.4524673785125
 20
688.1803973549924
 30
0.0
 10
892.4524673785125
 20
685.2639427420274
 30
0.0
 10
892.4524673785125
 20
680.692814252727
 30
0.0
 10
892.4524673785116
 20
675.2654427104964
 30
0.0
 10
892.4524673785116
 20
670.989051686415
 30
0.0
 10
892.4524673785116
 20
669.0950917309403
 30
0.0
  0
LWPOLYLINE
  5
492
330
1F
100
AcDbEntity
  8
0
  6
Continuous
 62
     7
370
    25
100
AcDbPolyline
 90
        3
 70
   128
 43
0.0
 10
1009.262300622093
 20
457.4126216347131
 10
1010.699590148232
 20
460.3632583488074
 10
1011.546402822553
 20
462.5990562657348
  0
ARC
  5
493
330
1F
100
AcDbEntity
  8
0
  6
Continuous
 62
     7
370
    25
100
AcDbCircle
 10
982.4262388399656
 20
471.7157148809973
 30
0.0
 40
30.90701749801226
100
AcDbArc
 50
331.0578580119695
 51
343.2898388609086
  0
ARC
  5
494
330
1F
100
AcDbEntity
  8
0
  6
Continuous
 62
     7
370
    25
100
AcDbCircle
 10
984.1225873238354
 20
464.9818641107926
 30
0.0
 40
29.12291294120613
100
AcDbArc
 50
339.0369436997912
 51
356.3665644316043
  0
ARC
  5
495
330
1F
100
AcDbEntity
  8
0
  6
Continuous
 62
     7
370
    25
100
AcDbCircle
 10
984.4600713101488
 20
463.4631235571441
 30
0.0
 40
28.78057831399929
100
AcDbArc
 50
341.4826770456111
 51
359.3622182754105
  0
SPLINE
  5
496
330
1F
100
AcDbEntity
  8
0
  6
Continuous
 62
     7
370
    25
100
AcDbSpline
210
0.0
220
0.0
230
1.0
 70
     8
 71
     3
 72
    27
 73
    23
 74
     0
 42
0.00000001
 43
0.0000000001
 40
0.0
 40
0.0
 40
0.0
 40
0.0
 40
0.042441479735366
 40
0.0629962111743856
 40
0.0848199350786964
 40
0.1121698766682419
 40
0.1402658126471882
 40
0.1691764248766783
 40
0.2079448077409285
 40
0.2537741668849147
 40
0.291720927141447
 40
0.3383545800779968
 40
0.4224310735871127
 40
0.5061123766422666
 40
0.5897999871448516
 40
0.6739683639637164
 40
0.7324915858839178
 40
0.788627130474198
 40
0.8424239323035203
 40
0.9010727041942132
 40
0.9572973519100445
 40
1.0
 40
1.0
 40
1.0
 40
1.0
 10
965.2076398280303
 20
395.2859530227478
 30
0.0
 10
966.1142206838293
 20
395.2787569617825
 30
0.0
 10
967.4598655434019
 20
395.2680757937596
 30
0.0
 10
969.2236048306538
 20
395.6157366489815
 30
0.0
 10
970.6302065864054
 20
396.0084153913223
 30
0.0
 10
972.1283629031558
 20
396.5752856968519
 30
0.0
 10
973.6945228602589
 20
397.3079918997839
 30
0.0
 10
975.4050255288593
 20
398.2418975620469
 30
0.0
 10
977.3538757516424
 20
399.4601854283
 30
0.0
 10
979.3808222061006
 20
400.8871631218516
 30
0.0
 10
981.4724037309114
 20
402.5014895354724
 30
0.0
 10
984.1103988526974
 20
404.6953101479347
 30
0.0
 10
987.347816927291
 20
407.6705408942511
 30
0.0
 10
990.9928957043812
 20
411.3994538281785
 30
0.0
 10
994.4831802775132
 20
415.3487209559452
 30
0.0
 10
997.472275406554
 20
419.0847310556931
 30
0.0
 10
999.9685867564474
 20
422.487669232943
 30
0.0
 10
1001.984178589899
 20
425.4480079328913
 30
0.0
 10
1003.894513836551
 20
428.4774699962585
 30
0.0
 10
1005.676752575966
 20
431.5690552826035
 30
0.0
 10
1007.225120851199
 20
434.5006428836121
 30
0.0
 10
1008.078188594383
 20
436.3614969261952
 30
0.0
 10
1008.446421156867
 20
437.1647473807838
 30
0.0
  0
LINE
  5
497
330
1F
100
AcDbEntity
  8
0
  6
Continuous
 62
     7
370
    25
100
AcDbLine
 10
1013.091411732001
 20
453.9986248892896
 30
0.0
 11
1013.240180861838
 21
456.1505244285503
 31
0.0
  0
SPLINE
  5
498
330
1F
100
AcDbEntity
  8
0
  6
Continuous
 62
     7
370
    25
100
AcDbSpline
210
0.0
220
0.0
230
1.0
 70
     8
 71
     3
 72
    24
 73
    20
 74
     0
 42
0.00000001
 43
0.0000000001
 40
0.0
 40
0.0
 40
0.0
 40
0.0
 40
0.0470493986997163
 40
0.1150862076697868
 40
0.1859832902499328
 40
0.2663176821728864
 40
0.3461987856568518
 40
0.4251783205928584
 40
0.5069367232656261
 40
0.5913107267280004
 40
0.6484120988855312
 40
0.6934813540494972
 40
0.7443875484047943
 40
0.7952567457296647
 40
0.8331258372233829
 40
0.8672106044009154
 40
0.8975808940472536
 40
0.9487587463713879
 40
1.0
 40
1.0
 40
1.0
 40
1.0
 10
927.1916650967376
 20
428.2737905819002
 30
0.0
 10
927.6327316870146
 20
427.5720273910992
 30
0.0
 10
928.7116122382576
 20
425.8554642352755
 30
0.0
 10
930.5874842909359
 20
423.159195903581
 30
0.0
 10
932.8917856225116
 20
420.0564245780555
 30
0.0
 10
935.4359726116452
 20
416.8934797164828
 30
0.0
 10
938.1762514938971
 20
413.7440443023014
 30
0.0
 10
941.0326031658696
 20
410.7091511413081
 30
0.0
 10
944.0382417264244
 20
407.7635586892752
 30
0.0
 10
946.8649328998852
 20
405.2291424832358
 30
0.0
 10
949.2934709841883
 20
403.2283631901122
 30
0.0
 10
951.3295816905419
 20
401.6626620100163
 30
0.0
 10
953.3284041598644
 20
400.2375098899092
 30
0.0
 10
955.2865606420864
 20
398.973538365687
 30
0.0
 10
957.0650967812943
 20
397.9498573683017
 30
0.0
 10
958.593659039683
 20
397.1684332860422
 30
0.0
 10
960.3791778571284
 20
396.3847547844184
 30
0.0
 10
962.5281897539387
 20
395.6230696504153
 30
0.0
 10
964.314121283586
 20
395.3983715975045
 30
0.0
 10
965.2076398280286
 20
395.2859530227478
 30
0.0
  0
SPLINE
  5
499
330
1F
100
AcDbEntity
  8
0
  6
Continuous
 62
     7
370
    25
100
AcDbSpline
210
0.0
220
0.0
230
1.0
 70
     8
 71
     3
 72
     9
 73
     5
 74
     0
 42
0.00000001
 43
0.0000000001
 40
0.0
 40
0.0
 40
0.0
 40
0.0
 40
0.5261121896012276
 40
1.0
 40
1.0
 40
1.0
 40
1.0
 10
1012.524374455313
 20
457.3935338296786
 30
0.0
 10
1012.490958437513
 20
456.8511134107904
 30
0.0
 10
1012.427443433566
 20
455.8201157840302
 30
0.0
 10
1011.977802527677
 20
454.8479543671566
 30
0.0
 10
1011.76472318332
 20
454.3872589219599
 30
0.0
  0
SPLINE
  5
49A
330
1F
100
AcDbEntity
  8
0
  6
Continuous
 62
     7
370
    25
100
AcDbSpline
210
0.0
220
0.0
230
1.0
 70
     8
 71
     3
 72
    11
 73
     7
 74
     0
 42
0.00000001
 43
0.0000000001
 40
0.0
 40
0.0
 40
0.0
 40
0.0
 40
0.1220578861275216
 40
0.4066776349602384
 40
0.6825030714407493
 40
1.0
 40
1.0
 40
1.0
 40
1.0
 10
884.0034172388676
 20
377.2632970217209
 30
0.0
 10
884.0062728499995
 20
377.2579056350518
 30
0.0
 10
884.0157872961253
 20
377.2399423845863
 30
0.0
 10
884.0209941253531
 20
377.351276785213
 30
0.0
 10
884.0095996503132
 20
377.5678073912736
 30
0.0
 10
883.9878012851821
 20
377.8271511619034
 30
0.0
 10
883.9761366077917
 20
377.9659304418828
 30
0.0
  0
SPLINE
  5
49B
330
1F
100
AcDbEntity
  8
0
  6
Continuous
 62
     7
370
    25
100
AcDbSpline
210
0.0
220
0.0
230
1.0
 70
     8
 71
     3
 72
    18
 73
    14
 74
     0
 42
0.00000001
 43
0.0000000001
 40
0.0
 40
0.0
 40
0.0
 40
0.0
 40
0.0622195330473256
 40
0.1183292835225298
 40
0.1683292447165322
 40
0.2122194261253096
 40
0.2499998613901247
 40
0.3725437535710326
 40
0.5000050443268113
 40
0.627789476057536
 40
0.7500102455011816
 40
0.8559406233625205
 40
1.0
 40
1.0
 40
1.0
 40
1.0
 10
883.9761366077917
 20
377.9659304418828
 30
0.0
 10
883.9730579719125
 20
378.0123507401913
 30
0.0
 10
883.9672030135069
 20
378.1006329945043
 30
0.0
 10
883.95941860124
 20
378.2400706296339
 30
0.0
 10
883.9529679801625
 20
378.3722378676138
 30
0.0
 10
883.9478416373266
 20
378.4950725748267
 30
0.0
 10
883.9411639438903
 20
378.6944939746902
 30
0.0
 10
883.9352461840588
 20
379.0003069925082
 30
0.0
 10
883.9326135755507
 20
379.4520647923272
 30
0.0
 10
883.9350849827814
 20
379.9539314738453
 30
0.0
 10
883.9422187644593
 20
380.4744050644548
 30
0.0
 10
883.956626411599
 20
381.0591211100165
 30
0.0
 10
883.9690039269115
 20
381.4931625187482
 30
0.0
 10
883.9761366077844
 20
381.7432837083231
 30
0.0
  0
SPLINE
  5
49C
330
1F
100
AcDbEntity
  8
0
  6
Continuous
 62
     7
370
    25
100
AcDbSpline
210
0.0
220
0.0
230
1.0
 70
     8
 71
     3
 72
    19
 73
    15
 74
     0
 42
0.00000001
 43
0.0000000001
 40
0.0
 40
0.0
 40
0.0
 40
0.0
 40
0.0644445250826511
 40
0.1216764569437673
 40
0.1716957767713077
 40
0.2145024884833079
 40
0.2500966319372295
 40
0.3747705232515805
 40
0.5017501106331998
 40
0.5946651391834055
 40
0.7479929873966633
 40
0.8554518368567562
 40
0.939454240965407
 40
1.0
 40
1.0
 40
1.0
 40
1.0
 10
883.9761366077844
 20
381.7432837083231
 30
0.0
 10
883.9797929734039
 20
381.8586859147067
 30
0.0
 10
883.9866964863629
 20
382.076574580629
 30
0.0
 10
883.9958790377249
 20
382.3973054154557
 30
0.0
 10
884.003395550644
 20
382.6848564619112
 30
0.0
 10
884.0092547493648
 20
382.9368897948231
 30
0.0
 10
884.0170998051497
 20
383.3430942422019
 30
0.0
 10
884.0229039202467
 20
383.939918964222
 30
0.0
 10
884.0230928349646
 20
384.6968285854091
 30
0.0
 10
884.012333330077
 20
385.5546649202565
 30
0.0
 10
883.9986324273585
 20
386.4072595309987
 30
0.0
 10
883.9859187397804
 20
387.2786107298415
 30
0.0
 10
883.978158695805
 20
387.9353570663536
 30
0.0
 10
883.9767339503813
 20
388.3229453025833
 30
0.0
 10
883.9761371784023
 20
388.4852913569716
 30
0.0
  0
SPLINE
  5
49D
330
1F
100
AcDbEntity
  8
0
  6
Continuous
 62
     7
370
    25
100
AcDbSpline
210
0.0
220
0.0
230
1.0
 70
     8
 71
     3
 72
    17
 73
    13
 74
     0
 42
0.00000001
 43
0.0000000001
 40
0.0
 40
0.0
 40
0.0
 40
0.0
 40
0.0595648075914124
 40
0.122377605555728
 40
0.1616467023610686
 40
0.2506754443082468
 40
0.3942970115630758
 40
0.5065469090360444
 40
0.6314923695006808
 40
0.7504204158644223
 40
0.8571080107673857
 40
1.0
 40
1.0
 40
1.0
 40
1.0
 10
883.9761371784023
 20
388.4852913569716
 30
0.0
 10
883.9764727810823
 20
388.6460578289765
 30
0.0
 10
883.9771622864136
 20
388.9763571566022
 30
0.0
 10
883.9809573887103
 20
389.4229717430639
 30
0.0
 10
883.9889421566621
 20
389.9581932113346
 30
0.0
 10
884.0005657408163
 20
390.7339630241644
 30
0.0
 10
884.0143216600726
 20
391.7494705141191
 30
0.0
 10
884.0242873348287
 20
392.9076994635101
 30
0.0
 10
884.0254248225882
 20
394.021755703955
 30
0.0
 10
884.0184166843426
 20
395.1492082711879
 30
0.0
 10
884.0007076998189
 20
396.3606441327133
 30
0.0
 10
883.9850825097354
 20
397.2075041977102
 30
0.0
 10
883.9761366077672
 20
397.6923576351746
 30
0.0
  0
SPLINE
  5
49E
330
1F
100
AcDbEntity
  8
0
  6
Continuous
 62
     7
370
    25
100
AcDbSpline
210
0.0
220
0.0
230
1.0
 70
     8
 71
     3
 72
    18
 73
    14
 74
     0
 42
0.00000001
 43
0.0000000001
 40
0.0
 40
0.0
 40
0.0
 40
0.0
 40
0.0622162167599351
 40
0.1183242683586824
 40
0.1683241577107684
 40
0.2122159079403
 40
0.2499995729096105
 40
0.372496534198123
 40
0.5000005122847737
 40
0.6277413220148325
 40
0.7500049639469953
 40
0.8559333004499816
 40
1.0
 40
1.0
 40
1.0
 40
1.0
 10
883.9761366077672
 20
397.6923576351746
 30
0.0
 10
883.97260042434
 20
397.9072373085336
 30
0.0
 10
883.9658752273024
 20
398.3159005391107
 30
0.0
 10
883.956935541353
 20
398.9052042876482
 30
0.0
 10
883.9495291163274
 20
399.4347763584921
 30
0.0
 10
883.9436449964832
 20
399.9034195030626
 30
0.0
 10
883.935987296685
 20
400.634917422727
 30
0.0
 10
883.9292141158475
 20
401.6793098622387
 30
0.0
 10
883.9262209420875
 20
403.075813246145
 30
0.0
 10
883.9290809303637
 20
404.4959614387291
 30
0.0
 10
883.9372796747392
 20
405.8565021091407
 30
0.0
 10
883.9537929440274
 20
407.2970355762819
 30
0.0
 10
883.9679662065863
 20
408.2810678403556
 30
0.0
 10
883.9761339493987
 20
408.8481442222475
 30
0.0
  0
SPLINE
  5
49F
330
1F
100
AcDbEntity
  8
0
  6
Continuous
 62
     7
370
    25
100
AcDbSpline
210
0.0
220
0.0
230
1.0
 70
     8
 71
     3
 72
    14
 73
    10
 74
     0
 42
0.00000001
 43
0.0000000001
 40
0.0
 40
0.0
 40
0.0
 40
0.0
 40
0.25
 40
0.25
 40
0.5
 40
0.5
 40
0.75
 40
0.75
 40
1.0
 40
1.0
 40
1.0
 40
1.0
 10
883.9758800450836
 20
408.8481480575675
 30
0.0
 10
883.9928311940875
 20
409.8390797456931
 30
0.0
 10
884.009287046534
 20
410.8375811536941
 30
0.0
 10
884.0283768349317
 20
412.8494328621849
 30
0.0
 10
884.031033916044
 20
413.8627835788208
 30
0.0
 10
884.0226175878269
 20
415.9042398729607
 30
0.0
 10
884.0115409168701
 20
416.9323454511231
 30
0.0
 10
883.9882846604321
 20
419.0034060967204
 30
0.0
 10
883.976075152076
 20
420.0463607494399
 30
0.0
 10
883.9761368313091
 20
421.0968848669521
 30
0.0
  0
SPLINE
  5
4A0
330
1F
100
AcDbEntity
  8
0
  6
Continuous
 62
     7
370
    25
100
AcDbSpline
210
0.0
220
0.0
230
1.0
 70
     8
 71
     3
 72
    17
 73
    13
 74
     0
 42
0.00000001
 43
0.0000000001
 40
0.0
 40
0.0
 40
0.0
 40
0.0
 40
0.0589146188704982
 40
0.1210580575333124
 40
0.1603378242065395
 40
0.2483127210222651
 40
0.3904574984741495
 40
0.5016604937245173
 40
0.6251767476087732
 40
0.7481360494302674
 40
0.8557047420388448
 40
1.0
 40
1.0
 40
1.0
 40
1.0
 10
883.9761373162636
 20
421.0968848669237
 30
0.0
 10
883.9765077231703
 20
421.3420632501033
 30
0.0
 10
883.9772688371621
 20
421.8458570348374
 30
0.0
 10
883.9814753569333
 20
422.5141138048872
 30
0.0
 10
883.9902990561666
 20
423.3039432187392
 30
0.0
 10
884.0031947100786
 20
424.4282760065981
 30
0.0
 10
884.018439498879
 20
425.8538311687502
 30
0.0
 10
884.0301326240231
 20
427.4270117013674
 30
0.0
 10
884.0316572567653
 20
428.9182339922087
 30
0.0
 10
884.0234694517175
 20
430.3905100775686
 30
0.0
 10
884.0036047419015
 20
431.9445942957403
 30
0.0
 10
883.9861414780578
 20
432.9823570697382
 30
0.0
 10
883.976136607748
 20
433.5769012545561
 30
0.0
  0
SPLINE
  5
4A1
330
1F
100
AcDbEntity
  8
0
  6
Continuous
 62
     7
370
    25
100
AcDbSpline
210
0.0
220
0.0
230
1.0
 70
     8
 71
     3
 72
    18
 73
    14
 74
     0
 42
0.00000001
 43
0.0000000001
 40
0.0
 40
0.0
 40
0.0
 40
0.0
 40
0.0622006380345993
 40
0.1183009092518149
 40
0.1683008267521573
 40
0.2122004280109195
 40
0.2499997880876761
 40
0.372233299383408
 40
0.5000050791166231
 40
0.6274781566741462
 40
0.7500103438800091
 40
0.8559105728701327
 40
1.0
 40
1.0
 40
1.0
 40
1.0
 10
883.976136607748
 20
433.5769012545561
 30
0.0
 10
883.9722405774363
 20
433.8343021440709
 30
0.0
 10
883.9648306224443
 20
434.3238591684684
 30
0.0
 10
883.9549927461966
 20
435.0177238023192
 30
0.0
 10
883.9468529496105
 20
435.6344785771015
 30
0.0
 10
883.9403988675567
 20
436.1744913447368
 30
0.0
 10
883.9320471190566
 20
437.0086136544664
 30
0.0
 10
883.9247490595143
 20
438.1798768400135
 30
0.0
 10
883.921659385748
 20
439.7020617922498
 30
0.0
 10
883.9249571481268
 20
441.2095820795081
 30
0.0
 10
883.9340256776385
 20
442.6130686107062
 30
0.0
 10
883.9519829877808
 20
444.066451838968
 30
0.0
 10
883.9673051792022
 20
445.0239515556397
 30
0.0
 10
883.9761366077453
 20
445.5758367327852
 30
0.0
  0
SPLINE
  5
4A2
330
1F
100
AcDbEntity
  8
0
  6
Continuous
 62
     7
370
    25
100
AcDbSpline
210
0.0
220
0.0
230
1.0
 70
     8
 71
     3
 72
     9
 73
     5
 74
     0
 42
0.00000001
 43
0.0000000001
 40
0.0
 40
0.0
 40
0.0
 40
0.0
 40
0.5798164165017055
 40
1.0
 40
1.0
 40
1.0
 40
1.0
 10
883.9761366077453
 20
445.5758367327852
 30
0.0
 10
883.9896476527718
 20
446.2830826783926
 30
0.0
 10
884.0129499337034
 20
447.5028583271654
 30
0.0
 10
884.0236703534136
 20
448.6816069539308
 30
0.0
 10
884.0281748977849
 20
449.176897775969
 30
0.0
  0
LINE
  5
4A3
330
1F
100
AcDbEntity
  8
0
  6
Continuous
 62
     7
370
    25
100
AcDbLine
 10
1013.240180861366
 20
456.1505244285603
 30
0.0
 11
1013.183274588697
 21
453.9830023176524
 31
0.0
  0
SPLINE
  5
4A4
330
1F
100
AcDbEntity
  8
0
  6
Continuous
 62
     7
370
    25
100
AcDbSpline
210
0.0
220
0.0
230
1.0
 70
     8
 71
     3
 72
    20
 73
    16
 74
     0
 42
0.00000001
 43
0.0000000001
 40
0.0
 40
0.0
 40
0.0
 40
0.0
 40
0.0052579151792181
 40
0.0571631055345077
 40
0.1094393075157235
 40
0.1613286797737929
 40
0.2136297845460622
 40
0.3176959726896009
 40
0.4217891826217639
 40
0.525869274555911
 40
0.6299707557225628
 40
0.7340722285538144
 40
0.838152323903731
 40
0.9422455276558348
 40
1.0
 40
1.0
 40
1.0
 40
1.0
 10
1011.694952535343
 20
439.5240948101199
 30
0.0
 10
1011.671723135141
 20
439.3702829406312
 30
0.0
 10
1011.419177285709
 20
437.6980680363685
 30
0.0
 10
1010.764204239323
 20
434.3803634697414
 30
0.0
 10
1009.733390301133
 20
429.6412183606062
 30
0.0
 10
1008.529155091147
 20
424.8690754709177
 30
0.0
 10
1006.75002961985
 20
418.5784958140206
 30
0.0
 10
1004.215729893126
 20
410.908955522685
 30
0.0
 10
1000.825022042953
 20
402.3775083104512
 30
0.0
 10
997.200292896592
 20
394.7554655029096
 30
0.0
 10
993.4630384494793
 20
388.2634906374932
 30
0.0
 10
989.7203166501439
 20
383.0703050549309
 30
0.0
 10
986.1119774389024
 20
379.4434102923034
 30
0.0
 10
983.1729795345371
 20
377.476524607839
 30
0.0
 10
981.6408736800703
 20
377.4759450122146
 30
0.0
 10
981.0941499498666
 20
377.4757381866352
 30
0.0
  0
SPLINE
  5
4A5
330
1F
100
AcDbEntity
  8
0
  6
Continuous
 62
     7
370
    25
100
AcDbSpline
210
0.0
220
0.0
230
1.0
 70
    24
 71
     3
 72
    18
 73
    14
 74
     0
 42
0.00000001
 43
0.0000000001
 40
0.0
 40
0.0
 40
0.0
 40
0.0
 40
0.0648662909059802
 40
0.1588294054635885
 40
0.2527925200211965
 40
0.3467556345788049
 40
0.4407187491364128
 40
0.5346818636940211
 40
0.6286449782516286
 40
0.7226080928092375
 40
0.8165712073668453
 40
0.910534321924452
 40
1.0
 40
1.0
 40
1.0
 40
1.0
 10
857.8407833978388
 20
448.9991561047956
 30
0.0
 10
857.8407833978388
 20
447.1094240439951
 30
0.0
 10
857.8407833978388
 20
442.4822900502003
 30
0.0
 10
857.8407833978388
 20
434.238670347415
 30
0.0
 10
857.8407833978388
 20
424.8255948337217
 30
0.0
 10
857.8407833978388
 20
415.3965775978317
 30
0.0
 10
857.8407833978388
 20
406.356301552329
 30
0.0
 10
857.8407833978388
 20
398.0399341097033
 30
0.0
 10
857.8407833978388
 20
390.773718843219
 30
0.0
 10
857.8407833978388
 20
384.8225367114507
 30
0.0
 10
857.8407833978388
 20
380.4658605466483
 30
0.0
 10
857.8407833978388
 20
377.7267909679485
 30
0.0
 10
857.8407833978388
 20
377.4299266833056
 30
0.0
 10
857.8407833978388
 20
377.2851339049161
 30
0.0
  0
LWPOLYLINE
  5
4A6
330
1F
100
AcDbEntity
  8
0
  6
Continuous
 62
     7
370
    25
100
AcDbPolyline
 90
       34
 70
   128
 43
0.0
 10
739.6125676029477
 20
616.9912916629075
 10
739.7091354632465
 20
617.6819749553744
 10
740.6919507170686
 20
622.6428568351764
 10
742.1653789391947
 20
627.4953046646662
 10
744.1164409151032
 20
632.1965739379322
 10
746.527950024123
 20
636.7052518589364
 10
749.3786636338771
 20
640.9816221408043
 10
752.6434702235381
 20
644.9880148608029
 10
756.2936105875504
 20
648.6891382892083
 10
760.296931171284
 20
652.0523897690057
 10
764.6181673070167
 20
655.0481429079475
 10
769.219253855247
 20
657.6500085531236
 10
774.0596605149656
 20
659.8350672491667
 10
779.0967488491722
 20
661.5840711323946
 10
784.2861478806506
 20
662.8816134824348
 10
789.582144949445
 20
663.7162644377833
 10
794.9380883890243
 20
664.0806716797854
 10
800.3067984740081
 20
663.9716251981419
 10
805.6409830194951
 20
663.3900855674212
 10
810.8936539710347
 20
662.3411754854966
 10
816.0185413155476
 20
660.8341346484523
 10
820.9705006671301
 20
658.882238359439
 10
825.7059109373711
 20
656.5026805884701
 10
830.1830585871647
 20
653.7164225132385
 10
834.3625050752015
 20
650.5480078751623
 10
838.2074342663271
 20
647.0253467771392
 10
841.6839767395176
 20
643.1794698275182
 10
844.7615081386691
 20
639.0442547959913
 10
847.4129189380954
 20
634.6561281892538
 10
849.6148532463829
 20
630.0537443752221
 10
851.3479145450391
 20
625.2776450823287
 10
852.5968365495971
 20
620.3699022733519
 10
853.3506176880926
 20
615.3737475396199
 10
853.6026180123043
 20
610.3331912802253
  0
SPLINE
  5
4A7
330
1F
100
AcDbEntity
  8
0
  6
Continuous
 62
     7
370
    25
100
AcDbSpline
210
0.0
220
0.0
230
1.0
 70
     8
 71
     3
 72
    84
 73
    80
 74
     0
 42
0.00000001
 43
0.0000000001
 40
0.0
 40
0.0
 40
0.0
 40
0.0
 40
0.0312500000000007
 40
0.0312500000000007
 40
0.0625000000000013
 40
0.0625000000000013
 40
0.0781250000000013
 40
0.0781250000000013
 40
0.0937500000000014
 40
0.0937500000000014
 40
0.1250000000000011
 40
0.1250000000000011
 40
0.156250000000001
 40
0.156250000000001
 40
0.1875000000000008
 40
0.1875000000000008
 40
0.2500000000000005
 40
0.2500000000000005
 40
0.2812500000000002
 40
0.2812500000000002
 40
0.3125
 40
0.3125
 40
0.3437499999999997
 40
0.3437499999999997
 40
0.3749999999999995
 40
0.3749999999999995
 40
0.4062499999999992
 40
0.4062499999999992
 40
0.4374999999999991
 40
0.4374999999999991
 40
0.453124999999999
 40
0.453124999999999
 40
0.4687499999999988
 40
0.4687499999999988
 40
0.4843749999999986
 40
0.4843749999999986
 40
0.4999999999999985
 40
0.4999999999999985
 40
0.5312499999999983
 40
0.5312499999999983
 40
0.5390624999999983
 40
0.5390624999999983
 40
0.5468749999999984
 40
0.5468749999999984
 40
0.5624999999999979
 40
0.5624999999999979
 40
0.5781249999999976
 40
0.5781249999999976
 40
0.5937499999999973
 40
0.5937499999999973
 40
0.6249999999999973
 40
0.6249999999999973
 40
0.6562499999999973
 40
0.6562499999999973
 40
0.6874999999999972
 40
0.6874999999999972
 40
0.7031249999999973
 40
0.7031249999999973
 40
0.7187499999999974
 40
0.7187499999999974
 40
0.7499999999999982
 40
0.7499999999999982
 40
0.8124999999999992
 40
0.8124999999999992
 40
0.8437499999999998
 40
0.8437499999999998
 40
0.8593750000000001
 40
0.8593750000000001
 40
0.8750000000000003
 40
0.8750000000000003
 40
0.9062500000000003
 40
0.9062500000000003
 40
0.9218750000000003
 40
0.9218750000000003
 40
0.9375000000000003
 40
0.9375000000000003
 40
0.9687500000000001
 40
0.9687500000000001
 40
1.0
 40
1.0
 40
1.0
 40
1.0
 10
739.1721526064301
 20
612.5904061922222
 30
0.0
 10
739.1721526064283
 20
614.5832574250118
 30
0.0
 10
739.289638527476
 20
616.5854033555472
 30
0.0
 10
739.7447040600617
 20
620.606937884356
 30
0.0
 10
740.0823457745408
 20
622.6263293038189
 30
0.0
 10
740.74944802999
 20
625.6676489888848
 30
0.0
 10
740.998651658544
 20
626.683463900423
 30
0.0
 10
741.5507093638588
 20
628.7190937662333
 30
0.0
 10
741.850389367897
 20
629.7272323803752
 30
0.0
 10
742.8159967077735
 20
632.7233288247491
 30
0.0
 10
743.5483737640078
 20
634.6835248323634
 30
0.0
 10
745.1755911118379
 20
638.5358146659475
 30
0.0
 10
746.0710199680597
 20
640.4288726160977
 30
0.0
 10
748.0145992669803
 20
644.1461636810643
 30
0.0
 10
749.04645524873
 20
645.9397000566989
 30
0.0
 10
752.3034800398126
 20
651.1476863866448
 30
0.0
 10
754.6880983886985
 20
654.3913483235349
 30
0.0
 10
758.5569301897265
 20
658.9573856496592
 30
0.0
 10
759.8998985626439
 20
660.4325016727509
 30
0.0
 10
762.6390123770651
 20
663.2379750409211
 30
0.0
 10
764.0398319585519
 20
664.5744926213503
 30
0.0
 10
766.9063440971512
 20
667.1225513904325
 30
0.0
 10
768.371951577077
 20
668.3341062156771
 30
0.0
 10
771.3761364667488
 20
670.6338629659833
 30
0.0
 10
772.9144908323696
 20
671.7221665049499
 30
0.0
 10
776.0822930424855
 20
673.7697455156506
 30
0.0
 10
777.7119299345776
 20
674.7297648682659
 30
0.0
 10
781.0983829687637
 20
676.5004212902515
 30
0.0
 10
782.835580886839
 20
677.3018694769009
 30
0.0
 10
785.5536997151765
 20
678.3460507118763
 30
0.0
 10
786.4787844755482
 20
678.6675079738336
 30
0.0
 10
788.3814097730899
 20
679.2461298954052
 30
0.0
 10
789.357296476265
 20
679.5022539944122
 30
0.0
 10
791.3374731988859
 20
679.925612612664
 30
0.0
 10
792.3458377741143
 20
680.0941383954498
 30
0.0
 10
794.4094249328608
 20
680.3275400901704
 30
0.0
 10
795.4728755212753
 20
680.3918238382859
 30
0.0
 10
798.6582578205733
 20
680.401630547107
 30
0.0
 10
800.716786984416
 20
680.1683396944984
 30
0.0
 10
803.2299466174025
 20
679.6400681528723
 30
0.0
 10
803.7274563395001
 20
679.5230049077011
 30
0.0
 10
804.7045772659101
 20
679.2707146919849
 30
0.0
 10
805.1857216771558
 20
679.1351706277712
 30
0.0
 10
806.6102648628792
 20
678.7033470849048
 30
0.0
 10
807.5349333303973
 20
678.3820320938223
 30
0.0
 10
809.3474640757476
 20
677.6838580127889
 30
0.0
 10
810.2352645552072
 20
677.3069339322457
 30
0.0
 10
811.9827849019118
 20
676.5044664492427
 30
0.0
 10
812.8437780666898
 20
676.078088345592
 30
0.0
 10
815.3716829306102
 20
674.744512982623
 30
0.0
 10
816.9918698882774
 20
673.7803926185381
 30
0.0
 10
820.1437074822477
 20
671.7214812211834
 30
0.0
 10
821.6747348239568
 20
670.6263535176888
 30
0.0
 10
824.6661607414333
 20
668.3102406213163
 30
0.0
 10
826.1263304957527
 20
667.0891535564035
 30
0.0
 10
828.2697459712807
 20
665.1611772820062
 30
0.0
 10
828.976350785293
 20
664.5024091832026
 30
0.0
 10
830.3743081378542
 20
663.1517579573276
 30
0.0
 10
831.0665447653253
 20
662.458864506166
 30
0.0
 10
833.1038779994667
 20
660.3465013976285
 30
0.0
 10
834.4149007270106
 20
658.888734022443
 30
0.0
 10
838.2089811894974
 20
654.3633384895631
 30
0.0
 10
840.5551725283984
 20
651.1458597390331
 30
0.0
 10
843.7709208615951
 20
645.9693581660806
 30
0.0
 10
844.7917547188852
 20
644.1849945059214
 30
0.0
 10
846.2368781271205
 20
641.4074805209386
 30
0.0
 10
846.7036415330094
 20
640.4653762368359
 30
0.0
 10
847.5940995662011
 20
638.5719117537848
 30
0.0
 10
848.0194514036337
 20
637.6174486655866
 30
0.0
 10
849.2342856491049
 20
634.7302378275937
 30
0.0
 10
849.9627987918856
 20
632.7737664473154
 30
0.0
 10
850.9231331911532
 20
629.7874894842145
 30
0.0
 10
851.2211136158992
 20
628.7834461255735
 30
0.0
 10
851.7702362909712
 20
626.7571154917834
 30
0.0
 10
852.0216476860859
 20
625.7326902494062
 30
0.0
 10
852.6913466199957
 20
622.6782542263584
 30
0.0
 10
853.0297065477933
 20
620.6526906216561
 30
0.0
 10
853.4853150787101
 20
616.623963710059
 30
0.0
 10
853.6026180123052
 20
614.6207955103411
 30
0.0
 10
853.6026180123043
 20
612.6295946239736
 30
0.0
  0
SPLINE
  5
4A8
330
1F
100
AcDbEntity
  8
0
  6
Continuous
 62
     7
370
    25
100
AcDbSpline
210
0.0
220
0.0
230
1.0
 70
     8
 71
     3
 72
    19
 73
    15
 74
     0
 42
0.00000001
 43
0.0000000001
 40
0.0
 40
0.0
 40
0.0
 40
0.0
 40
0.0515885643224645
 40
0.1401866597610256
 40
0.2313028365685131
 40
0.3207733854591051
 40
0.4128454840055135
 40
0.5021346964241591
 40
0.5940827329916898
 40
0.6821221756191182
 40
0.7728217737669443
 40
0.859019574979098
 40
0.9478107425037649
 40
1.0
 40
1.0
 40
1.0
 40
1.0
 10
746.6662884640363
 20
690.2360766945768
 30
0.0
 10
746.3112583612208
 20
690.2410192338859
 30
0.0
 10
745.3465002819456
 20
690.2544500801525
 30
0.0
 10
743.657575749521
 20
688.4317941362971
 30
0.0
 10
741.6865749809293
 20
684.98368291069
 30
0.0
 10
739.7183937464914
 20
679.8730058110452
 30
0.0
 10
737.8519952015193
 20
673.4157308995301
 30
0.0
 10
736.1122150852314
 20
665.6644736485798
 30
0.0
 10
734.5894643392465
 20
657.0233502570807
 30
0.0
 10
733.2986379083039
 20
647.5865020480625
 30
0.0
 10
732.3054467632791
 20
637.8733745904012
 30
0.0
 10
731.6174114261738
 20
627.966462966696
 30
0.0
 10
731.2886797246955
 20
619.5569344542075
 30
0.0
 10
731.2568934703266
 20
614.5686854353909
 30
0.0
 10
731.2451265813141
 20
612.7220956520234
 30
0.0
  0
SPLINE
  5
4A9
330
1F
100
AcDbEntity
  8
0
  6
Continuous
 62
     7
370
    25
100
AcDbSpline
210
0.0
220
0.0
230
1.0
 70
     8
 71
     3
 72
     8
 73
     4
 74
     0
 42
0.00000001
 43
0.0000000001
 40
0.0
 40
0.0
 40
0.0
 40
0.0
 40
1.0
 40
1.0
 40
1.0
 40
1.0
 10
867.7298359636468
 20
612.7490878344813
 30
0.0
 10
863.3885999241218
 20
612.7490878344813
 30
0.0
 10
858.6418028364104
 20
612.6996919725741
 30
0.0
 10
853.6026180123043
 20
612.6295946239918
 30
0.0
  0
SPLINE
  5
4AA
330
1F
100
AcDbEntity
  8
0
  6
Continuous
 62
     7
370
    25
100
AcDbSpline
210
0.0
220
0.0
230
1.0
 70
     8
 71
     3
 72
     8
 73
     4
 74
     0
 42
0.00000001
 43
0.0000000001
 40
0.0
 40
0.0
 40
0.0
 40
0.0
 40
1.0
 40
1.0
 40
1.0
 40
1.0
 10
739.1721526064301
 20
612.5904061922404
 30
0.0
 10
736.2941566006973
 20
612.6466599808666
 30
0.0
 10
733.6405450180953
 20
612.6940250878858
 30
0.0
 10
731.2451265813177
 20
612.7220956520329
 30
0.0
  0
SPLINE
  5
4AB
330
1F
100
AcDbEntity
  8
0
  6
Continuous
 62
     7
370
    25
100
AcDbSpline
210
0.0
220
0.0
230
1.0
 70
     8
 71
     3
 72
    20
 73
    16
 74
     0
 42
0.00000001
 43
0.0000000001
 40
0.0
 40
0.0
 40
0.0
 40
0.0
 40
0.0711788242490406
 40
0.1439305188246176
 40
0.2250415486436218
 40
0.308448229869424
 40
0.3906288837198948
 40
0.4750978332271049
 40
0.5590162385891683
 40
0.6452810124912635
 40
0.7307557841952369
 40
0.8186642971888517
 40
0.9048943438211733
 40
0.9936399719841791
 40
1.0
 40
1.0
 40
1.0
 40
1.0
 10
730.3861586920965
 20
612.7314184898843
 30
0.0
 10
730.4090343573233
 20
615.3568097859718
 30
0.0
 10
730.4552911815879
 20
620.6656068242812
 30
0.0
 10
730.8439973785224
 20
629.3308730463689
 30
0.0
 10
731.5057471321441
 20
638.5057035518082
 30
0.0
 10
732.4792861076574
 20
647.868716230507
 30
0.0
 10
733.7193793292843
 20
656.9039848897043
 30
0.0
 10
735.1834647653139
 20
665.2653444081936
 30
0.0
 10
736.8547548030154
 20
672.8225478130609
 30
0.0
 10
738.6726855634614
 20
679.2646283808783
 30
0.0
 10
740.608720586213
 20
684.4419889731982
 30
0.0
 10
742.5874666944963
 20
688.1648857030779
 30
0.0
 10
744.5576364892603
 20
690.1171185243468
 30
0.0
 10
745.9071972152031
 20
690.7613757157799
 30
0.0
 10
746.5464901954781
 20
690.259810815198
 30
0.0
 10
746.5892418196006
 20
690.2262695207293
 30
0.0
  0
SPLINE
  5
4AC
330
1F
100
AcDbEntity
  8
0
  6
Continuous
 62
     7
370
    25
100
AcDbSpline
210
0.0
220
0.0
230
1.0
 70
     8
 71
     3
 72
     8
 73
     4
 74
     0
 42
0.00000001
 43
0.0000000001
 40
0.0
 40
0.0
 40
0.0
 40
0.0
 40
1.0
 40
1.0
 40
1.0
 40
1.0
 10
730.3861586920965
 20
612.7314184898843
 30
0.0
 10
729.2484602805861
 20
612.7427293540606
 30
0.0
 10
728.173137491154
 20
612.7490878344818
 30
0.0
 10
727.1640173477879
 20
612.7490878344818
 30
0.0
  0
SPLINE
  5
4AD
330
1F
100
AcDbEntity
  8
0
  6
Continuous
 62
     7
370
    25
100
AcDbSpline
210
0.0
220
0.0
230
1.0
 70
     8
 71
     3
 72
    20
 73
    16
 74
     0
 42
0.00000001
 43
0.0000000001
 40
0.0
 40
0.0
 40
0.0
 40
0.0
 40
0.0161888190848695
 40
0.0810554325459275
 40
0.1710180369712355
 40
0.2609894534846634
 40
0.3498930109873084
 40
0.4399969020045238
 40
0.530108656970811
 40
0.6217579404844162
 40
0.7146668765252477
 40
0.8075820427436902
 40
0.9013622826117105
 40
0.9964915472824982
 40
1.0
 40
1.0
 40
1.0
 40
1.0
 10
730.5801896280271
 20
613.0871377896949
 30
0.0
 10
730.5813361505478
 20
613.6201589657769
 30
0.0
 10
730.5870766482584
 20
616.288930650541
 30
0.0
 10
730.6976261201306
 20
622.0794164927959
 30
0.0
 10
731.0937388015972
 20
630.5985439590187
 30
0.0
 10
731.8218764646707
 20
639.9883903525071
 30
0.0
 10
732.8213231805092
 20
649.1564465643961
 30
0.0
 10
734.0638387431762
 20
657.8539173128794
 30
0.0
 10
735.5249571137236
 20
665.9390377494148
 30
0.0
 10
737.1744755810167
 20
673.1759251435881
 30
0.0
 10
738.9701249189146
 20
679.3237197236342
 30
0.0
 10
740.8635585538294
 20
684.2607548297439
 30
0.0
 10
742.7932854792015
 20
687.5785476153735
 30
0.0
 10
744.1235394541644
 20
689.2413576393776
 30
0.0
 10
744.764299951982
 20
689.313881991495
 30
0.0
 10
744.787091212458
 20
689.3164616158721
 30
0.0
  0
SPLINE
  5
4AE
330
1F
100
AcDbEntity
  8
0
  6
Continuous
 62
     7
370
    25
100
AcDbSpline
210
0.0
220
0.0
230
1.0
 70
     8
 71
     3
 72
    13
 73
     9
 74
     0
 42
0.00000001
 43
0.0000000001
 40
0.0
 40
0.0
 40
0.0
 40
0.0
 40
0.1480851676582382
 40
0.3353101514070034
 40
0.5225142691132757
 40
0.7059109598359866
 40
0.8892943514760274
 40
1.0
 40
1.0
 40
1.0
 40
1.0
 10
735.0732464330348
 20
578.3390631742197
 30
0.0
 10
734.6705609343188
 20
579.1450707701216
 30
0.0
 10
733.758757695149
 20
580.9701187022731
 30
0.0
 10
732.607994015674
 20
585.682671761817
 30
0.0
 10
731.6182676162924
 20
591.8832873594022
 30
0.0
 10
730.9492756183771
 20
599.3126153108526
 30
0.0
 10
730.622344495392
 20
606.4997719049145
 30
0.0
 10
730.5917183907812
 20
611.2855859593012
 30
0.0
 10
730.5801896280271
 20
613.0871377896949
 30
0.0
  0
SPLINE
  5
4AF
330
1F
100
AcDbEntity
  8
0
  6
Continuous
 62
     7
370
    25
100
AcDbSpline
210
0.0
220
0.0
230
1.0
 70
     8
 71
     3
 72
    13
 73
     9
 74
     0
 42
0.00000001
 43
0.0000000001
 40
0.0
 40
0.0
 40
0.0
 40
0.0
 40
0.0681053994306342
 40
0.262211799483443
 40
0.4562967041199213
 40
0.6463690520656512
 40
0.8364270073544538
 40
1.0
 40
1.0
 40
1.0
 40
1.0
 10
734.6883080638707
 20
578.0856512549637
 30
0.0
 10
734.5021284773691
 20
578.4121605043122
 30
0.0
 10
733.7853206352364
 20
579.6692499353323
 30
0.0
 10
732.7634812583855
 20
583.531325234466
 30
0.0
 10
731.6735270952285
 20
589.4324458814938
 30
0.0
 10
730.9123815639231
 20
596.7045645513429
 30
0.0
 10
730.4617065925693
 20
604.5028202715204
 30
0.0
 10
730.410051774107
 20
610.1290090141435
 30
0.0
 10
730.3861586920965
 20
612.7314184898843
 30
0.0
  0
SPLINE
  5
4B0
330
1F
100
AcDbEntity
  8
0
  6
Continuous
 62
     7
370
    25
100
AcDbSpline
210
0.0
220
0.0
230
1.0
 70
     8
 71
     3
 72
    13
 73
     9
 74
     0
 42
0.00000001
 43
0.0000000001
 40
0.0
 40
0.0
 40
0.0
 40
0.0
 40
0.1855290030758858
 40
0.371065330616397
 40
0.5564998684947799
 40
0.7419510778175578
 40
0.9293861750023573
 40
1.0
 40
1.0
 40
1.0
 40
1.0
 10
731.2451265813141
 20
612.7220956520234
 30
0.0
 10
731.2766022817503
 20
609.7681818842176
 30
0.0
 10
731.3395549252417
 20
603.8602377315985
 30
0.0
 10
731.8309857082712
 20
595.9375095180064
 30
0.0
 10
732.6016100781416
 20
588.9901773419853
 30
0.0
 10
733.6638305622881
 20
583.308588123348
 30
0.0
 10
734.6690271163351
 20
579.6056164952736
 30
0.0
 10
735.3736618571182
 20
578.3407087543158
 30
0.0
 10
735.5664817063633
 20
577.9945729398248
 30
0.0
  0
LINE
  5
4B1
330
1F
100
AcDbEntity
  8
0
  6
Continuous
 62
     7
370
    25
100
AcDbLine
 10
892.4524673785116
 20
577.7345811331854
 30
0.0
 11
892.4524673785125
 21
689.5330850828943
 31
0.0
  0
SPLINE
  5
4B2
330
1F
100
AcDbEntity
  8
0
  6
Continuous
 62
     7
370
    25
100
AcDbSpline
210
0.0
220
0.0
230
1.0
 70
     8
 71
     3
 72
    16
 73
    12
 74
     0
 42
0.00000001
 43
0.0000000001
 40
0.0
 40
0.0
 40
0.0
 40
0.0
 40
0.023588950350735
 40
0.1917804039446005
 40
0.3082258580776206
 40
0.427279264616543
 40
0.5142168206334052
 40
0.6341591085647448
 40
0.7584104590025046
 40
0.9676961194014484
 40
1.0
 40
1.0
 40
1.0
 40
1.0
 10
811.9259592263023
 20
579.8092919073417
 30
0.0
 10
811.7167025412699
 20
579.8185873046998
 30
0.0
 10
810.0154258423607
 20
579.8941597669593
 30
0.0
 10
807.0526019880597
 20
579.8861973836157
 30
0.0
 10
802.9959011498894
 20
579.874115386636
 30
0.0
 10
799.5666156204996
 20
579.8591049825748
 30
0.0
 10
796.0280694323972
 20
579.8762737313302
 30
0.0
 10
792.4421070481939
 20
579.9329881965543
 30
0.0
 10
787.771147433942
 20
580.0221760562383
 30
0.0
 10
784.193221909163
 20
580.1136767880582
 30
0.0
 10
782.054953511756
 20
580.0393465958643
 30
0.0
 10
781.7690372973692
 20
580.0294076157099
 30
0.0
  0
SPLINE
  5
4B3
330
1F
100
AcDbEntity
  8
0
  6
Continuous
 62
     7
370
    25
100
AcDbSpline
210
0.0
220
0.0
230
1.0
 70
     8
 71
     3
 72
    15
 73
    11
 74
     0
 42
0.00000001
 43
0.0000000001
 40
0.0
 40
0.0
 40
0.0
 40
0.0
 40
0.125
 40
0.25
 40
0.375
 40
0.5
 40
0.625
 40
0.75
 40
0.875
 40
1.0
 40
1.0
 40
1.0
 40
1.0
 10
864.9043923733742
 20
491.4710808108497
 30
0.0
 10
861.0602962389256
 20
491.4710808108497
 30
0.0
 10
852.9882991737194
 20
491.3934255397989
 30
0.0
 10
839.8074772204752
 20
491.165154106547
 30
0.0
 10
825.7026028108738
 20
490.9208543956592
 30
0.0
 10
810.8926357095695
 20
490.7308696187342
 30
0.0
 10
795.6667215467959
 20
490.6401259499288
 30
0.0
 10
780.384191818366
 20
490.6681325259604
 30
0.0
 10
765.4745638856728
 20
490.8089814461074
 30
0.0
 10
756.1165486123508
 20
490.9572256635057
 30
0.0
 10
751.6779566615658
 20
491.0354770105963
 30
0.0
  0
SPLINE
  5
4B4
330
1F
100
AcDbEntity
  8
0
  6
Continuous
 62
     7
370
    25
100
AcDbSpline
210
0.0
220
0.0
230
1.0
 70
     8
 71
     3
 72
    23
 73
    19
 74
     0
 42
0.00000001
 43
0.0000000001
 40
0.0
 40
0.0
 40
0.0
 40
0.0
 40
0.0073399469400613
 40
0.0932803454680377
 40
0.1780515767381924
 40
0.265250451368554
 40
0.3505271570006581
 40
0.3944517915005043
 40
0.4383761168860011
 40
0.5232924633780695
 40
0.5670531190643634
 40
0.6108133302149184
 40
0.6946738914401541
 40
0.7378986318347968
 40
0.7811229915399818
 40
0.8636993684806929
 40
0.9487276791547147
 40
1.0
 40
1.0
 40
1.0
 40
1.0
 10
735.200572344558
 20
577.9021773270171
 30
0.0
 10
735.2505071685262
 20
577.9486920886632
 30
0.0
 10
735.8851081634219
 20
578.5398289280931
 30
0.0
 10
737.2266315369287
 20
577.9425246745675
 30
0.0
 10
739.1890547737201
 20
575.9422246587403
 30
0.0
 10
741.1848264283852
 20
571.9456775625506
 30
0.0
 10
742.8323433186323
 20
567.1946215397768
 30
0.0
 10
744.1046129798214
 20
562.6083953470554
 30
0.0
 10
745.3344226546159
 20
557.5407443761098
 30
0.0
 10
746.4933233206728
 20
551.7904453069093
 30
0.0
 10
747.5517523490224
 20
545.5003325014297
 30
0.0
 10
748.5304598743031
 20
538.9215122263597
 30
0.0
 10
749.389121691447
 20
531.9403497061951
 30
0.0
 10
750.1061188762377
 20
524.7352340867678
 30
0.0
 10
750.7208996813623
 20
517.4621150528889
 30
0.0
 10
751.296751265986
 20
508.2665832029369
 30
0.0
 10
751.6326526297924
 20
498.7946434621207
 30
0.0
 10
751.6655729845841
 20
493.1564143140794
 30
0.0
 10
751.6779566615658
 20
491.0354770105961
 30
0.0
  0
SPLINE
  5
4B5
330
1F
100
AcDbEntity
  8
0
  6
Continuous
 62
     7
370
    25
100
AcDbSpline
210
0.0
220
0.0
230
1.0
 70
     8
 71
     3
 72
    20
 73
    16
 74
     0
 42
0.00000001
 43
0.0000000001
 40
0.0
 40
0.0
 40
0.0
 40
0.0
 40
0.0841470601543404
 40
0.170733709114589
 40
0.254930946038206
 40
0.3415288670924068
 40
0.4264942484098671
 40
0.5138554165779138
 40
0.6000637497707596
 40
0.6887030813147029
 40
0.7761421531833755
 40
0.8660750732518142
 40
0.9542251378764627
 40
0.9996228752428402
 40
0.9999999999999998
 40
0.9999999999999998
 40
0.9999999999999998
 40
0.9999999999999998
 10
750.8085821032054
 20
491.0509045619514
 30
0.0
 10
750.7782965777895
 20
494.4378497940109
 30
0.0
 10
750.7168474899998
 20
501.3099344631227
 30
0.0
 10
750.2227494135467
 20
512.0542038367187
 30
0.0
 10
749.4420833729199
 20
522.8674946951623
 30
0.0
 10
748.379935911027
 20
533.3413618413835
 30
0.0
 10
747.0538907134831
 20
543.3545706304159
 30
0.0
 10
745.5138809718645
 20
552.4999638956362
 30
0.0
 10
743.7775660096867
 20
560.6484553383845
 30
0.0
 10
741.9126418466938
 20
567.4555534684725
 30
0.0
 10
739.9452051938041
 20
572.7858849813067
 30
0.0
 10
737.9556070869565
 20
576.4354064627347
 30
0.0
 10
736.3166657838282
 20
577.8474523634952
 30
0.0
 10
735.3549542532645
 20
578.1987184312977
 30
0.0
 10
735.0401637332524
 20
578.1006019355102
 30
0.0
 10
735.0375702727168
 20
578.0997935844209
 30
0.0
  0
SPLINE
  5
4B6
330
1F
100
AcDbEntity
  8
0
  6
Continuous
 62
     7
370
    25
100
AcDbSpline
210
0.0
220
0.0
230
1.0
 70
     8
 71
     3
 72
     9
 73
     5
 74
     0
 42
0.00000001
 43
0.0000000001
 40
0.0
 40
0.0
 40
0.0
 40
0.0
 40
0.5
 40
1.0
 40
1.0
 40
1.0
 40
1.0
 10
750.8085821032054
 20
491.0509045619514
 30
0.0
 10
745.3674106429478
 20
491.1480784610953
 30
0.0
 10
735.2368692553962
 20
491.3532424633292
 30
0.0
 10
727.4294392153969
 20
491.4710808108506
 30
0.0
 10
724.3385737575152
 20
491.4710808108506
 30
0.0
  0
SPLINE
  5
4B7
330
1F
100
AcDbEntity
  8
0
  6
Continuous
 62
     7
370
    25
100
AcDbSpline
210
0.0
220
0.0
230
1.0
 70
     8
 71
     3
 72
    22
 73
    18
 74
     0
 42
0.00000001
 43
0.0000000001
 40
0.0
 40
0.0
 40
0.0
 40
0.0
 40
0.0145392573059312
 40
0.072775869954003
 40
0.1310116230878435
 40
0.1600979988930098
 40
0.2186736945387004
 40
0.2772509971457854
 40
0.3697554495588738
 40
0.4622629073400296
 40
0.5078275980811126
 40
0.5991886928407848
 40
0.6917943171305911
 40
0.7844056570600985
 40
0.8795363519359881
 40
0.9746660756626177
 40
0.9999999999999998
 40
0.9999999999999998
 40
0.9999999999999998
 40
0.9999999999999998
 10
751.5277919756771
 20
491.3208067183195
 30
0.0
 10
751.5269556157562
 20
491.853444025924
 30
0.0
 10
751.5227692381694
 20
494.5195460568083
 30
0.0
 10
751.4477051304546
 20
499.4421913874274
 30
0.0
 10
751.2600312909288
 20
505.0317807041824
 30
0.0
 10
750.9931019764843
 20
510.6784334591467
 30
0.0
 10
750.6468939042023
 20
516.3644293480858
 30
0.0
 10
750.0088882519338
 20
524.461038534725
 30
0.0
 10
749.0616834672127
 20
533.6566605395502
 30
0.0
 10
747.9593065156876
 20
541.8715073557279
 30
0.0
 10
746.7320731427406
 20
549.4905516341161
 30
0.0
 10
745.3866854636925
 20
556.5283357658229
 30
0.0
 10
743.6207679044509
 20
563.77154555126
 30
0.0
 10
741.7326748162739
 20
569.7609586154501
 30
0.0
 10
739.7848236776425
 20
574.0234253517558
 30
0.0
 10
738.2862803686037
 20
576.3752463275643
 30
0.0
 10
737.4899301098183
 20
576.6424802592649
 30
0.0
 10
737.3224548795195
 20
576.6986804849341
 30
0.0
  0
SPLINE
  5
4B8
330
1F
100
AcDbEntity
  8
0
  6
Continuous
 62
     7
370
    25
100
AcDbSpline
210
0.0
220
0.0
230
1.0
 70
     8
 71
     3
 72
    15
 73
    11
 74
     0
 42
0.00000001
 43
0.0000000001
 40
0.0
 40
0.0
 40
0.0
 40
0.0
 40
0.0692475143539737
 40
0.2299978695674856
 40
0.3907388658256616
 40
0.4686890978330316
 40
0.6244343307215507
 40
0.7801789697580332
 40
0.8900888776765679
 40
1.0
 40
1.0
 40
1.0
 40
1.0
 10
745.5083307675139
 20
450.1301923344637
 30
0.0
 10
745.7612024507851
 20
450.3108956116633
 30
0.0
 10
746.601087448379
 20
450.9110813247168
 30
0.0
 10
747.845790890551
 20
453.9176402666025
 30
0.0
 10
748.9645975998572
 20
458.0652338868057
 30
0.0
 10
749.8961523301649
 20
463.2332068653806
 30
0.0
 10
750.6496312419029
 20
469.2363801402506
 30
0.0
 10
751.1976058814224
 20
476.8463007009142
 30
0.0
 10
751.4807458102558
 20
484.2953606899476
 30
0.0
 10
751.5121098627795
 20
488.9789827506133
 30
0.0
 10
751.5277919756771
 20
491.3208067183195
 30
0.0
  0
SPLINE
  5
4B9
330
1F
100
AcDbEntity
  8
0
  6
Continuous
 62
     7
370
    25
100
AcDbSpline
210
0.0
220
0.0
230
1.0
 70
     8
 71
     3
 72
    15
 73
    11
 74
     0
 42
0.00000001
 43
0.0000000001
 40
0.0
 40
0.0
 40
0.0
 40
0.0
 40
0.1346293345638043
 40
0.2692618300366585
 40
0.4038484042982493
 40
0.5384429459080912
 40
0.6739385501521524
 40
0.8094436508115981
 40
0.9469171848299453
 40
0.9999999999999998
 40
0.9999999999999998
 40
0.9999999999999998
 40
0.9999999999999998
 10
751.6779566615658
 20
491.0354770105961
 30
0.0
 10
751.6459664855609
 20
487.7066553024764
 30
0.0
 10
751.5819853824658
 20
481.0489337301454
 30
0.0
 10
751.0833169784726
 20
472.1137301633215
 30
0.0
 10
750.2968189335915
 20
464.3063444784097
 30
0.0
 10
749.2255895489805
 20
457.8403100540226
 30
0.0
 10
747.8984017265837
 20
452.9010881248545
 30
0.0
 10
746.3438051123556
 20
449.6936064072428
 30
0.0
 10
744.9814843792855
 20
448.2342152783907
 30
0.0
 10
744.1163771882864
 20
448.4767587035372
 30
0.0
 10
743.8753863983309
 20
448.544323431045
 30
0.0
  0
LINE
  5
4BA
330
1F
100
AcDbEntity
  8
0
  6
Continuous
 62
     7
370
    25
100
AcDbLine
 10
887.507941095523
 20
449.176897775967
 30
0.0
 11
887.507941095523
 21
456.7705524881361
 31
0.0
  0
LINE
  5
4BB
330
1F
100
AcDbEntity
  8
0
  6
Continuous
 62
     7
370
    25
100
AcDbLine
 10
887.507941095523
 20
570.1409264210163
 30
0.0
 11
887.5079410955239
 21
577.7345811331845
 31
0.0
  0
SPLINE
  5
4BC
330
1F
100
AcDbEntity
  8
0
  6
Continuous
 62
     7
370
    25
100
AcDbSpline
210
0.0
220
0.0
230
1.0
 70
     8
 71
     3
 72
    16
 73
    12
 74
     0
 42
0.00000001
 43
0.0000000001
 40
0.0
 40
0.0
 40
0.0
 40
0.0
 40
0.0850931148644836
 40
0.1784662838123249
 40
0.2721416116808358
 40
0.3655076378823564
 40
0.5038854226786231
 40
0.6422532775047121
 40
0.7784842124866718
 40
0.9147098689289487
 40
1.0
 40
1.0
 40
1.0
 40
1.0
 10
743.0090261139119
 20
448.6050421682247
 30
0.0
 10
743.3924349644684
 20
448.5535356152245
 30
0.0
 10
744.1965605726162
 20
448.4455106225959
 30
0.0
 10
745.3257614068641
 20
449.673990929637
 30
0.0
 10
746.4214248727129
 20
451.5930534937116
 30
0.0
 10
747.5823269158525
 20
454.8044896984342
 30
0.0
 10
748.7244106220331
 20
459.7550186247257
 30
0.0
 10
749.7314060301176
 20
466.8077109551649
 30
0.0
 10
750.4203557027957
 20
475.2033485088404
 30
0.0
 10
750.7623805436104
 20
483.4228203341326
 30
0.0
 10
750.7957383579086
 20
488.930344741549
 30
0.0
 10
750.8085821032054
 20
491.0509045619514
 30
0.0
  0
ARC
  5
4BD
330
1F
100
AcDbEntity
  8
0
  6
Continuous
 62
     7
370
    25
100
AcDbCircle
 10
796.3798449470176
 20
531.3987632712535
 30
0.0
 40
66.93484952629963
100
AcDbArc
 50
44.72787228647911
 51
134.4307138838837
  0
ARC
  5
4BE
330
1F
100
AcDbEntity
  8
0
  6
Continuous
 62
     7
370
    25
100
AcDbCircle
 10
796.3837174423005
 20
532.6953357258819
 30
0.0
 40
66.85142894883829
100
AcDbArc
 50
43.31105923045543
 51
136.3125267754823
  0
ARC
  5
4BF
330
1F
100
AcDbEntity
  8
0
  6
Continuous
 62
     7
370
    25
100
AcDbCircle
 10
796.3832942400975
 20
536.5775655586142
 30
0.0
 40
66.55171503036533
100
AcDbArc
 50
38.90718295934503
 51
140.7180661091216
  0
ARC
  5
4C0
330
1F
100
AcDbEntity
  8
0
  6
Continuous
 62
     7
370
    25
100
AcDbCircle
 10
796.3826588607643
 20
532.9581113933275
 30
0.0
 40
66.83151997802039
100
AcDbArc
 50
42.87759157261163
 51
136.6463034519151
  0
LWPOLYLINE
  5
4C1
330
1F
100
AcDbEntity
  8
0
  6
Continuous
 62
     7
370
    25
100
AcDbPolyline
 90
       34
 70
   128
 43
0.0
 10
853.5556391940517
 20
605.23692364573
 10
853.2967769140922
 20
610.3433900251618
 10
852.5225343711252
 20
615.4036114543044
 10
851.23992322551
 20
620.3717617843024
 10
849.460559002401
 20
625.2028486764286
 10
847.2005558997452
 20
629.8531210596759
 10
844.480380855607
 20
634.2804653472296
 10
841.3246681964182
 20
638.4447868236304
 10
837.7619965446946
 20
642.3083727487266
 10
833.8246300066057
 20
645.8362338900899
 10
829.5482259832368
 20
648.99642139092
 10
824.9715122516445
 20
651.7603161038444
 10
820.1359362401007
 20
654.1028877703404
 10
815.0852896737731
 20
656.0029216986424
 10
809.8653119900799
 20
657.4432108872681
 10
804.5232761152572
 20
658.410711854289
 10
799.1075603534244
 20
658.8966627611283
 10
793.6672102651608
 20
658.8966627611214
 10
788.251494503327
 20
658.410711854269
 10
782.9094586285081
 20
657.443210887235
 10
777.6894809448184
 20
656.0029216985969
 10
772.6388343784973
 20
654.1028877702831
 10
767.8032583669599
 20
651.7603161037734
 10
763.2265446353739
 20
648.996421390839
 10
758.9501406120142
 20
645.8362338899981
 10
755.0127740739362
 20
642.3083727486252
 10
751.4501024222226
 20
638.4447868235204
 10
748.2943897630446
 20
634.2804653471123
 10
745.5742147189202
 20
629.8531210595513
 10
743.3142116162761
 20
625.2028486762976
 10
741.5348473931807
 20
620.3717617841678
 10
740.25223624758
 20
615.403611454167
 10
739.4779937046267
 20
610.3433900250218
 10
739.2191314246819
 20
605.2369236456249
  0
ARC
  5
4C2
330
1F
100
AcDbEntity
  8
0
  6
Continuous
 62
     7
370
    25
100
AcDbCircle
 10
789.9219467892297
 20
605.2514758041172
 30
0.0
 40
50.7028174528472
100
AcDbArc
 50
180.0164443973242
 51
196.4519851863555
  0
ARC
  5
4C3
330
1F
100
AcDbEntity
  8
0
  6
Continuous
 62
     7
370
    25
100
AcDbCircle
 10
802.8591172121849
 20
605.2509859819954
 30
0.0
 40
50.69652393218982
100
AcDbArc
 50
343.8929927864675
 51
359.9841071445117
  0
LINE
  5
4C4
330
1F
100
AcDbEntity
  8
0
  6
Continuous
 62
     7
370
    25
100
AcDbLine
 10
853.6026180123061
 20
605.5980340338849
 30
0.0
 11
853.5849641776811
 21
604.2625377852448
 31
0.0
  0
LWPOLYLINE
  5
4C5
330
1F
100
AcDbEntity
  8
0
  6
Continuous
 62
     7
370
    25
100
AcDbPolyline
 90
        3
 70
   128
 43
0.0
 10
739.3251712660238
 20
601.6685251281272
 10
739.2350383558422
 20
603.0779594054786
 10
739.1721526064319
 20
605.5980340338867
  0
LWPOLYLINE
  5
4C6
330
1F
100
AcDbEntity
  8
0
  6
Continuous
 62
     7
370
    25
100
AcDbPolyline
 90
        3
 70
   128
 43
0.0
 10
852.7267386307128
 20
614.9695598773444
 10
853.3512132511877
 20
610.6326436197361
 10
853.6026180123061
 20
605.5980340338849
  0
LWPOLYLINE
  5
4C7
330
1F
100
AcDbEntity
  8
0
  6
Continuous
 62
     7
370
    25
100
AcDbPolyline
 90
       35
 70
   128
 43
0.0
 10
853.6026180123061
 20
608.8836533476722
 10
853.3512132511877
 20
613.9182629335238
 10
852.5992083219142
 20
618.9086281893098
 10
851.3532118708425
 20
623.8108936057272
 10
849.6241737595862
 20
628.5819778980297
 10
847.4272888372368
 20
633.1799526059078
 10
844.7818634074828
 20
637.5644105623007
 10
841.7111455641204
 20
641.6968209930403
 10
838.2421208859703
 20
645.5408681266756
 10
834.4052752866335
 20
649.0627703387793
 10
830.2343271031995
 20
652.2315770260763
 10
825.7659307782731
 20
655.01944060146
 10
821.039354739425
 20
657.4018612195906
 10
816.0961363068343
 20
659.357902082412
 10
810.9797166618262
 20
660.8703734324901
 10
805.7350590842069
 20
661.9259836172179
 10
800.4082538133488
 20
662.5154558963352
 10
795.0461130055018
 20
662.6336099662596
 10
789.6957593468886
 20
662.2794074847754
 10
784.404211937839
 20
661.455961196026
 10
779.2179730872475
 20
660.1705075756037
 10
774.1826196486116
 20
658.4343432361468
 10
769.3424024890008
 20
656.2627256522948
 10
764.7398576108506
 20
653.6747390774583
 10
760.4154323440406
 20
650.6931268307109
 10
756.407129893303
 20
647.3440914276846
 10
752.7501753647019
 20
643.6570643119196
 10
749.4767062061217
 20
639.6644472102813
 10
746.6154897822306
 20
635.4013273854182
 10
744.1916705658412
 20
630.9051692876358
 10
742.2265491673778
 20
626.2154853159629
 10
740.7373951443477
 20
621.3734885817664
 10
739.7372952358499
 20
616.4217307264455
 10
739.2350383558422
 20
611.4037279760789
 10
739.1721526064319
 20
608.8836533476744
  0
LWPOLYLINE
  5
4C8
330
1F
100
AcDbEntity
  8
0
  6
Continuous
 62
     7
370
    25
100
AcDbPolyline
 90
       35
 70
   128
 43
0.0
 10
853.6026180123043
 20
610.0916016248004
 10
853.3512132511868
 20
615.1262112106516
 10
852.5992083219115
 20
620.1165764664376
 10
851.3532118708408
 20
625.018841882855
 10
849.6241737595845
 20
629.7899261751579
 10
847.427288837235
 20
634.3879008830356
 10
844.781863407481
 20
638.7723588394285
 10
841.7111455641187
 20
642.9047692701681
 10
838.2421208859677
 20
646.7488164038034
 10
834.4052752866318
 20
650.2707186159071
 10
830.2343271031976
 20
653.4395253032041
 10
825.7659307782713
 20
656.2273888785882
 10
821.0393547394231
 20
658.6098094967185
 10
816.0961363068325
 20
660.5658503595398
 10
810.9797166618244
 20
662.0783217096179
 10
805.735059084205
 20
663.1339318943457
 10
800.408253813347
 20
663.723404173463
 10
795.0461130055008
 20
663.8415582433874
 10
789.6957593468868
 20
663.4873557619032
 10
784.4042119378372
 20
662.6639094731538
 10
779.2179730872456
 20
661.3784558527315
 10
774.1826196486098
 20
659.6422915132746
 10
769.342402488999
 20
657.4706739294226
 10
764.7398576108488
 20
654.8826873545861
 10
760.4154323440378
 20
651.9010751078387
 10
756.4071298933011
 20
648.5520397048124
 10
752.7501753646991
 20
644.8650125890473
 10
749.47670620612
 20
640.8723954874097
 10
746.6154897822296
 20
636.609275662546
 10
744.1916705658403
 20
632.1131175647636
 10
742.2265491673759
 20
627.4234335930907
 10
740.7373951443467
 20
622.5814368588942
 10
739.737295235849
 20
617.6296790035728
 10
739.2350383558404
 20
612.6116762532067
 10
739.1721526064301
 20
610.0916016248022
  0
CIRCLE
  5
4C9
330
1F
100
AcDbEntity
  8
0
  6
Continuous
 62
     7
370
    25
100
AcDbCircle
 10
881.1506930174163
 20
499.3285215032332
 30
0.0
 40
3.531804487835644
  0
LINE
  5
4CA
330
1F
100
AcDbEntity
  8
0
  6
Continuous
 62
     7
370
    25
100
AcDbLine
 10
1038.669173174887
 20
502.8603259910682
 30
0.0
 11
1034.431007789483
 21
502.8603259910682
 31
0.0
  0
ARC
  5
4CB
330
1F
100
AcDbEntity
  8
0
  6
Continuous
 62
     7
370
    25
100
AcDbCircle
 10
1034.431007789483
 20
499.3285215032328
 30
0.0
 40
3.531804487835644
100
AcDbArc
 50
90.0
 51
270.0
  0
LINE
  5
4CC
330
1F
100
AcDbEntity
  8
0
  6
Continuous
 62
     7
370
    25
100
AcDbLine
 10
1034.431007789483
 20
495.796717015397
 30
0.0
 11
1038.669173174887
 21
495.796717015397
 31
0.0
  0
ARC
  5
4CD
330
1F
100
AcDbEntity
  8
0
  6
Continuous
 62
     7
370
    25
100
AcDbCircle
 10
1038.669173174887
 20
499.3285215032328
 30
0.0
 40
3.531804487835644
100
AcDbArc
 50
270.0
 51
90.0
  0
CIRCLE
  5
4CE
330
1F
100
AcDbEntity
  8
0
  6
Continuous
 62
     7
370
    25
100
AcDbCircle
 10
1013.792375619621
 20
458.513755584754
 30
0.0
 40
4.661981923943026
  0
CIRCLE
  5
4CF
330
1F
100
AcDbEntity
  8
0
  6
Continuous
 62
     7
370
    25
100
AcDbCircle
 10
903.9084078799795
 20
458.5137555847554
 30
0.0
 40
4.661981923943026
  0
CIRCLE
  5
4D0
330
1F
100
AcDbEntity
  8
0
  6
Continuous
 62
     7
370
    25
100
AcDbCircle
 10
903.9084078799804
 20
568.397723324397
 30
0.0
 40
4.661981923943026
  0
CIRCLE
  5
4D1
330
1F
100
AcDbEntity
  8
0
  6
Continuous
 62
     7
370
    25
100
AcDbCircle
 10
1013.792375619622
 20
568.3977233243961
 30
0.0
 40
4.661981923943026
  0
LINE
  5
4D2
330
1F
100
AcDbEntity
  8
0
  6
Continuous
 62
     7
370
    25
100
AcDbLine
 10
970.5725780062246
 20
423.0923285176908
 30
0.0
 11
970.5725780062246
 21
436.4624016197585
 31
0.0
  0
LINE
  5
4D3
330
1F
100
AcDbEntity
  8
0
  6
Continuous
 62
     7
370
    25
100
AcDbLine
 10
970.5725780062246
 20
436.4624016197585
 30
0.0
 11
976.2855041901492
 21
436.4624016197585
 31
0.0
  0
ARC
  5
4D4
330
1F
100
AcDbEntity
  8
0
  6
Continuous
 62
     7
370
    25
100
AcDbCircle
 10
982.3236428871359
 20
440.1278419530799
 30
0.0
 40
7.063608975671335
100
AcDbArc
 50
211.2597626182282
 51
287.7505713078411
  0
ARC
  5
4D5
330
1F
100
AcDbEntity
  8
0
  6
Continuous
 62
     7
370
    25
100
AcDbCircle
 10
958.8503917498009
 20
513.4557394545756
 30
0.0
 40
84.05694681048835
100
AcDbArc
 50
287.7505713078411
 51
308.3715184722781
  0
ARC
  5
4D6
330
1F
100
AcDbEntity
  8
0
  6
Continuous
 62
     7
370
    25
100
AcDbCircle
 10
1013.792375619621
 20
458.513755584754
 30
0.0
 40
11.30177436107413
100
AcDbArc
 50
14.15054477159962
 51
255.8494552283749
  0
ARC
  5
4D7
330
1F
100
AcDbEntity
  8
0
  6
Continuous
 62
     7
370
    25
100
AcDbCircle
 10
958.8503917498009
 20
513.4557394545756
 30
0.0
 40
84.05694681048831
100
AcDbArc
 50
321.6284815277216
 51
343.9500770597186
  0
ARC
  5
4D8
330
1F
100
AcDbEntity
  8
0
  6
Continuous
 62
     7
370
    25
100
AcDbCircle
 10
1034.431007789483
 20
499.3285215032328
 30
0.0
 40
10.4916575496673
100
AcDbArc
 50
39.11463087848397
 51
299.7107264850479
  0
ARC
  5
4D9
330
1F
100
AcDbEntity
  8
0
  6
Continuous
 62
     7
370
    25
100
AcDbCircle
 10
958.8503917498009
 20
513.4557394545756
 30
0.0
 40
84.0569468104883
100
AcDbArc
 50
354.8752803038034
 51
38.37151847227831
  0
ARC
  5
4DA
330
1F
100
AcDbEntity
  8
0
  6
Continuous
 62
     7
370
    25
100
AcDbCircle
 10
1013.792375619622
 20
568.3977233243961
 30
0.0
 40
11.30177436107415
100
AcDbArc
 50
104.1505447716251
 51
345.8494552284004
  0
ARC
  5
4DB
330
1F
100
AcDbEntity
  8
0
  6
Continuous
 62
     7
370
    25
100
AcDbCircle
 10
958.8503917498009
 20
513.4557394545756
 30
0.0
 40
84.05694681048835
100
AcDbArc
 50
51.62848152772187
 51
128.3715184722782
  0
ARC
  5
4DC
330
1F
100
AcDbEntity
  8
0
  6
Continuous
 62
     7
370
    25
100
AcDbCircle
 10
903.9084078799804
 20
568.397723324397
 30
0.0
 40
11.3017743610741
100
AcDbArc
 50
194.1505447715996
 51
75.84945522837493
  0
ARC
  5
4DD
330
1F
100
AcDbEntity
  8
0
  6
Continuous
 62
     7
370
    25
100
AcDbCircle
 10
958.8503917498009
 20
513.4557394545756
 30
0.0
 40
84.05694681048837
100
AcDbArc
 50
141.6284815277217
 51
185.1247196961966
  0
ARC
  5
4DE
330
1F
100
AcDbEntity
  8
0
  6
Continuous
 62
     7
370
    25
100
AcDbCircle
 10
883.2697757101184
 20
499.3285215032332
 30
0.0
 40
10.49165754966729
100
AcDbArc
 50
240.2892735149521
 51
140.885369121516
  0
ARC
  5
4DF
330
1F
100
AcDbEntity
  8
0
  6
Continuous
 62
     7
370
    25
100
AcDbCircle
 10
958.8503917498009
 20
513.4557394545756
 30
0.0
 40
84.0569468104884
100
AcDbArc
 50
196.0499229402815
 51
218.3715184722783
  0
ARC
  5
4E0
330
1F
100
AcDbEntity
  8
0
  6
Continuous
 62
     7
370
    25
100
AcDbCircle
 10
903.9084078799795
 20
458.5137555847554
 30
0.0
 40
11.30177436107411
100
AcDbArc
 50
284.150544771625
 51
165.8494552284004
  0
ARC
  5
4E1
330
1F
100
AcDbEntity
  8
0
  6
Continuous
 62
     7
370
    25
100
AcDbCircle
 10
958.8503917498009
 20
513.4557394545756
 30
0.0
 40
84.05694681048835
100
AcDbArc
 50
231.6284815277219
 51
252.2494286921588
  0
ARC
  5
4E2
330
1F
100
AcDbEntity
  8
0
  6
Continuous
 62
     7
370
    25
100
AcDbCircle
 10
935.3771406124659
 20
440.1278419530801
 30
0.0
 40
7.06360897567129
100
AcDbArc
 50
252.2494286921588
 51
328.7402373817718
  0
LINE
  5
4E3
330
1F
100
AcDbEntity
  8
0
  6
Continuous
 62
     7
370
    25
100
AcDbLine
 10
941.4152793094515
 20
436.4624016197585
 30
0.0
 11
947.1282054933762
 21
436.4624016197585
 31
0.0
  0
LINE
  5
4E4
330
1F
100
AcDbEntity
  8
0
  6
Continuous
 62
     7
370
    25
100
AcDbLine
 10
947.1282054933762
 20
436.4624016197585
 30
0.0
 11
947.1282054933762
 21
423.0923285176908
 31
0.0
  0
ARC
  5
4E5
330
1F
100
AcDbEntity
  8
0
  6
Continuous
 62
     7
370
    25
100
AcDbCircle
 10
958.8503917498009
 20
513.4557394545756
 30
0.0
 40
91.12055578615965
100
AcDbArc
 50
277.3912878815812
 51
262.6087121184188
  0
SPLINE
  5
4E6
330
1F
100
AcDbEntity
  8
0
  6
Continuous
 62
     7
370
    25
100
AcDbSpline
210
0.0
220
0.0
230
1.0
 70
     8
 71
     3
 72
    12
 73
     8
 74
     0
 42
0.00000001
 43
0.0000000001
 40
0.0
 40
0.0
 40
0.0
 40
0.0
 40
0.2164815951068937
 40
0.4330069971855984
 40
0.6484398223653773
 40
0.8626114000413833
 40
1.0
 40
1.0
 40
1.0
 40
1.0
 10
970.5725780062246
 20
423.0923285176908
 30
0.0
 10
970.2061572339998
 20
423.0461466144983
 30
0.0
 10
969.4732415410552
 20
422.953773462796
 30
0.0
 10
968.4933930402712
 20
422.8456568261121
 30
0.0
 10
967.7662227878208
 20
422.7717268675291
 30
0.0
 10
967.3586724108499
 20
422.7332579631281
 30
0.0
 10
967.3634721475362
 20
422.7337258524668
 30
0.0
 10
967.3653478693758
 20
422.7339087021327
 30
0.0
  0
LINE
  5
4E7
330
1F
100
AcDbEntity
  8
0
  6
Continuous
 62
     7
370
    25
100
AcDbLine
 10
970.5725780062246
 20
436.4624016197585
 30
0.0
 11
967.3233178774161
 21
436.4624016197585
 31
0.0
  0
SPLINE
  5
4E8
330
1F
100
AcDbEntity
  8
0
  6
Continuous
 62
     7
370
    25
100
AcDbSpline
210
0.0
220
0.0
230
1.0
 70
     8
 71
     3
 72
    18
 73
    14
 74
     0
 42
0.00000001
 43
0.0000000001
 40
0.0
 40
0.0
 40
0.0
 40
0.0
 40
0.1250000000000002
 40
0.1250000000000002
 40
0.2500000000000003
 40
0.2500000000000003
 40
0.3750000000000005
 40
0.3750000000000005
 40
0.5000000000000007
 40
0.5000000000000007
 40
0.7500000000000004
 40
0.7500000000000004
 40
1.0
 40
1.0
 40
1.0
 40
1.0
 10
950.3774656221857
 20
422.7299701846781
 30
0.0
 10
950.3774656221857
 20
422.7299701846781
 30
0.0
 10
950.3562884562706
 20
422.7319408582115
 30
0.0
 10
950.2733305032787
 20
422.7397461408926
 30
0.0
 10
950.210521140273
 20
422.7456788800735
 30
0.0
 10
950.0467553887409
 20
422.7614262899596
 30
0.0
 10
949.9465706330109
 20
422.7711663951549
 30
0.0
 10
949.7099604045368
 20
422.7947095890833
 30
0.0
 10
949.572410873613
 20
422.8086351139674
 30
0.0
 10
949.1221713878239
 20
422.855471871323
 30
0.0
 10
948.7597460473306
 20
422.894772800746
 30
0.0
 10
947.9797814373741
 20
422.9850831985045
 30
0.0
 10
947.5550483026735
 20
423.0369573131187
 30
0.0
 10
947.1282054933762
 20
423.0923285176908
 30
0.0
  0
LINE
  5
4E9
330
1F
100
AcDbEntity
  8
0
  6
Continuous
 62
     7
370
    25
100
AcDbLine
 10
950.3774656221857
 20
436.4624016197585
 30
0.0
 11
947.1282054933762
 21
436.4624016197585
 31
0.0
  0
SPLINE
  5
4EA
330
1F
100
AcDbEntity
  8
0
  6
Continuous
 62
     7
370
    25
100
AcDbSpline
210
0.0
220
0.0
230
1.0
 70
     8
 71
     3
 72
    15
 73
    11
 74
     0
 42
0.00000001
 43
0.0000000001
 40
0.0
 40
0.0
 40
0.0
 40
0.0
 40
0.005852314636496
 40
0.1670372498469818
 40
0.3289445897486973
 40
0.4905761990751902
 40
0.6513693697852052
 40
0.8120642702835265
 40
0.9735473167653781
 40
1.0
 40
1.0
 40
1.0
 40
1.0
 10
967.3829483457765
 20
422.7358386118096
 30
0.0
 10
967.368607415843
 20
422.7343958191013
 30
0.0
 10
966.9592874040207
 20
422.6932155099243
 30
0.0
 10
965.2345860076938
 20
422.5461891315211
 30
0.0
 10
962.4038420435244
 20
422.386810311154
 30
0.0
 10
959.0616419405732
 20
422.3136575680245
 30
0.0
 10
955.7110841130368
 20
422.3711367846594
 30
0.0
 10
952.7994277984406
 20
422.5226932386989
 30
0.0
 10
950.9412047311315
 20
422.6749295642684
 30
0.0
 10
950.4470235421804
 20
422.7243742382399
 30
0.0
 10
950.3774656221857
 20
422.7313337679692
 30
0.0
  0
LINE
  5
4EB
330
1F
100
AcDbEntity
  8
0
  6
Continuous
 62
     7
370
    25
100
AcDbLine
 10
950.3774656221857
 20
436.4624016197585
 30
0.0
 11
967.3233178774161
 21
436.4624016197585
 31
0.0
  0
ARC
  5
4EC
330
1F
100
AcDbEntity
  8
0
  6
Continuous
 62
     7
370
    25
100
AcDbCircle
 10
958.8503917498009
 20
513.4557394545756
 30
0.0
 40
78.40605962995136
100
AcDbArc
 50
323.2873090386372
 51
341.7461729365149
  0
ARC
  5
4ED
330
1F
100
AcDbEntity
  8
0
  6
Continuous
 62
     7
370
    25
100
AcDbCircle
 10
958.8503917498009
 20
513.4557394545756
 30
0.0
 40
78.40605962995131
100
AcDbArc
 50
357.0791844269944
 51
36.71269096136284
  0
ARC
  5
4EE
330
1F
100
AcDbEntity
  8
0
  6
Continuous
 62
     7
370
    25
100
AcDbCircle
 10
958.8503917498009
 20
513.4557394545756
 30
0.0
 40
78.40605962995134
100
AcDbArc
 50
280.892947169489
 51
306.7126909613628
  0
CIRCLE
  5
4EF
330
1F
100
AcDbEntity
  8
0
  6
Continuous
 62
     7
370
    25
100
AcDbCircle
 10
958.8503917498018
 20
541.7101753572608
 30
0.0
 40
8.476330770805544
  0
ARC
  5
4F0
330
1F
100
AcDbEntity
  8
0
  6
Continuous
 62
     7
370
    25
100
AcDbCircle
 10
958.8503917498018
 20
541.7101753572608
 30
0.0
 40
22.60354872214816
100
AcDbArc
 50
180.0
 51
0.0
  0
LINE
  5
4F1
330
1F
100
AcDbEntity
  8
0
  6
Continuous
 62
     7
370
    25
100
AcDbLine
 10
936.246843027653
 20
588.5329648419122
 30
0.0
 11
936.246843027653
 21
541.7101753572608
 31
0.0
  0
ARC
  5
4F2
330
1F
100
AcDbEntity
  8
0
  6
Continuous
 62
     7
370
    25
100
AcDbCircle
 10
958.8503917498009
 20
513.4557394545756
 30
0.0
 40
78.40605962995131
100
AcDbArc
 50
106.7555060572294
 51
126.7126909613628
  0
ARC
  5
4F3
330
1F
100
AcDbEntity
  8
0
  6
Continuous
 62
     7
370
    25
100
AcDbCircle
 10
958.8503917498009
 20
513.4557394545756
 30
0.0
 40
78.4060596299513
100
AcDbArc
 50
53.2873090386372
 51
73.24449394277057
  0
LINE
  5
4F4
330
1F
100
AcDbEntity
  8
0
  6
Continuous
 62
     7
370
    25
100
AcDbLine
 10
981.4539404719496
 20
541.7101753572608
 30
0.0
 11
981.4539404719496
 21
588.5329648419122
 31
0.0
  0
ARC
  5
4F5
330
1F
100
AcDbEntity
  8
0
  6
Continuous
 62
     7
370
    25
100
AcDbCircle
 10
958.8503917498009
 20
513.4557394545756
 30
0.0
 40
78.4060596299513
100
AcDbArc
 50
233.2873090386372
 51
259.107052830511
  0
ARC
  5
4F6
330
1F
100
AcDbEntity
  8
0
  6
Continuous
 62
     7
370
    25
100
AcDbCircle
 10
958.8503917498009
 20
513.4557394545756
 30
0.0
 40
78.4060596299513
100
AcDbArc
 50
198.2538270634851
 51
216.7126909613628
  0
ARC
  5
4F7
330
1F
100
AcDbEntity
  8
0
  6
Continuous
 62
     7
370
    25
100
AcDbCircle
 10
958.8503917498009
 20
513.4557394545756
 30
0.0
 40
78.40605962995129
100
AcDbArc
 50
143.2873090386372
 51
182.9208155729926
  0
ARC
  5
4F8
330
1F
100
AcDbEntity
  8
0
  6
Continuous
 62
     7
370
    25
100
AcDbCircle
 10
958.8503917498018
 20
513.4557394545756
 30
0.0
 40
66.39792437131013
100
AcDbArc
 50
315.000000000009
 51
349.412678681764
  0
ARC
  5
4F9
330
1F
100
AcDbEntity
  8
0
  6
Continuous
 62
     7
370
    25
100
AcDbCircle
 10
958.8503917498018
 20
513.4557394545756
 30
0.0
 40
66.39792437131008
100
AcDbArc
 50
349.412678681764
 51
44.999999999991
  0
ARC
  5
4FA
330
1F
100
AcDbEntity
  8
0
  6
Continuous
 62
     7
370
    25
100
AcDbCircle
 10
958.8503917498018
 20
513.4557394545756
 30
0.0
 40
66.39792437131013
100
AcDbArc
 50
224.999999999991
 51
315.000000000009
  0
ARC
  5
4FB
330
1F
100
AcDbEntity
  8
0
  6
Continuous
 62
     7
370
    25
100
AcDbCircle
 10
958.8503917498018
 20
513.4557394545756
 30
0.0
 40
66.39792437131008
100
AcDbArc
 50
44.999999999991
 51
70.0971981133129
  0
ARC
  5
4FC
330
1F
100
AcDbEntity
  8
0
  6
Continuous
 62
     7
370
    25
100
AcDbCircle
 10
958.8503917498018
 20
513.4557394545756
 30
0.0
 40
66.39792437131011
100
AcDbArc
 50
190.587321318236
 51
224.999999999991
  0
ARC
  5
4FD
330
1F
100
AcDbEntity
  8
0
  6
Continuous
 62
     7
370
    25
100
AcDbCircle
 10
958.8503917498018
 20
513.4557394545756
 30
0.0
 40
66.39792437131008
100
AcDbArc
 50
109.9028018866871
 51
135.000000000009
  0
ARC
  5
4FE
330
1F
100
AcDbEntity
  8
0
  6
Continuous
 62
     7
370
    25
100
AcDbCircle
 10
958.8503917498018
 20
513.4557394545756
 30
0.0
 40
66.39792437131011
100
AcDbArc
 50
135.000000000009
 51
190.587321318236
  0
LINE
  5
4FF
330
1F
100
AcDbEntity
  8
0
  6
Continuous
 62
     8
370
    25
100
AcDbLine
 10
1004.763850091686
 20
576.0168849816802
 30
0.0
 11
1004.653118041194
 21
574.744499902368
 31
0.0
  0
ARC
  5
500
330
1F
100
AcDbEntity
  8
0
  6
Continuous
 62
     8
370
    25
100
AcDbCircle
 10
984.3597670750604
 20
464.3880533854957
 30
0.0
 40
28.8825581890425
100
AcDbArc
 50
339.9027182589625
 51
357.5231819838839
  0
LINE
  5
501
330
1F
100
AcDbEntity
  8
0
  6
Continuous
 62
     8
370
    25
100
AcDbLine
 10
867.7298359636468
 20
612.7490878344627
 30
0.0
 11
867.7298359636479
 21
689.5330825773728
 31
0.0
  0
LINE
  5
502
330
1F
100
AcDbEntity
  8
0
  6
Continuous
 62
     8
370
    25
100
AcDbLine
 10
727.1640173477889
 20
689.5330826175443
 30
0.0
 11
727.1640173477879
 21
612.7490878344818
 31
0.0
  0
LINE
  5
503
330
1F
100
AcDbEntity
  8
0
  6
Continuous
 62
     8
370
    25
100
AcDbLine
 10
867.7298359636479
 20
577.7345811331854
 30
0.0
 11
867.7298359636468
 21
612.7490878344813
 31
0.0
  0
LINE
  5
504
330
1F
100
AcDbEntity
  8
0
  6
Continuous
 62
     8
370
    25
100
AcDbLine
 10
727.1640173477879
 20
612.7490878344818
 30
0.0
 11
727.1640173477879
 21
577.7331022929386
 31
0.0
  0
LINE
  5
505
330
1F
100
AcDbEntity
  8
0
  6
Continuous
 62
     8
370
    25
100
AcDbLine
 10
864.9043923733742
 20
491.4710808108497
 30
0.0
 11
864.904392373376
 21
577.7345811052785
 31
0.0
  0
LINE
  5
506
330
1F
100
AcDbEntity
  8
0
  6
Continuous
 62
     8
370
    25
100
AcDbLine
 10
724.3385737575161
 20
577.7345811212946
 30
0.0
 11
724.3385737575152
 21
491.4710808108506
 31
0.0
  0
LINE
  5
507
330
1F
100
AcDbEntity
  8
0
  6
Continuous
 62
     8
370
    25
100
AcDbLine
 10
864.9043923733751
 20
449.1768978036922
 30
0.0
 11
864.9043923733742
 21
491.4710808108497
 31
0.0
  0
LINE
  5
508
330
1F
100
AcDbEntity
  8
0
  6
Continuous
 62
     8
370
    25
100
AcDbLine
 10
724.3385737575152
 20
491.4710808108506
 30
0.0
 11
724.3385737575161
 21
449.1768977759677
 31
0.0
  0
ARC
  5
509
330
1F
100
AcDbEntity
  8
0
  6
Continuous
 62
     8
370
    25
100
AcDbCircle
 10
796.3834154925551
 20
531.6608636510966
 30
0.0
 40
66.91534566713055
100
AcDbArc
 50
44.52708179674439
 51
135.039553584516
  0
ARC
  5
50A
330
1F
100
AcDbEntity
  8
0
  6
Continuous
 62
     8
370
    25
100
AcDbCircle
 10
796.382252023185
 20
536.9558585134402
 30
0.0
 40
66.51694561069942
100
AcDbArc
 50
38.47622087172747
 51
141.0566372710306
  0
SPLINE
  5
50B
330
1F
100
AcDbEntity
  8
0
  6
Continuous
 62
     8
370
    25
100
AcDbSpline
210
0.0
220
0.0
230
1.0
 70
     8
 71
     3
 72
    17
 73
    13
 74
     0
 42
0.00000001
 43
0.0000000001
 40
0.0
 40
0.0
 40
0.0
 40
0.0
 40
0.051782823289954
 40
0.2092379828077591
 40
0.3479546910798839
 40
0.4730225435657875
 40
0.5878767693050217
 40
0.6925628518420031
 40
0.8029523009773297
 40
0.8933772681014447
 40
0.959049770876896
 40
1.0
 40
1.0
 40
1.0
 40
1.0
 10
746.2259843760201
 20
582.191813276527
 30
0.0
 10
746.2365551751371
 20
582.5923432993224
 30
0.0
 10
746.2792684252707
 20
584.2107582234077
 30
0.0
 10
746.0489177675753
 20
586.9023539327975
 30
0.0
 10
745.3994759568985
 20
590.1536085905011
 30
0.0
 10
744.5460424295468
 20
593.0680807518522
 30
0.0
 10
743.6574185639209
 20
595.7162799775262
 30
0.0
 10
742.6546276245443
 20
598.2455292015595
 30
0.0
 10
741.4832612520066
 20
600.5747465253946
 30
0.0
 10
740.3967687020639
 20
602.6020376872832
 30
0.0
 10
739.6371555185067
 20
604.1043310262287
 30
0.0
 10
739.3351295201499
 20
604.9226389219868
 30
0.0
 10
739.2191314246819
 20
605.2369236455904
 30
0.0
  0
SPLINE
  5
50C
330
1F
100
AcDbEntity
  8
0
  6
Continuous
 62
     8
370
    25
100
AcDbSpline
210
0.0
220
0.0
230
1.0
 70
     8
 71
     3
 72
    17
 73
    13
 74
     0
 42
0.00000001
 43
0.0000000001
 40
0.0
 40
0.0
 40
0.0
 40
0.0
 40
0.0360536340599316
 40
0.0924163456822218
 40
0.1691142262889111
 40
0.2643973816859482
 40
0.3771939605518932
 40
0.5027050513689274
 40
0.6409992159678777
 40
0.7781518598130497
 40
0.9339083332011407
 40
1.0
 40
1.0
 40
1.0
 40
1.0
 10
853.5556391940517
 20
605.23692364573
 30
0.0
 10
853.4554155926015
 20
604.9597271906693
 30
0.0
 10
853.1985122529366
 20
604.2491890138482
 30
0.0
 10
852.555188772353
 20
602.9574439658138
 30
0.0
 10
851.6535015682146
 20
601.2158884335288
 30
0.0
 10
850.4817627691362
 20
599.0463710144297
 30
0.0
 10
849.4025996920999
 20
596.4881780060024
 30
0.0
 10
848.3858342177745
 20
593.5916365936939
 30
0.0
 10
847.4679661963982
 20
590.5013129884621
 30
0.0
 10
846.757510388802
 20
587.1694147375103
 30
0.0
 10
846.5053908452409
 20
584.3884484311968
 30
0.0
 10
846.5426131402836
 20
582.6699695671325
 30
0.0
 10
846.5537021830831
 20
582.1580106551084
 30
0.0
  0
LINE
  5
50D
330
1F
100
AcDbEntity
  8
0
  6
Continuous
 62
     8
370
    25
100
AcDbLine
 10
851.4277949514443
 20
590.7168463397458
 30
0.0
 11
851.5655608429014
 21
591.1861401721401
 31
0.0
  0
LWPOLYLINE
  5
50E
330
1F
100
AcDbEntity
  8
0
  6
Continuous
 62
     8
370
    25
100
AcDbPolyline
 90
       35
 70
   128
 43
0.0
 10
853.6026180123043
 20
609.1252430031675
 10
853.3512132511786
 20
614.1598525890188
 10
852.5992083218978
 20
619.1502178448038
 10
851.3532118708207
 20
624.0524832612202
 10
849.6241737595573
 20
628.8235675535209
 10
847.4272888372006
 20
633.4215422613953
 10
844.7818634074408
 20
637.8060002177846
 10
841.7111455640732
 20
641.9384106485215
 10
838.2421208859167
 20
645.7824577821522
 10
834.4052752865772
 20
649.3043599942514
 10
830.2343271031386
 20
652.473166681543
 10
825.7659307782077
 20
655.2610302569221
 10
821.0393547393559
 20
657.6434508750464
 10
816.0961363067626
 20
659.5994917378614
 10
810.9797166617525
 20
661.1119630879336
 10
805.7350590841323
 20
662.1675732726546
 10
800.4082538132724
 20
662.7570455517663
 10
795.0461130054263
 20
662.8751996216835
 10
789.6957593468131
 20
662.520997140193
 10
784.4042119377644
 20
661.6975508514363
 10
779.2179730871747
 20
660.4120972310085
 10
774.1826196485407
 20
658.6759328915452
 10
769.3424024889335
 20
656.5043153076869
 10
764.739857610786
 20
653.9163287328449
 10
760.4154323439797
 20
650.9347164860921
 10
756.4071298932484
 20
647.5856810830612
 10
752.750175364651
 20
643.8986539672916
 10
749.4767062060772
 20
639.9060368656494
 10
746.6154897821923
 20
635.6429170407821
 10
744.1916705658094
 20
631.1467589429969
 10
742.2265491673523
 20
626.4570749713223
 10
740.7373951443295
 20
621.6150782371235
 10
739.7372952358381
 20
616.6633203818012
 10
739.2350383558367
 20
611.6453176314346
 10
739.1721526539048
 20
609.1230527690324
  0
MTEXT
  5
525
330
1F
100
AcDbEntity
  8
0
100
AcDbMText
 10
875.9314827289708
 20
920.0066482109505
 30
0.0
 40
50.0
 41
392.703823664041
 46
0.0
 71
     1
 72
     5
  1
Conveyor 
 73
     1
 44
1.0
1001
ACAD
1000
ACAD_MTEXT_COLUMN_INFO_BEGIN
1070
    75
1070
     2
1070
    79
1070
     0
1070
    76
1070
     1
1070
    78
1070
     0
1070
    48
1040
392.703823664041
1070
    49
1040
12.5
1070
    50
1070
     1
1040
0.0
1000
ACAD_MTEXT_COLUMN_INFO_END
  0
LWPOLYLINE
  5
5BD
330
1F
100
AcDbEntity
  8
0
100
AcDbPolyline
 90
        4
 70
     1
 43
0.0
 10
554.8442940646636
 20
185.6666994256993
 10
781.6807965479893
 20
185.6666994256993
 10
781.6807965479893
 20
3.830531937839623
 10
554.8442940646636
 20
3.830531937839623
  0
LWPOLYLINE
  5
5C5
330
1F
100
AcDbEntity
  8
0
100
AcDbPolyline
 90
        4
 70
     1
 43
0.0
 10
855.3290037317401
 20
176.1748339360129
 10
1082.165506215066
 20
176.1748339360129
 10
1082.165506215066
 20
3.830531937839623
 10
855.3290037317401
 20
3.830531937839623
  0
MTEXT
  5
5CD
330
1F
100
AcDbEntity
  8
0
100
AcDbMText
 10
861.0046283510929
 20
-19.48128782631056
 30
0.0
 40
30.0
 41
1103.162862322677
 46
0.0
 71
     1
 72
     5
  1
Aceptado
 73
     1
 44
1.0
1001
ACAD
1000
ACAD_MTEXT_COLUMN_INFO_BEGIN
1070
    75
1070
     2
1070
    79
1070
     0
1070
    76
1070
     1
1070
    78
1070
     0
1070
    48
1040
1103.162862322677
1070
    49
1040
12.5
1070
    50
1070
     1
1040
0.0
1000
ACAD_MTEXT_COLUMN_INFO_END
  0
MTEXT
  5
5D5
330
1F
100
AcDbEntity
  8
0
100
AcDbMText
 10
571.0468986086034
 20
-18.19878036070736
 30
0.0
 40
30.0
 41
1103.162862322677
 46
0.0
 71
     1
 72
     5
  1
Rechazado
 73
     1
 44
1.0
1001
ACAD
1000
ACAD_MTEXT_COLUMN_INFO_BEGIN
1070
    75
1070
     2
1070
    79
1070
     0
1070
    76
1070
     1
1070
    78
1070
     0
1070
    48
1040
1103.162862322677
1070
    49
1040
12.5
1070
    50
1070
     1
1040
0.0
1000
ACAD_MTEXT_COLUMN_INFO_END
  0
LWPOLYLINE
  5
608
330
1F
100
AcDbEntity
  8
0
100
AcDbPolyline
 90
        4
 70
     1
 43
0.0
 10
0.1109549020548002
 20
0.0066482109505159
 10
482.9911830615237
 20
0.0066482109505159
 10
482.9911830615237
 20
-253.4520367655568
 10
0.1109549020548002
 20
-253.4520367655568
  0
MTEXT
  5
610
330
1F
100
AcDbEntity
  8
0
100
AcDbMText
 10
-34.62866056150961
 20
-191.3715423635151
 30
0.0
 40
50.0
 41
1103.162862322677
 46
0.0
 71
     1
 72
     5
  1
Estación de control
 73
     1
 44
1.0
1001
ACAD
1000
ACAD_MTEXT_COLUMN_INFO_BEGIN
1070
    75
1070
     2
1070
    79
1070
     0
1070
    76
1070
     1
1070
    78
1070
     0
1070
    48
1040
1103.162862322677
1070
    49
1040
12.5
1070
    50
1070
     1
1040
0.0
1000
ACAD_MTEXT_COLUMN_INFO_END
  0
LWPOLYLINE
  5
683
330
1F
100
AcDbEntity
  8
0
100
AcDbPolyline
 90
        4
 70
     1
 43
0.0
 10
0.1109549020548002
 20
0.0066482109505159
 10
1620.110954902054
 20
0.0066482109505159
 10
1620.110954902054
 20
920.0066482109505
 10
0.1109549020548002
 20
920.0066482109505
  0
CIRCLE
  5
684
330
1F
100
AcDbEntity
  8
0
100
AcDbCircle
 10
819.7138663148525
 20
383.1186460275552
 30
0.0
 40
660.0
  0
LWPOLYLINE
  5
68F
330
1F
100
AcDbEntity
  8
0
100
AcDbPolyline
 90
        4
 70
     1
 43
0.0
 10
0.1109549020548002
 20
920.0066482109505
 10
500.1109549020547
 20
920.0066482109505
 10
500.1109549020547
 20
420.0066482109504
 10
0.1109549020548002
 20
420.0066482109504
  0
CIRCLE
  5
690
330
1F
100
AcDbEntity
  8
0
100
AcDbCircle
 10
250.1109549020548
 20
670.0066482109505
 30
0.0
 40
200.0
  0
MTEXT
  5
698
330
1F
100
AcDbEntity
  8
0
100
AcDbMText
 10
1188.45222646324
 20
83.60356663403559
 30
0.0
 40
30.0
 41
1103.162862322677
 46
0.0
 71
     1
 72
     5
  1
Zona de remachado y disco giratorio
 73
     1
 44
1.0
1001
ACAD
1000
ACAD_MTEXT_COLUMN_INFO_BEGIN
1070
    75
1070
     2
1070
    79
1070
     0
1070
    76
1070
     1
1070
    78
1070
     0
1070
    48
1040
1103.162862322677
1070
    49
1040
12.5
1070
    50
1070
     1
1040
0.0
1000
ACAD_MTEXT_COLUMN_INFO_END
  0
LWPOLYLINE
  5
69C
330
1F
100
AcDbEntity
  8
0
100
AcDbPolyline
 90
        4
 70
     1
 43
0.0
 10
72.52497967735803
 20
762.0024166108793
 10
192.524979677358
 20
762.0024166108793
 10
192.524979677358
 20
582.0024166108793
 10
72.52497967735803
 20
582.0024166108793
  0
LWPOLYLINE
  5
6A4
330
1F
100
AcDbEntity
  8
0
100
AcDbPolyline
 90
        4
 70
     1
 43
0.0
 10
307.5897321606462
 20
763.6352270295901
 10
427.5897321606462
 20
763.6352270295901
 10
427.5897321606462
 20
583.6352270295901
 10
307.5897321606462
 20
583.6352270295901
  0
MTEXT
  5
6AC
330
1F
100
AcDbEntity
  8
0
100
AcDbMText
 10
184.3555627942696
 20
850.6455554511422
 30
0.0
 40
30.0
 41
284.588753858945
 46
0.0
 71
     1
 72
     5
  1
Fixture remache
 73
     1
 44
1.0
1001
ACAD
1000
ACAD_MTEXT_COLUMN_INFO_BEGIN
1070
    75
1070
     2
1070
    79
1070
     0
1070
    76
1070
     1
1070
    78
1070
     0
1070
    48
1040
284.588753858945
1070
    49
1040
12.5
1070
    50
1070
     1
1040
0.0
1000
ACAD_MTEXT_COLUMN_INFO_END
  0
LWPOLYLINE
  5
6B8
330
1F
100
AcDbEntity
  8
0
100
AcDbPolyline
 90
        4
 70
     0
 43
0.0
 10
422.4946221991449
 20
139.5457110568168
 10
422.4946221991449
 20
129.5928724499463
 10
336.2738869312743
 20
129.5928724499467
 10
336.2738869312743
 20
139.5457110568172
  0
LWPOLYLINE
  5
6B9
330
1F
100
AcDbEntity
  8
0
100
AcDbPolyline
 90
        4
 70
     0
 43
0.0
 10
336.2738869312743
 20
290.6092139435754
 10
336.2738869312743
 20
312.2791296185683
 10
422.4946221991449
 20
312.2791296185678
 10
422.4946221991449
 20
290.609213943575
  0
LWPOLYLINE
  5
6BA
330
1F
100
AcDbEntity
  8
0
100
AcDbPolyline
 90
        4
 70
     1
 43
0.0
 10
306.4959916648004
 20
290.6092139435754
 10
306.4959916648004
 20
139.5457110568172
 10
456.4959916648003
 20
139.5457110568168
 10
456.4959916648003
 20
290.609213943575
  0
MTEXT
  5
6BB
330
1F
100
AcDbEntity
  8
0
100
AcDbMText
 10
514.4996909029023
 20
301.4508376694648
 30
0.0
 40
30.0
 41
170.4985774492106
 46
0.0
 71
     1
 72
     5
  1
Camara
 11
-0.0000000000000002
 21
-1.0
 31
0.0
 73
     1
 44
1.0
1001
ACAD
1000
ACAD_MTEXT_COLUMN_INFO_BEGIN
1070
    75
1070
     2
1070
    79
1070
     0
1070
    76
1070
     1
1070
    78
1070
     0
1070
    48
1040
170.4985774492106
1070
    49
1040
12.5
1070
    50
1070
     1
1040
0.0
1000
ACAD_MTEXT_COLUMN_INFO_END
  0
MTEXT
  5
6BC
330
1F
100
AcDbEntity
  8
0
100
AcDbMText
 10
186.1182691125641
 20
90.59881912860573
 30
0.0
 40
30.0
 41
278.4251144103137
 46
0.0
 71
     1
 72
     5
  1
Fixture camara
 73
     1
 44
1.0
1001
ACAD
1000
ACAD_MTEXT_COLUMN_INFO_BEGIN
1070
    75
1070
     2
1070
    79
1070
     0
1070
    76
1070
     1
1070
    78
1070
     0
1070
    48
1040
278.4251144103137
1070
    49
1040
12.5
1070
    50
1070
     1
1040
0.0
1000
ACAD_MTEXT_COLUMN_INFO_END
  0
LWPOLYLINE
  5
6D7
330
1F
100
AcDbEntity
  8
0
100
AcDbPolyline
 90
        4
 70
     1
 43
0.0
 10
740.0006287627475
 20
850.7481150504572
 10
1115.000628762747
 20
850.7481150504572
 10
1115.000628762747
 20
700.7481150504572
 10
740.0006287627475
 20
700.7481150504572
  0
VIEWPORT
  5
621
102
{ACAD_XDICTIONARY
360
622
102
}
330
D2
100
AcDbEntity
 67
     1
  8
0
100
AcDbViewport
 10
131.6124337697287
 20
97.49999999999991
 30
0.0
 40
457.0491592699302
 41
222.1799998965402
 68
     1
 69
     1
 12
131.6124337697287
 22
97.49999999999991
 13
0.0
 23
0.0
 14
10.0
 24
10.0
 15
10.0
 25
10.0
 16
0.0
 26
0.0
 36
1.0
 17
0.0
 27
0.0
 37
0.0
 42
50.0
 43
0.0
 44
0.0
 45
222.1799998965402
 50
0.0
 51
0.0
 72
  1000
 90
   819232
  1

281
     0
 71
     1
 74
     0
110
0.0
120
0.0
130
0.0
111
1.0
121
0.0
131
0.0
112
0.0
122
1.0
132
0.0
 79
     0
146
0.0
170
     0
 61
     5
348
F5
292
     1
282
     1
141
0.0
142
0.0
 63
   250
421
  3355443
  0
VIEWPORT
  5
625
102
{ACAD_XDICTIONARY
360
626
102
}
330
D2
100
AcDbEntity
 67
     1
  8
0
100
AcDbViewport
 10
128.5
 20
97.5
 30
0.0
 40
205.6
 41
156.0
 68
     2
 69
     2
 12
2760.865123841006
 22
1442.991299090777
 13
0.0
 23
0.0
 14
10.0
 24
10.0
 15
10.0
 25
10.0
 16
0.0
 26
0.0
 36
1.0
 17
0.0
 27
0.0
 37
0.0
 42
50.0
 43
0.0
 44
0.0
 45
2117.458275335244
 50
0.0
 51
0.0
 72
  1000
 90
   819808
  1

281
     0
 71
     1
 74
     0
110
0.0
120
0.0
130
0.0
111
1.0
121
0.0
131
0.0
112
0.0
122
1.0
132
0.0
 79
     0
146
0.0
170
     0
 61
     5
348
F5
292
     1
282
     1
141
0.0
142
0.0
 63
   250
421
  3355443
  0
ENDSEC
  0
SECTION
  2
OBJECTS
  0
DICTIONARY
  5
C
330
0
100
AcDbDictionary
281
     1
  3
ACAD_CIP_PREVIOUS_PRODUCT_INFO
350
216
  3
ACAD_COLOR
350
6B
  3
ACAD_DETAILVIEWSTYLE
350
21B
  3
ACAD_GROUP
350
D
  3
ACAD_LAST_SAVED_VERSION_INFO
350
5D7
  3
ACAD_LAYOUT
350
1A
  3
ACAD_MATERIAL
350
6A
  3
ACAD_MLEADERSTYLE
350
12D
  3
ACAD_MLINESTYLE
350
17
  3
ACAD_PLOTSETTINGS
350
19
  3
ACAD_PLOTSTYLENAME
350
E
  3
ACAD_SCALELIST
350
10C
  3
ACAD_SECTIONVIEWSTYLE
350
219
  3
ACAD_TABLESTYLE
350
7E
  3
ACAD_VISUALSTYLE
350
EF
  3
ACDB_RECOMPOSE_DATA
350
6E0
  3
AcDbVariableDictionary
350
5E
  3
AcDsDecomposeData
350
6E6
  0
DICTIONARY
  5
1FF
330
2
100
AcDbDictionary
280
     1
281
     1
  3
ACAD_LAYERSTATES
360
200
  0
DICTIONARY
  5
13C
330
10
100
AcDbDictionary
280
     1
281
     1
  0
DICTIONARY
  5
1CE
330
1F
100
AcDbDictionary
280
     1
281
     1
  3
ACAD_SORTENTS
360
58B
  0
DICTIONARY
  5
633
330
632
100
AcDbDictionary
280
     1
281
     1
  3
ASDK_XREC_ANNOTATION_SCALE_INFO
360
634
  0
DICTIONARY
  5
637
330
636
100
AcDbDictionary
280
     1
281
     1
  3
ASDK_XREC_ANNOTATION_SCALE_INFO
360
638
  0
DICTIONARY
  5
622
330
621
100
AcDbDictionary
280
     1
281
     1
  3
ASDK_XREC_ANNOTATION_SCALE_INFO
360
623
  0
DICTIONARY
  5
626
330
625
100
AcDbDictionary
280
     1
281
     1
  3
ASDK_XREC_ANNOTATION_SCALE_INFO
360
627
  0
XRECORD
  5
216
102
{ACAD_REACTORS
330
C
102
}
330
C
100
AcDbXrecord
280
     1
300
ACD
300
2026
300

  0
DICTIONARY
  5
6B
102
{ACAD_REACTORS
330
C
102
}
330
C
100
AcDbDictionary
281
     1
  0
DICTIONARY
  5
21B
102
{ACAD_REACTORS
330
C
102
}
330
C
100
AcDbDictionary
281
     1
  3
Metric50
350
21C
  0
DICTIONARY
  5
D
102
{ACAD_REACTORS
330
C
102
}
330
C
100
AcDbDictionary
281
     1
  0
XRECORD
  5
5D7
102
{ACAD_REACTORS
330
C
102
}
330
C
100
AcDbXrecord
280
     1
300
{9B609B90-CE32-554C-8A46-2FDF94CED01A}
301
{462A96BD-7747-3C4C-8AB3-1680121F640A}
302
{9B609B90-CE32-554C-8A46-2FDF94CED01A}
303
C:\Users\santi\Desktop\Planta premier tech\planta Schneider\PlantaSchneiderReal.dxf
  0
DICTIONARY
  5
1A
102
{ACAD_REACTORS
330
C
102
}
330
C
100
AcDbDictionary
281
     1
  3
Model
350
22
  3
Presentación1
350
D3
  3
Presentación2
350
D7
  0
DICTIONARY
  5
6A
102
{ACAD_REACTORS
330
C
102
}
330
C
100
AcDbDictionary
281
     1
  3
ByBlock
350
ED
  3
ByLayer
350
EC
  3
Global
350
EE
  0
DICTIONARY
  5
12D
102
{ACAD_REACTORS
330
C
102
}
330
C
100
AcDbDictionary
281
     1
  3
Anotativo
350
13B
  3
Standard
350
12E
  0
DICTIONARY
  5
17
102
{ACAD_REACTORS
330
C
102
}
330
C
100
AcDbDictionary
281
     1
  3
Standard
350
18
  0
DICTIONARY
  5
19
102
{ACAD_REACTORS
330
C
102
}
330
C
100
AcDbDictionary
281
     1
  0
ACDBDICTIONARYWDFLT
  5
E
102
{ACAD_REACTORS
330
C
102
}
330
C
100
AcDbDictionary
281
     1
  3
Normal
350
F
100
AcDbDictionaryWithDefault
340
F
  0
DICTIONARY
  5
10C
102
{ACAD_REACTORS
330
C
102
}
330
C
100
AcDbDictionary
281
     1
  3
A0
350
10D
  3
A1
350
1BE
  3
A2
350
1BF
  3
A3
350
1C0
  3
A4
350
1C1
  3
A5
350
1C2
  3
A6
350
1C3
  3
A7
350
1C4
  3
A8
350
1C5
  3
A9
350
1C6
  3
B0
350
1C7
  3
B1
350
1C8
  3
B2
350
1C9
  3
B3
350
1CA
  3
B4
350
1CB
  3
B5
350
1CC
  3
B6
350
1CD
  0
DICTIONARY
  5
219
102
{ACAD_REACTORS
330
C
102
}
330
C
100
AcDbDictionary
281
     1
  3
Metric50
350
21A
  0
DICTIONARY
  5
7E
102
{ACAD_REACTORS
330
C
102
}
330
C
100
AcDbDictionary
281
     1
  3
Standard
350
7F
  0
DICTIONARY
  5
EF
102
{ACAD_REACTORS
330
C
102
}
330
C
100
AcDbDictionary
281
     1
  3
2dWireframe
350
F5
  3
Basic
350
F4
  3
Brighten
350
FB
  3
ColorChange
350
FF
  3
Conceptual
350
F8
  3
Dim
350
FA
  3
EdgeColorOff
350
1E6
  3
Facepattern
350
FE
  3
Flat
350
F0
  3
FlatWithEdges
350
F1
  3
Gouraud
350
F2
  3
GouraudWithEdges
350
F3
  3
Hidden
350
F7
  3
JitterOff
350
1E4
  3
Linepattern
350
FD
  3
OverhangOff
350
1E5
  3
Realistic
350
F9
  3
Shaded
350
1F3
  3
Shaded with edges
350
1F2
  3
Shades of Gray
350
1EF
  3
Sketchy
350
1F0
  3
Thicken
350
FC
  3
Wireframe
350
F6
  3
X-Ray
350
1F1
  0
XRECORD
  5
6E0
102
{ACAD_REACTORS
330
C
102
}
330
C
100
AcDbXrecord
280
     1
 90
        1
330
7F
330
525
330
5CD
330
5D5
330
610
330
698
330
6AC
330
6BB
330
6BC
  0
DICTIONARY
  5
5E
102
{ACAD_REACTORS
330
C
102
}
330
C
100
AcDbDictionary
281
     1
  3
CANNOSCALE
350
146
  3
CENTEREXE
350
259
  3
CENTERLTYPEFILE
350
25A
  3
CMLEADERSTYLE
350
145
  3
CTABLESTYLE
350
84
  3
CVIEWDETAILSTYLE
350
227
  3
CVIEWSECTIONSTYLE
350
228
  3
DIMASSOC
350
5F
  3
HIDETEXT
350
63
  3
HPCOLOR
350
59B
  3
HPTRANSPARENCY
350
59F
  3
LAYEREVAL
350
1AE
  3
LAYERNOTIFY
350
1AF
  0
DICTIONARY
  5
6E6
102
{ACAD_REACTORS
330
C
102
}
330
C
100
AcDbDictionary
281
     1
  3
AcDsRecords
350
6E8
  3
AcDsSchemas
350
6E7
1001
ACAD
1070
     2
  0
DICTIONARY
  5
200
102
{ACAD_REACTORS
330
1FF
102
}
330
1FF
100
AcDbDictionary
281
     1
  0
SORTENTSTABLE
  5
58B
102
{ACAD_REACTORS
330
1CE
102
}
330
1CE
100
AcDbSortentsTable
330
1F
331
525
  5
588
331
5BD
  5
5C5
331
5C5
  5
5CD
331
5CD
  5
5D5
331
5D5
  5
5D6
  0
XRECORD
  5
634
102
{ACAD_REACTORS
330
633
102
}
330
633
100
AcDbXrecord
280
     1
 90
        1
340
10D
  0
XRECORD
  5
638
102
{ACAD_REACTORS
330
637
102
}
330
637
100
AcDbXrecord
280
     1
 90
        1
340
10D
  0
XRECORD
  5
623
102
{ACAD_REACTORS
330
622
102
}
330
622
100
AcDbXrecord
280
     1
 90
        1
340
10D
  0
XRECORD
  5
627
102
{ACAD_REACTORS
330
626
102
}
330
626
100
AcDbXrecord
280
     1
 90
        1
340
10D
  0
ACDBDETAILVIEWSTYLE
  5
21C
102
{ACAD_XDICTIONARY
360
71B
102
}
102
{ACAD_REACTORS
330
21B
102
}
330
21B
100
AcDbModelDocViewStyle
 70
     0
  3
Metric50
290
     0
100
AcDbDetailViewStyle
 70
     0
 71
     0
 90
        3
 71
     1
340
11
 62
   256
 40
5.0
340
0
 62
   256
 40
5.0
300

 40
0.0
280
     1
 71
     2
340
16
 90
       25
 62
   256
 71
     3
340
11
 62
   256
 40
5.0
 90
        0
 40
15.0
 90
        1
300
%<\AcVar ViewDetailId>% (%<\AcVar ViewScale \f "%sn">%)
 71
     4
340
16
 90
       25
 62
   256
340
16
 90
       25
 62
   256
280
     0
  0
LAYOUT
  5
22
102
{ACAD_XDICTIONARY
360
205
102
}
102
{ACAD_REACTORS
330
1A
102
}
330
1A
100
AcDbPlotSettings
  1

  2
none_device
  4
ISO_A4_(210.00_x_297.00_MM)
  6

 40
7.5
 41
20.0
 42
7.5
 43
20.0
 44
210.0
 45
297.0
 46
11.54999923706054
 47
-13.65000009536743
 48
0.0
 49
0.0
140
0.0
141
0.0
142
1.0
143
8.704084754739808
 70
 11952
 72
     1
 73
     0
 74
     0
  7

 75
     0
147
0.1148885871608098
 76
     0
 77
     2
 78
   300
148
0.0
149
0.0
100
AcDbLayout
  1
Model
 70
     1
 71
     0
 10
0.0
 20
0.0
 11
12.0
 21
9.0
 12
0.0
 22
0.0
 32
0.0
 14
0.0
 24
0.0
 34
0.0
 15
0.0
 25
0.0
 35
0.0
146
0.0
 13
0.0
 23
0.0
 33
0.0
 16
1.0
 26
0.0
 36
0.0
 17
0.0
 27
1.0
 37
0.0
 76
     0
330
1F
331
EA
1001
ACAD_PSEXT
1000
None
1000
None
1000
Not applicable
1000
The layout will not be plotted unless a new plotter configuration name is selected.
1070
     0
  0
LAYOUT
  5
D3
102
{ACAD_REACTORS
330
1A
102
}
330
1A
100
AcDbPlotSettings
  1

  2
none_device
  4
ISO_A4_(210.00_x_297.00_MM)
  6

 40
7.5
 41
20.0
 42
7.5
 43
20.0
 44
210.0
 45
297.0
 46
0.0
 47
0.0
 48
0.0
 49
0.0
140
0.0
141
0.0
142
1.0
143
1.0
 70
   688
 72
     1
 73
     1
 74
     5
  7

 75
    16
147
1.0
 76
     0
 77
     2
 78
   300
148
0.0
149
0.0
100
AcDbLayout
  1
Presentación1
 70
     1
 71
     1
 10
-20.0
 20
-7.5
 11
277.0
 21
202.5
 12
0.0
 22
0.0
 32
0.0
 14
25.69999999999999
 24
19.5
 34
0.0
 15
231.3
 25
175.5
 35
0.0
146
0.0
 13
0.0
 23
0.0
 33
0.0
 16
1.0
 26
0.0
 36
0.0
 17
0.0
 27
1.0
 37
0.0
 76
     0
330
D2
331
621
1001
ACAD_PSEXT
1000
Ninguno
1000
Ninguno
1000
No aplicable
1000
La presentación no se trazará a menos que se seleccione un nuevo nombre de configuración de trazador.
1070
     0
  0
LAYOUT
  5
D7
102
{ACAD_REACTORS
330
1A
102
}
330
1A
100
AcDbPlotSettings
  1

  2
none_device
  4
ISO_A4_(210.00_x_297.00_MM)
  6

 40
7.5
 41
20.0
 42
7.5
 43
20.0
 44
210.0
 45
297.0
 46
0.0
 47
0.0
 48
0.0
 49
0.0
140
0.0
141
0.0
142
1.0
143
1.0
 70
   688
 72
     1
 73
     1
 74
     5
  7

 75
    16
147
1.0
 76
     0
 77
     2
 78
   300
148
0.0
149
0.0
100
AcDbLayout
  1
Presentación2
 70
     1
 71
     2
 10
-20.0
 20
-7.5
 11
277.0
 21
202.5
 12
0.0
 22
0.0
 32
0.0
 14
25.69999999999999
 24
19.5
 34
0.0
 15
231.3
 25
175.5
 35
0.0
146
0.0
 13
0.0
 23
0.0
 33
0.0
 16
1.0
 26
0.0
 36
0.0
 17
0.0
 27
1.0
 37
0.0
 76
     0
330
D6
331
632
1001
ACAD_PSEXT
1000
Ninguno
1000
Ninguno
1000
No aplicable
1000
La presentación no se trazará a menos que se seleccione un nuevo nombre de configuración de trazador.
1070
     0
  0
MATERIAL
  5
ED
102
{ACAD_XDICTIONARY
360
1F9
102
}
102
{ACAD_REACTORS
330
6A
102
}
330
6A
100
AcDbMaterial
  1
ByBlock
 94
       63
  0
MATERIAL
  5
EC
102
{ACAD_XDICTIONARY
360
1F7
102
}
102
{ACAD_REACTORS
330
6A
102
}
330
6A
100
AcDbMaterial
  1
ByLayer
 94
       63
  0
MATERIAL
  5
EE
102
{ACAD_XDICTIONARY
360
173
102
}
102
{ACAD_REACTORS
330
6A
102
}
330
6A
100
AcDbMaterial
  1
Global
 43
0.0007999999797903
 43
0.0
 43
0.0
 43
0.0
 43
0.0
 43
0.0007999999797903
 43
0.0
 43
0.0
 43
0.0
 43
0.0
 43
1.0
 43
0.0
 43
0.0
 43
0.0
 43
0.0
 43
1.0
 49
0.0007999999797903
 49
0.0
 49
0.0
 49
0.0
 49
0.0
 49
0.0007999999797903
 49
0.0
 49
0.0
 49
0.0
 49
0.0
 49
1.0
 49
0.0
 49
0.0
 49
0.0
 49
0.0
 49
1.0
142
0.0007999999797903
142
0.0
142
0.0
142
0.0
142
0.0
142
0.0007999999797903
142
0.0
142
0.0
142
0.0
142
0.0
142
1.0
142
0.0
142
0.0
142
0.0
142
0.0
142
1.0
144
0.0007999999797903
144
0.0
144
0.0
144
0.0
144
0.0
144
0.0007999999797903
144
0.0
144
0.0
144
0.0
144
0.0
144
1.0
144
0.0
144
0.0
144
0.0
144
0.0
144
1.0
 94
       63
1001
ACAD
1070
    -1
1070
     3
1070
     0
1000

1071
        0
1070
     0
  0
MLEADERSTYLE
  5
13B
102
{ACAD_REACTORS
330
12D
102
}
330
12D
100
AcDbMLeaderStyle
179
     2
170
     2
171
     1
172
     0
 90
        2
 40
0.0
 41
0.0
173
     1
 91
-1056964608
340
14
 92
       -2
290
     1
 42
2.0
291
     1
 43
8.0
  3
Standard
 44
4.0
300

342
11
174
     1
178
     1
175
     1
176
     0
 93
-1056964608
 45
4.0
292
     0
297
     0
 46
4.0
 94
-1056964608
 47
1.0
 49
1.0
140
1.0
293
     1
141
0.0
294
     1
177
     0
142
1.0
295
     0
296
     1
143
3.75
271
     0
272
     9
273
     9
  0
MLEADERSTYLE
  5
12E
102
{ACAD_REACTORS
330
12D
102
}
330
12D
100
AcDbMLeaderStyle
179
     2
170
     2
171
     1
172
     0
 90
        2
 40
0.0
 41
0.0
173
     1
 91
-1056964608
340
14
 92
       -2
290
     1
 42
2.0
291
     1
 43
8.0
  3
Standard
 44
4.0
300

342
11
174
     1
178
     1
175
     1
176
     0
 93
-1056964608
 45
4.0
292
     0
297
     0
 46
4.0
 94
-1056964608
 47
1.0
 49
1.0
140
1.0
293
     1
141
0.0
294
     1
177
     0
142
1.0
295
     0
296
     0
143
3.75
271
     0
272
     9
273
     9
  0
MLINESTYLE
  5
18
102
{ACAD_REACTORS
330
17
102
}
330
17
100
AcDbMlineStyle
  2
STANDARD
 70
     0
  3

 62
   256
 51
90.0
 52
90.0
 71
     2
 49
0.5
 62
   256
  6
BYLAYER
 49
-0.5
 62
   256
  6
BYLAYER
  0
ACDBPLACEHOLDER
  5
F
102
{ACAD_REACTORS
330
E
102
}
330
E
  0
SCALE
  5
10D
102
{ACAD_REACTORS
330
10C
102
}
330
10C
100
AcDbScale
 70
     0
300
1:1
140
1.0
141
1.0
290
     1
  0
SCALE
  5
1BE
102
{ACAD_REACTORS
330
10C
102
}
330
10C
100
AcDbScale
 70
     0
300
1:2
140
1.0
141
2.0
290
     0
  0
SCALE
  5
1BF
102
{ACAD_REACTORS
330
10C
102
}
330
10C
100
AcDbScale
 70
     0
300
1:4
140
1.0
141
4.0
290
     0
  0
SCALE
  5
1C0
102
{ACAD_REACTORS
330
10C
102
}
330
10C
100
AcDbScale
 70
     0
300
1:5
140
1.0
141
5.0
290
     0
  0
SCALE
  5
1C1
102
{ACAD_REACTORS
330
10C
102
}
330
10C
100
AcDbScale
 70
     0
300
1:8
140
1.0
141
8.0
290
     0
  0
SCALE
  5
1C2
102
{ACAD_REACTORS
330
10C
102
}
330
10C
100
AcDbScale
 70
     0
300
1:10
140
1.0
141
10.0
290
     0
  0
SCALE
  5
1C3
102
{ACAD_REACTORS
330
10C
102
}
330
10C
100
AcDbScale
 70
     0
300
1:16
140
1.0
141
16.0
290
     0
  0
SCALE
  5
1C4
102
{ACAD_REACTORS
330
10C
102
}
330
10C
100
AcDbScale
 70
     0
300
1:20
140
1.0
141
20.0
290
     0
  0
SCALE
  5
1C5
102
{ACAD_REACTORS
330
10C
102
}
330
10C
100
AcDbScale
 70
     0
300
1:30
140
1.0
141
30.0
290
     0
  0
SCALE
  5
1C6
102
{ACAD_REACTORS
330
10C
102
}
330
10C
100
AcDbScale
 70
     0
300
1:40
140
1.0
141
40.0
290
     0
  0
SCALE
  5
1C7
102
{ACAD_REACTORS
330
10C
102
}
330
10C
100
AcDbScale
 70
     0
300
1:50
140
1.0
141
50.0
290
     0
  0
SCALE
  5
1C8
102
{ACAD_REACTORS
330
10C
102
}
330
10C
100
AcDbScale
 70
     0
300
1:100
140
1.0
141
100.0
290
     0
  0
SCALE
  5
1C9
102
{ACAD_REACTORS
330
10C
102
}
330
10C
100
AcDbScale
 70
     0
300
2:1
140
2.0
141
1.0
290
     0
  0
SCALE
  5
1CA
102
{ACAD_REACTORS
330
10C
102
}
330
10C
100
AcDbScale
 70
     0
300
4:1
140
4.0
141
1.0
290
     0
  0
SCALE
  5
1CB
102
{ACAD_REACTORS
330
10C
102
}
330
10C
100
AcDbScale
 70
     0
300
8:1
140
8.0
141
1.0
290
     0
  0
SCALE
  5
1CC
102
{ACAD_REACTORS
330
10C
102
}
330
10C
100
AcDbScale
 70
     0
300
10:1
140
10.0
141
1.0
290
     0
  0
SCALE
  5
1CD
102
{ACAD_REACTORS
330
10C
102
}
330
10C
100
AcDbScale
 70
     0
300
100:1
140
100.0
141
1.0
290
     0
  0
ACDBSECTIONVIEWSTYLE
  5
21A
102
{ACAD_XDICTIONARY
360
719
102
}
102
{ACAD_REACTORS
330
219
102
}
330
219
100
AcDbModelDocViewStyle
 70
     0
  3
Metric50
290
     0
100
AcDbSectionViewStyle
 70
     0
 71
     0
 90
      102
 71
     1
340
11
 62
   256
 40
5.0
340
0
340
0
 62
   256
 40
5.0
300
I, O, Q, S, X, Z
 40
10.0
 90
        0
 40
2.5
 90
        0
 71
     2
340
16
 90
       25
 62
   256
340
16
 90
       50
 62
   256
 40
5.0
 40
2.5
 40
5.0
 71
     3
340
11
 62
   256
 40
5.0
 90
        0
 40
15.0
 90
        1
300
%<\AcVar ViewSectionStartId>%-%<\AcVar ViewSectionEndId>% (%<\AcVar ViewScale \f "%sn">%)
 71
     4
 62
   256
 62
   257
300
ANSI31
 40
1.0
 90
        0
290
     0
290
     0
 90
        6
 40
0.0
 40
1.570796326794896
 40
0.2617993877991494
 40
1.308996938995747
 40
-0.2617993877991494
 40
1.832595714594046
  0
TABLESTYLE
  5
7F
102
{ACAD_XDICTIONARY
360
162
102
}
102
{ACAD_REACTORS
330
7E
102
}
330
7E
100
AcDbTableStyle
280
     0
  3
Standard
 70
     0
 71
     0
 40
1.5
 41
1.5
280
     0
281
     0
  7
Standard
140
4.5
170
     2
 62
     0
 63
     7
283
     0
 90
      512
 91
        0
  1

274
    -2
284
     1
 64
     0
275
    -2
285
     1
 65
     0
276
    -2
286
     1
 66
     0
277
    -2
287
     1
 67
     0
278
    -2
288
     1
 68
     0
279
    -2
289
     1
 69
     0
  7
Standard
140
6.0
170
     5
 62
     0
 63
     7
283
     0
 90
      512
 91
        0
  1

274
    -2
284
     1
 64
     0
275
    -2
285
     1
 65
     0
276
    -2
286
     1
 66
     0
277
    -2
287
     1
 67
     0
278
    -2
288
     1
 68
     0
279
    -2
289
     1
 69
     0
  7
Standard
140
4.5
170
     5
 62
     0
 63
     7
283
     0
 90
      512
 91
        0
  1

274
    -2
284
     1
 64
     0
275
    -2
285
     1
 65
     0
276
    -2
286
     1
 66
     0
277
    -2
287
     1
 67
     0
278
    -2
288
     1
 68
     0
279
    -2
289
     1
 69
     0
  0
VISUALSTYLE
  5
F5
102
{ACAD_XDICTIONARY
360
6F3
102
}
102
{ACAD_REACTORS
330
EF
102
}
330
EF
100
AcDbVisualStyle
  2
2dWireframe
 70
     4
177
     2
291
     0
 71
     0
176
     1
 72
     2
176
     1
 73
     1
176
     1
 90
        0
176
     1
 40
0.6
176
     1
 41
30.0
176
     1
 63
     7
421
 16777215
176
     1
 74
     1
176
     1
 91
        4
176
     1
 64
     7
176
     1
 65
   257
176
     1
 75
     1
176
     1
175
     1
176
     1
 42
1.0
176
     1
 92
        0
176
     1
 66
   257
176
     1
 43
1.0
176
     1
 76
     1
176
     1
 77
     6
176
     1
 78
     2
176
     1
 67
     7
176
     1
 79
     5
176
     1
170
     0
176
     1
171
     0
176
     1
290
     0
176
     1
 93
        1
176
     1
 44
0.0
176
     1
173
     0
176
     1
1001
ACAD
1000
AcDbSavedByObjectVersion
1070
     0
  0
VISUALSTYLE
  5
F4
102
{ACAD_XDICTIONARY
360
6F1
102
}
102
{ACAD_REACTORS
330
EF
102
}
330
EF
100
AcDbVisualStyle
  2
Basic
 70
     7
177
     2
291
     1
 71
     1
176
     1
 72
     0
176
     1
 73
     1
176
     1
 90
        0
176
     1
 40
0.6
176
     1
 41
30.0
176
     1
 63
     7
421
 16777215
176
     1
 74
     0
176
     1
 91
        4
176
     1
 64
     7
176
     1
 65
   257
176
     1
 75
     1
176
     1
175
     1
176
     1
 42
1.0
176
     1
 92
        8
176
     1
 66
     7
176
     1
 43
1.0
176
     1
 76
     1
176
     1
 77
     6
176
     1
 78
     2
176
     1
 67
     7
176
     1
 79
     5
176
     1
170
     0
176
     1
171
     0
176
     1
290
     0
176
     1
 93
        1
176
     1
 44
0.0
176
     1
173
     0
176
     1
1001
ACAD
1000
AcDbSavedByObjectVersion
1070
     0
  0
VISUALSTYLE
  5
FB
102
{ACAD_XDICTIONARY
360
6FF
102
}
102
{ACAD_REACTORS
330
EF
102
}
330
EF
100
AcDbVisualStyle
  2
Brighten
 70
    12
177
     2
291
     1
 71
     2
176
     1
 72
     2
176
     1
 73
     1
176
     1
 90
        0
176
     1
 40
0.6
176
     1
 41
30.0
176
     1
 63
     7
421
 16777215
176
     1
 74
     1
176
     1
 91
        4
176
     1
 64
     7
176
     1
 65
   257
176
     1
 75
     1
176
     1
175
     1
176
     1
 42
1.0
176
     1
 92
        8
176
     1
 66
     7
176
     1
 43
1.0
176
     1
 76
     1
176
     1
 77
     6
176
     1
 78
     2
176
     1
 67
     7
176
     1
 79
     5
176
     1
170
     0
176
     1
171
     0
176
     1
290
     0
176
     1
 93
        1
176
     1
 44
50.0
176
     1
173
     0
176
     1
1001
ACAD
1000
AcDbSavedByObjectVersion
1070
     0
  0
VISUALSTYLE
  5
FF
102
{ACAD_XDICTIONARY
360
707
102
}
102
{ACAD_REACTORS
330
EF
102
}
330
EF
100
AcDbVisualStyle
  2
ColorChange
 70
    16
177
     2
291
     1
 71
     2
176
     1
 72
     2
176
     1
 73
     3
176
     1
 90
        0
176
     1
 40
0.6
176
     1
 41
30.0
176
     1
 63
     8
421
  8421504
176
     1
 74
     1
176
     1
 91
        4
176
     1
 64
     7
176
     1
 65
   257
176
     1
 75
     1
176
     1
175
     1
176
     1
 42
1.0
176
     1
 92
        8
176
     1
 66
     8
424
  8421504
176
     1
 43
1.0
176
     1
 76
     1
176
     1
 77
     6
176
     1
 78
     2
176
     1
 67
     7
176
     1
 79
     5
176
     1
170
     0
176
     1
171
     0
176
     1
290
     0
176
     1
 93
        1
176
     1
 44
0.0
176
     1
173
     0
176
     1
1001
ACAD
1000
AcDbSavedByObjectVersion
1070
     0
  0
VISUALSTYLE
  5
F8
102
{ACAD_XDICTIONARY
360
6F9
102
}
102
{ACAD_REACTORS
330
EF
102
}
330
EF
100
AcDbVisualStyle
  2
Conceptual
 70
     9
177
     2
291
     0
 71
     3
176
     1
 72
     2
176
     1
 73
     1
176
     1
 90
        0
176
     1
 40
0.6
176
     1
 41
30.0
176
     1
 63
     7
421
 16777215
176
     1
 74
     2
176
     1
 91
        2
176
     1
 64
     7
176
     1
 65
   257
176
     1
 75
     1
176
     1
175
     1
176
     1
 42
40.0
176
     1
 92
        8
176
     1
 66
     7
176
     1
 43
1.0
176
     1
 76
     1
176
     1
 77
     6
176
     1
 78
     2
176
     1
 67
     7
176
     1
 79
     3
176
     1
170
     0
176
     1
171
     0
176
     1
290
     0
176
     1
 93
        1
176
     1
 44
0.0
176
     1
173
     0
176
     1
1001
ACAD
1000
AcDbSavedByObjectVersion
1070
     0
  0
VISUALSTYLE
  5
FA
102
{ACAD_XDICTIONARY
360
6FD
102
}
102
{ACAD_REACTORS
330
EF
102
}
330
EF
100
AcDbVisualStyle
  2
Dim
 70
    11
177
     2
291
     1
 71
     2
176
     1
 72
     2
176
     1
 73
     1
176
     1
 90
        0
176
     1
 40
0.6
176
     1
 41
30.0
176
     1
 63
     7
421
 16777215
176
     1
 74
     1
176
     1
 91
        4
176
     1
 64
     7
176
     1
 65
   257
176
     1
 75
     1
176
     1
175
     1
176
     1
 42
1.0
176
     1
 92
        8
176
     1
 66
     7
176
     1
 43
1.0
176
     1
 76
     1
176
     1
 77
     6
176
     1
 78
     2
176
     1
 67
     7
176
     1
 79
     5
176
     1
170
     0
176
     1
171
     0
176
     1
290
     0
176
     1
 93
        1
176
     1
 44
-50.0
176
     1
173
     0
176
     1
1001
ACAD
1000
AcDbSavedByObjectVersion
1070
     0
  0
VISUALSTYLE
  5
1E6
102
{ACAD_XDICTIONARY
360
70D
102
}
102
{ACAD_REACTORS
330
EF
102
}
330
EF
100
AcDbVisualStyle
  2
EdgeColorOff
 70
    22
177
     2
291
     1
 71
     2
176
     0
 72
     2
176
     0
 73
     0
176
     0
 90
        0
176
     0
 40
0.6
176
     0
 41
30.0
176
     0
 63
     7
421
 16777215
176
     0
 74
     1
176
     0
 91
        4
176
     0
 64
     7
176
     0
 65
   257
176
     0
 75
     1
176
     0
175
     1
176
     0
 42
1.0
176
     0
 92
        8
176
     2
 66
     7
176
     0
 43
1.0
176
     0
 76
     1
176
     0
 77
     6
176
     0
 78
     2
176
     0
 67
     7
176
     0
 79
     5
176
     0
170
     0
176
     0
171
     0
176
     0
290
     0
176
     0
 93
        1
176
     0
 44
0.0
176
     0
173
     0
176
     0
1001
ACAD
1000
AcDbSavedByObjectVersion
1070
     0
  0
VISUALSTYLE
  5
FE
102
{ACAD_XDICTIONARY
360
705
102
}
102
{ACAD_REACTORS
330
EF
102
}
330
EF
100
AcDbVisualStyle
  2
Facepattern
 70
    15
177
     2
291
     1
 71
     2
176
     1
 72
     2
176
     1
 73
     1
176
     1
 90
        0
176
     1
 40
0.6
176
     1
 41
30.0
176
     1
 63
     7
421
 16777215
176
     1
 74
     1
176
     1
 91
        4
176
     1
 64
     7
176
     1
 65
   257
176
     1
 75
     1
176
     1
175
     1
176
     1
 42
1.0
176
     1
 92
        8
176
     1
 66
     7
176
     1
 43
1.0
176
     1
 76
     1
176
     1
 77
     6
176
     1
 78
     2
176
     1
 67
     7
176
     1
 79
     5
176
     1
170
     0
176
     1
171
     0
176
     1
290
     0
176
     1
 93
        1
176
     1
 44
0.0
176
     1
173
     0
176
     1
1001
ACAD
1000
AcDbSavedByObjectVersion
1070
     0
  0
VISUALSTYLE
  5
F0
102
{ACAD_XDICTIONARY
360
6E9
102
}
102
{ACAD_REACTORS
330
EF
102
}
330
EF
100
AcDbVisualStyle
  2
Flat
 70
     0
177
     2
291
     1
 71
     2
176
     1
 72
     1
176
     1
 73
     1
176
     1
 90
        2
176
     1
 40
0.6
176
     1
 41
30.0
176
     1
 63
     7
421
 16777215
176
     1
 74
     0
176
     1
 91
        0
176
     1
 64
     7
176
     1
 65
   257
176
     1
 75
     1
176
     1
175
     1
176
     1
 42
1.0
176
     1
 92
        8
176
     1
 66
     7
176
     1
 43
1.0
176
     1
 76
     1
176
     1
 77
     6
176
     1
 78
     2
176
     1
 67
     7
176
     1
 79
     5
176
     1
170
     0
176
     1
171
     0
176
     1
290
     0
176
     1
 93
       13
176
     1
 44
0.0
176
     1
173
     0
176
     1
1001
ACAD
1000
AcDbSavedByObjectVersion
1070
     0
  0
VISUALSTYLE
  5
F1
102
{ACAD_XDICTIONARY
360
6EB
102
}
102
{ACAD_REACTORS
330
EF
102
}
330
EF
100
AcDbVisualStyle
  2
FlatWithEdges
 70
     1
177
     2
291
     1
 71
     2
176
     1
 72
     1
176
     1
 73
     1
176
     1
 90
        2
176
     1
 40
0.6
176
     1
 41
30.0
176
     1
 63
     7
421
 16777215
176
     1
 74
     1
176
     1
 91
        0
176
     1
 64
     7
176
     1
 65
   257
176
     1
 75
     1
176
     1
175
     1
176
     1
 42
1.0
176
     1
 92
        0
176
     1
 66
   257
176
     1
 43
1.0
176
     1
 76
     1
176
     1
 77
     6
176
     1
 78
     2
176
     1
 67
     7
176
     1
 79
     5
176
     1
170
     0
176
     1
171
     0
176
     1
290
     0
176
     1
 93
       13
176
     1
 44
0.0
176
     1
173
     0
176
     1
1001
ACAD
1000
AcDbSavedByObjectVersion
1070
     0
  0
VISUALSTYLE
  5
F2
102
{ACAD_XDICTIONARY
360
6ED
102
}
102
{ACAD_REACTORS
330
EF
102
}
330
EF
100
AcDbVisualStyle
  2
Gouraud
 70
     2
177
     2
291
     1
 71
     2
176
     1
 72
     2
176
     1
 73
     1
176
     1
 90
        2
176
     1
 40
0.6
176
     1
 41
30.0
176
     1
 63
     7
421
 16777215
176
     1
 74
     0
176
     1
 91
        0
176
     1
 64
     7
176
     1
 65
   257
176
     1
 75
     1
176
     1
175
     1
176
     1
 42
1.0
176
     1
 92
        0
176
     1
 66
     7
176
     1
 43
1.0
176
     1
 76
     1
176
     1
 77
     6
176
     1
 78
     2
176
     1
 67
     7
176
     1
 79
     5
176
     1
170
     0
176
     1
171
     0
176
     1
290
     0
176
     1
 93
       13
176
     1
 44
0.0
176
     1
173
     0
176
     1
1001
ACAD
1000
AcDbSavedByObjectVersion
1070
     0
  0
VISUALSTYLE
  5
F3
102
{ACAD_XDICTIONARY
360
6EF
102
}
102
{ACAD_REACTORS
330
EF
102
}
330
EF
100
AcDbVisualStyle
  2
GouraudWithEdges
 70
     3
177
     2
291
     1
 71
     2
176
     1
 72
     2
176
     1
 73
     1
176
     1
 90
        2
176
     1
 40
0.6
176
     1
 41
30.0
176
     1
 63
     7
421
 16777215
176
     1
 74
     1
176
     1
 91
        0
176
     1
 64
     7
176
     1
 65
   257
176
     1
 75
     1
176
     1
175
     1
176
     1
 42
1.0
176
     1
 92
        0
176
     1
 66
   257
176
     1
 43
1.0
176
     1
 76
     1
176
     1
 77
     6
176
     1
 78
     2
176
     1
 67
     7
176
     1
 79
     5
176
     1
170
     0
176
     1
171
     0
176
     1
290
     0
176
     1
 93
       13
176
     1
 44
0.0
176
     1
173
     0
176
     1
1001
ACAD
1000
AcDbSavedByObjectVersion
1070
     0
  0
VISUALSTYLE
  5
F7
102
{ACAD_XDICTIONARY
360
6F7
102
}
102
{ACAD_REACTORS
330
EF
102
}
330
EF
100
AcDbVisualStyle
  2
Hidden
 70
     6
177
     2
291
     0
 71
     1
176
     1
 72
     2
176
     1
 73
     2
176
     1
 90
        0
176
     1
 40
0.6
176
     1
 41
30.0
176
     1
 63
     7
421
 16777215
176
     1
 74
     2
176
     1
 91
        2
176
     1
 64
     7
176
     1
 65
   257
176
     1
 75
     2
176
     1
175
     1
176
     1
 42
40.0
176
     1
 92
        0
176
     1
 66
   257
176
     1
 43
1.0
176
     1
 76
     1
176
     1
 77
     6
176
     1
 78
     2
176
     1
 67
     7
176
     1
 79
     3
176
     1
170
     0
176
     1
171
     0
176
     1
290
     0
176
     1
 93
        1
176
     1
 44
0.0
176
     1
173
     0
176
     1
1001
ACAD
1000
AcDbSavedByObjectVersion
1070
     0
  0
VISUALSTYLE
  5
1E4
102
{ACAD_XDICTIONARY
360
709
102
}
102
{ACAD_REACTORS
330
EF
102
}
330
EF
100
AcDbVisualStyle
  2
JitterOff
 70
    20
177
     2
291
     1
 71
     2
176
     0
 72
     2
176
     0
 73
     0
176
     0
 90
        0
176
     0
 40
0.6
176
     0
 41
30.0
176
     0
 63
     7
421
 16777215
176
     0
 74
     1
176
     0
 91
        4
176
     0
 64
     7
176
     0
 65
   257
176
     0
 75
     1
176
     0
175
     1
176
     0
 42
1.0
176
     0
 92
       10
176
     2
 66
     7
176
     0
 43
1.0
176
     0
 76
     1
176
     0
 77
     6
176
     0
 78
     2
176
     0
 67
     7
176
     0
 79
     5
176
     0
170
     0
176
     0
171
     0
176
     0
290
     0
176
     0
 93
        1
176
     0
 44
0.0
176
     0
173
     0
176
     0
1001
ACAD
1000
AcDbSavedByObjectVersion
1070
     0
  0
VISUALSTYLE
  5
FD
102
{ACAD_XDICTIONARY
360
703
102
}
102
{ACAD_REACTORS
330
EF
102
}
330
EF
100
AcDbVisualStyle
  2
Linepattern
 70
    14
177
     2
291
     1
 71
     2
176
     1
 72
     2
176
     1
 73
     1
176
     1
 90
        0
176
     1
 40
0.6
176
     1
 41
30.0
176
     1
 63
     7
421
 16777215
176
     1
 74
     1
176
     1
 91
        4
176
     1
 64
     7
176
     1
 65
   257
176
     1
 75
     7
176
     1
175
     7
176
     1
 42
1.0
176
     1
 92
        8
176
     1
 66
     7
176
     1
 43
1.0
176
     1
 76
     1
176
     1
 77
     6
176
     1
 78
     2
176
     1
 67
     7
176
     1
 79
     5
176
     1
170
     0
176
     1
171
     0
176
     1
290
     0
176
     1
 93
        1
176
     1
 44
0.0
176
     1
173
     0
176
     1
1001
ACAD
1000
AcDbSavedByObjectVersion
1070
     0
  0
VISUALSTYLE
  5
1E5
102
{ACAD_XDICTIONARY
360
70B
102
}
102
{ACAD_REACTORS
330
EF
102
}
330
EF
100
AcDbVisualStyle
  2
OverhangOff
 70
    21
177
     2
291
     1
 71
     2
176
     0
 72
     2
176
     0
 73
     0
176
     0
 90
        0
176
     0
 40
0.6
176
     0
 41
30.0
176
     0
 63
     7
421
 16777215
176
     0
 74
     1
176
     0
 91
        4
176
     0
 64
     7
176
     0
 65
   257
176
     0
 75
     1
176
     0
175
     1
176
     0
 42
1.0
176
     0
 92
        9
176
     2
 66
     7
176
     0
 43
1.0
176
     0
 76
     1
176
     0
 77
     6
176
     0
 78
     2
176
     0
 67
     7
176
     0
 79
     5
176
     0
170
     0
176
     0
171
     0
176
     0
290
     0
176
     0
 93
        1
176
     0
 44
0.0
176
     0
173
     0
176
     0
1001
ACAD
1000
AcDbSavedByObjectVersion
1070
     0
  0
VISUALSTYLE
  5
F9
102
{ACAD_XDICTIONARY
360
6FB
102
}
102
{ACAD_REACTORS
330
EF
102
}
330
EF
100
AcDbVisualStyle
  2
Realistic
 70
     8
177
     2
291
     0
 71
     2
176
     1
 72
     3
176
     1
 73
     0
176
     1
 90
        2
176
     1
 40
0.6
176
     1
 41
30.0
176
     1
 63
     7
421
 16777215
176
     1
 74
     0
176
     1
 91
        0
176
     1
 64
     7
176
     1
 65
   257
176
     1
 75
     1
176
     1
175
     1
176
     1
 42
1.0
176
     1
 92
        8
176
     1
 66
   257
176
     1
 43
1.0
176
     1
 76
     1
176
     1
 77
     6
176
     1
 78
     2
176
     1
 67
     7
176
     1
 79
     3
176
     1
170
     0
176
     1
171
     0
176
     1
290
     0
176
     1
 93
       13
176
     1
 44
0.0
176
     1
173
     0
176
     1
1001
ACAD
1000
AcDbSavedByObjectVersion
1070
     0
  0
VISUALSTYLE
  5
1F3
102
{ACAD_XDICTIONARY
360
717
102
}
102
{ACAD_REACTORS
330
EF
102
}
330
EF
100
AcDbVisualStyle
  2
Shaded
 70
    27
177
     2
291
     0
 71
     2
176
     1
 72
     2
176
     1
 73
     1
176
     1
 90
        2
176
     1
 40
0.6
176
     1
 41
30.0
176
     1
 63
     7
421
 16777215
176
     1
 74
     0
176
     1
 91
        4
176
     1
 64
     7
176
     1
 65
   257
176
     1
 75
     1
176
     1
175
     1
176
     1
 42
1.0
176
     1
 92
        8
176
     1
 66
   257
176
     1
 43
1.0
176
     1
 76
     1
176
     1
 77
     6
176
     1
 78
     2
176
     1
 67
     8
425
  7895160
176
     1
 79
     3
176
     1
170
     0
176
     1
171
     0
176
     1
290
     0
176
     1
 93
        5
176
     1
 44
0.0
176
     1
173
     0
176
     1
1001
ACAD
1000
AcDbSavedByObjectVersion
1070
     0
  0
VISUALSTYLE
  5
1F2
102
{ACAD_XDICTIONARY
360
715
102
}
102
{ACAD_REACTORS
330
EF
102
}
330
EF
100
AcDbVisualStyle
  2
Shaded with edges
 70
    26
177
     2
291
     0
 71
     2
176
     1
 72
     2
176
     1
 73
     1
176
     1
 90
        2
176
     1
 40
0.6
176
     1
 41
30.0
176
     1
 63
     7
421
 16777215
176
     1
 74
     1
176
     1
 91
        2
176
     1
 64
     7
176
     1
 65
   257
176
     1
 75
     2
176
     1
175
     1
176
     1
 42
1.0
176
     1
 92
        8
176
     1
 66
   257
176
     1
 43
1.0
176
     1
 76
     1
176
     1
 77
     6
176
     1
 78
     2
176
     1
 67
     7
176
     1
 79
     3
176
     1
170
     0
176
     1
171
     0
176
     1
290
     0
176
     1
 93
        5
176
     1
 44
0.0
176
     1
173
     0
176
     1
1001
ACAD
1000
AcDbSavedByObjectVersion
1070
     0
  0
VISUALSTYLE
  5
1EF
102
{ACAD_XDICTIONARY
360
70F
102
}
102
{ACAD_REACTORS
330
EF
102
}
330
EF
100
AcDbVisualStyle
  2
Shades of Gray
 70
    23
177
     2
291
     0
 71
     2
176
     1
 72
     2
176
     1
 73
     3
176
     1
 90
        0
176
     1
 40
0.6
176
     1
 41
30.0
176
     1
 63
     7
421
 16777215
176
     1
 74
     2
176
     1
 91
        2
176
     1
 64
     7
176
     1
 65
     7
176
     1
 75
     1
176
     1
175
     1
176
     1
 42
40.0
176
     1
 92
        8
176
     1
 66
     7
176
     1
 43
1.0
176
     1
 76
     1
176
     1
 77
     6
176
     1
 78
     2
176
     1
 67
     7
176
     1
 79
     3
176
     1
170
     0
176
     1
171
     0
176
     1
290
     0
176
     1
 93
        1
176
     1
 44
0.0
176
     1
173
     0
176
     1
1001
ACAD
1000
AcDbSavedByObjectVersion
1070
     0
  0
VISUALSTYLE
  5
1F0
102
{ACAD_XDICTIONARY
360
711
102
}
102
{ACAD_REACTORS
330
EF
102
}
330
EF
100
AcDbVisualStyle
  2
Sketchy
 70
    24
177
     2
291
     0
 71
     1
176
     1
 72
     2
176
     1
 73
     2
176
     1
 90
        0
176
     1
 40
0.6
176
     1
 41
30.0
176
     1
 63
     7
421
 16777215
176
     1
 74
     2
176
     1
 91
        2
176
     1
 64
     7
176
     1
 65
     7
176
     1
 75
     1
176
     1
175
     1
176
     1
 42
40.0
176
     1
 92
       11
176
     1
 66
     7
176
     1
 43
1.0
176
     1
 76
     1
176
     1
 77
     6
176
     1
 78
     2
176
     1
 67
     7
176
     1
 79
     6
176
     1
170
     0
176
     1
171
     0
176
     1
290
     0
176
     1
 93
        1
176
     1
 44
0.0
176
     1
173
     0
176
     1
1001
ACAD
1000
AcDbSavedByObjectVersion
1070
     0
  0
VISUALSTYLE
  5
FC
102
{ACAD_XDICTIONARY
360
701
102
}
102
{ACAD_REACTORS
330
EF
102
}
330
EF
100
AcDbVisualStyle
  2
Thicken
 70
    13
177
     2
291
     1
 71
     2
176
     1
 72
     2
176
     1
 73
     1
176
     1
 90
        0
176
     1
 40
0.6
176
     1
 41
30.0
176
     1
 63
     7
421
 16777215
176
     1
 74
     1
176
     1
 91
        4
176
     1
 64
     7
176
     1
 65
   257
176
     1
 75
     1
176
     1
175
     1
176
     1
 42
1.0
176
     1
 92
       12
176
     1
 66
     7
176
     1
 43
1.0
176
     1
 76
     1
176
     1
 77
     6
176
     1
 78
     2
176
     1
 67
     7
176
     1
 79
     5
176
     1
170
     0
176
     1
171
     0
176
     1
290
     0
176
     1
 93
        1
176
     1
 44
0.0
176
     1
173
     0
176
     1
1001
ACAD
1000
AcDbSavedByObjectVersion
1070
     0
  0
VISUALSTYLE
  5
F6
102
{ACAD_XDICTIONARY
360
6F5
102
}
102
{ACAD_REACTORS
330
EF
102
}
330
EF
100
AcDbVisualStyle
  2
Wireframe
 70
     5
177
     2
291
     0
 71
     0
176
     1
 72
     2
176
     1
 73
     0
176
     1
 90
        0
176
     1
 40
0.6
176
     1
 41
30.0
176
     1
 63
     7
421
 16777215
176
     1
 74
     1
176
     1
 91
        4
176
     1
 64
     7
176
     1
 65
   257
176
     1
 75
     1
176
     1
175
     1
176
     1
 42
1.0
176
     1
 92
        0
176
     1
 66
   257
176
     1
 43
1.0
176
     1
 76
     1
176
     1
 77
     6
176
     1
 78
     2
176
     1
 67
     7
176
     1
 79
     3
176
     1
170
     0
176
     1
171
     0
176
     1
290
     0
176
     1
 93
        1
176
     1
 44
0.0
176
     1
173
     0
176
     1
1001
ACAD
1000
AcDbSavedByObjectVersion
1070
     0
  0
VISUALSTYLE
  5
1F1
102
{ACAD_XDICTIONARY
360
713
102
}
102
{ACAD_REACTORS
330
EF
102
}
330
EF
100
AcDbVisualStyle
  2
X-Ray
 70
    25
177
     2
291
     0
 71
     2
176
     1
 72
     2
176
     1
 73
     1
176
     1
 90
        1
176
     1
 40
0.5
176
     1
 41
30.0
176
     1
 63
     7
421
 16777215
176
     1
 74
     1
176
     1
 91
        0
176
     1
 64
     7
176
     1
 65
   257
176
     1
 75
     1
176
     1
175
     1
176
     1
 42
1.0
176
     1
 92
        8
176
     1
 66
     7
176
     1
 43
1.0
176
     1
 76
     1
176
     1
 77
     6
176
     1
 78
     2
176
     1
 67
     7
176
     1
 79
     3
176
     1
170
     0
176
     1
171
     0
176
     1
290
     0
176
     1
 93
       13
176
     1
 44
0.0
176
     1
173
     0
176
     1
1001
ACAD
1000
AcDbSavedByObjectVersion
1070
     0
  0
DICTIONARYVAR
  5
146
102
{ACAD_REACTORS
330
5E
102
}
330
5E
100
DictionaryVariables
280
     0
  1
1:1
  0
DICTIONARYVAR
  5
259
102
{ACAD_REACTORS
330
5E
102
}
330
5E
100
DictionaryVariables
280
     0
  1
3.500000
  0
DICTIONARYVAR
  5
25A
102
{ACAD_REACTORS
330
5E
102
}
330
5E
100
DictionaryVariables
280
     0
  1
acadiso.lin
  0
DICTIONARYVAR
  5
145
102
{ACAD_REACTORS
330
5E
102
}
330
5E
100
DictionaryVariables
280
     0
  1
STANDARD
  0
DICTIONARYVAR
  5
84
102
{ACAD_REACTORS
330
5E
102
}
330
5E
100
DictionaryVariables
280
     0
  1
STANDARD
  0
DICTIONARYVAR
  5
227
102
{ACAD_REACTORS
330
5E
102
}
330
5E
100
DictionaryVariables
280
     0
  1
Metric50
  0
DICTIONARYVAR
  5
228
102
{ACAD_REACTORS
330
5E
102
}
330
5E
100
DictionaryVariables
280
     0
  1
Metric50
  0
DICTIONARYVAR
  5
5F
102
{ACAD_REACTORS
330
5E
102
}
330
5E
100
DictionaryVariables
280
     0
  1
2
  0
DICTIONARYVAR
  5
63
102
{ACAD_REACTORS
330
5E
102
}
330
5E
100
DictionaryVariables
280
     0
  1
1
  0
DICTIONARYVAR
  5
59B
102
{ACAD_REACTORS
330
5E
102
}
330
5E
100
DictionaryVariables
280
     0
  1
BYLAYER
  0
DICTIONARYVAR
  5
59F
102
{ACAD_REACTORS
330
5E
102
}
330
5E
100
DictionaryVariables
280
     0
  1
ByLayer
  0
DICTIONARYVAR
  5
1AE
102
{ACAD_REACTORS
330
5E
102
}
330
5E
100
DictionaryVariables
280
     0
  1
0
  0
DICTIONARYVAR
  5
1AF
102
{ACAD_REACTORS
330
5E
102
}
330
5E
100
DictionaryVariables
280
     0
  1
0
  0
DICTIONARY
  5
6E8
102
{ACAD_REACTORS
330
6E6
102
}
330
6E6
100
AcDbDictionary
281
     1
  0
DICTIONARY
  5
6E7
102
{ACAD_REACTORS
330
6E6
102
}
330
6E6
100
AcDbDictionary
281
     1
  3
2259762359440
350
6E1
  3
2259762359456
350
6E2
  3
2259762359472
350
6E3
  3
2259762359488
350
6E4
  3
2259762359504
350
6E5
  0
DICTIONARY
  5
71B
330
21C
100
AcDbDictionary
280
     1
281
     1
  3
ACAD_XREC_ROUNDTRIP
360
71C
  0
DICTIONARY
  5
205
330
22
100
AcDbDictionary
280
     1
281
     1
  0
DICTIONARY
  5
1F9
330
ED
100
AcDbDictionary
280
     1
281
     1
  3
FBXASSET
360
1FA
  0
DICTIONARY
  5
1F7
330
EC
100
AcDbDictionary
280
     1
281
     1
  3
FBXASSET
360
1F8
  0
DICTIONARY
  5
173
330
EE
100
AcDbDictionary
280
     1
281
     1
  3
BUMPTILE
360
175
  3
DIFFUSETILE
360
174
  3
FBXASSET
360
1FB
  3
OPACITYTILE
360
176
  3
REFLECTIONTILE
360
177
  0
DICTIONARY
  5
719
330
21A
100
AcDbDictionary
280
     1
281
     1
  3
ACAD_XREC_ROUNDTRIP
360
71A
  0
DICTIONARY
  5
162
330
7F
100
AcDbDictionary
280
     1
281
     1
  3
ACAD_ROUNDTRIP_2008_TABLESTYLE_CELLSTYLEMAP
360
6DF
  0
DICTIONARY
  5
6F3
330
F5
100
AcDbDictionary
280
     1
281
     1
  3
ACAD_XREC_ROUNDTRIP
360
6F4
  0
DICTIONARY
  5
6F1
330
F4
100
AcDbDictionary
280
     1
281
     1
  3
ACAD_XREC_ROUNDTRIP
360
6F2
  0
DICTIONARY
  5
6FF
330
FB
100
AcDbDictionary
280
     1
281
     1
  3
ACAD_XREC_ROUNDTRIP
360
700
  0
DICTIONARY
  5
707
330
FF
100
AcDbDictionary
280
     1
281
     1
  3
ACAD_XREC_ROUNDTRIP
360
708
  0
DICTIONARY
  5
6F9
330
F8
100
AcDbDictionary
280
     1
281
     1
  3
ACAD_XREC_ROUNDTRIP
360
6FA
  0
DICTIONARY
  5
6FD
330
FA
100
AcDbDictionary
280
     1
281
     1
  3
ACAD_XREC_ROUNDTRIP
360
6FE
  0
DICTIONARY
  5
70D
330
1E6
100
AcDbDictionary
280
     1
281
     1
  3
ACAD_XREC_ROUNDTRIP
360
70E
  0
DICTIONARY
  5
705
330
FE
100
AcDbDictionary
280
     1
281
     1
  3
ACAD_XREC_ROUNDTRIP
360
706
  0
DICTIONARY
  5
6E9
330
F0
100
AcDbDictionary
280
     1
281
     1
  3
ACAD_XREC_ROUNDTRIP
360
6EA
  0
DICTIONARY
  5
6EB
330
F1
100
AcDbDictionary
280
     1
281
     1
  3
ACAD_XREC_ROUNDTRIP
360
6EC
  0
DICTIONARY
  5
6ED
330
F2
100
AcDbDictionary
280
     1
281
     1
  3
ACAD_XREC_ROUNDTRIP
360
6EE
  0
DICTIONARY
  5
6EF
330
F3
100
AcDbDictionary
280
     1
281
     1
  3
ACAD_XREC_ROUNDTRIP
360
6F0
  0
DICTIONARY
  5
6F7
330
F7
100
AcDbDictionary
280
     1
281
     1
  3
ACAD_XREC_ROUNDTRIP
360
6F8
  0
DICTIONARY
  5
709
330
1E4
100
AcDbDictionary
280
     1
281
     1
  3
ACAD_XREC_ROUNDTRIP
360
70A
  0
DICTIONARY
  5
703
330
FD
100
AcDbDictionary
280
     1
281
     1
  3
ACAD_XREC_ROUNDTRIP
360
704
  0
DICTIONARY
  5
70B
330
1E5
100
AcDbDictionary
280
     1
281
     1
  3
ACAD_XREC_ROUNDTRIP
360
70C
  0
DICTIONARY
  5
6FB
330
F9
100
AcDbDictionary
280
     1
281
     1
  3
ACAD_XREC_ROUNDTRIP
360
6FC
  0
DICTIONARY
  5
717
330
1F3
100
AcDbDictionary
280
     1
281
     1
  3
ACAD_XREC_ROUNDTRIP
360
718
  0
DICTIONARY
  5
715
330
1F2
100
AcDbDictionary
280
     1
281
     1
  3
ACAD_XREC_ROUNDTRIP
360
716
  0
DICTIONARY
  5
70F
330
1EF
100
AcDbDictionary
280
     1
281
     1
  3
ACAD_XREC_ROUNDTRIP
360
710
  0
DICTIONARY
  5
711
330
1F0
100
AcDbDictionary
280
     1
281
     1
  3
ACAD_XREC_ROUNDTRIP
360
712
  0
DICTIONARY
  5
701
330
FC
100
AcDbDictionary
280
     1
281
     1
  3
ACAD_XREC_ROUNDTRIP
360
702
  0
DICTIONARY
  5
6F5
330
F6
100
AcDbDictionary
280
     1
281
     1
  3
ACAD_XREC_ROUNDTRIP
360
6F6
  0
DICTIONARY
  5
713
330
1F1
100
AcDbDictionary
280
     1
281
     1
  3
ACAD_XREC_ROUNDTRIP
360
714
  0
XRECORD
  5
6E1
102
{ACAD_REACTORS
330
6E7
102
}
330
6E7
100
AcDbXrecord
280
     1
  1
AcDb_Thumbnail_Schema
102
{ATTRRECORD
341
6E2
  2
AcDbDs::TreatedAsObjectData
280
     1
291
     1
102
ATTRRECORD}
102
{ATTRRECORD
341
6E3
  2
AcDbDs::Legacy
280
     1
291
     1
102
ATTRRECORD}
  2
AcDbDs::ID
280
    10
 91
        8
102
{ATTRRECORD
341
6E4
  2
AcDs:Indexable
280
     1
291
     1
102
ATTRRECORD}
102
{ATTRRECORD
341
6E5
  2
AcDbDs::HandleAttribute
280
     7
282
     1
102
ATTRRECORD}
  2
Thumbnail_Data
280
    15
 91
        0
  0
XRECORD
  5
6E2
102
{ACAD_REACTORS
330
6E7
102
}
330
6E7
100
AcDbXrecord
280
     1
  1
AcDbDs::TreatedAsObjectDataSchema
  2
AcDbDs::TreatedAsObjectData
280
     1
 91
        0
  0
XRECORD
  5
6E3
102
{ACAD_REACTORS
330
6E7
102
}
330
6E7
100
AcDbXrecord
280
     1
  1
AcDbDs::LegacySchema
  2
AcDbDs::Legacy
280
     1
 91
        0
  0
XRECORD
  5
6E4
102
{ACAD_REACTORS
330
6E7
102
}
330
6E7
100
AcDbXrecord
280
     1
  1
AcDbDs::IndexedPropertySchema
  2
AcDs:Indexable
280
     1
 91
        0
  0
XRECORD
  5
6E5
102
{ACAD_REACTORS
330
6E7
102
}
330
6E7
100
AcDbXrecord
280
     1
  1
AcDbDs::HandleAttributeSchema
  2
AcDbDs::HandleAttribute
280
     7
 91
        1
284
     1
  0
XRECORD
  5
71C
102
{ACAD_REACTORS
330
71B
102
}
330
71B
100
AcDbXrecord
280
     1
102
DISPLAYNAME
  1
Metric50
102
FLAGS
 90
        0
  0
XRECORD
  5
1FA
102
{ACAD_REACTORS
330
1F9
102
}
330
1F9
100
AcDbXrecord
280
     1
 70
     1
 90
429727718
  1
D62C5603-E3A1-4AEA-B7FB-FE5D8D0755AF
310
504B03040A0000080000CC70623B3DEE336E79000000790000001B0000006175746F6465736B2D64657369676E2D7061636B6167652E786D6C3C3F786D6C2076657273696F6E3D22312E302220656E636F64696E673D227574662D3822203F3E3C666F726D6174733E3C666F726D61743E687474703A2F2F736368656D612E
310
6175746F6465736B2E636F6D2F64657369676E2D7061636B6167652F323030393C2F666F726D61743E3C2F666F726D6174733E504B0304140006080800CC70623BD486FD9CA0000000F4000000130000005B436F6E74656E745F54797065735D2E786D6C7D8EC10E82300C865F65E91D8A1E8C310C0EEA1BF002731658846E
310
D98AC1B77784ABF1D8FE5FBFBF75BBCE937A534CCEB38643598122B6FEE978D0B0485F9C41B54DDD7D022595594E1A469170414C76A4D9A4D207E29CF43ECE46F218070CC6BECC4078ACAA135ACF422C856C0E68EA1BF5669944DDD7BCDE7B1F8E415D77AECB980613C2E4AC91FC167A2B244592486606FC29C8FD7F045B9A
310
EF7053A7E60B504B0304140006080800CC70623B853B8169EB0000007C01000008000000636F72652E786D6C8D90416EC3201045AF62CDB6C206821CC7C244919D9CA01740401C94182C03558F5F9C3852BBEB6A467FFE9B197D7EFC9E1EC5975982F5AE035262288C535E5B377690E21535501C055FBC8FBF6C503839990E
310
5619041F179FE64D52DE45E362569DD7661365082642A11EB9E920A89B99642953CC8E702F67A9EE7234257977194EC9EAE275C4EABCCF5EAD5940D4AC6F0E35A568B8F43562CD7046CD199FD07E60174276A7BE677B5EADB0E0D14EEFFB6A31321A0D82627C4084204C3F096B71DD52F6819B16635EADF63F509AF53FA164
310
5DDCD1EDDD17164090FCC8732078B56691CB33A85CD7DCC40F504B0304140006080800CC70623B55019EA25F0000007C00000007000000636E782E786D6C4DCB3B0E80201045D1AD90E915ED2CF8AC45050C11660C8261F98AB1B07AC9C97D42D718D865D3E909258CFD00CCE24AC6E326A164D74DC0B4128928FF32603847
310
2BA13128B1252AC747C6BAB984FC68F0B87FE8960A5C09FE86CFB69FBA01504B0304140006080800CC70623BDBABAAF470010000D40300000C0000006662782F636F72652E786D6CC553D16E823014FD95A6AF4B694182CC941A83FA05FB810A9511A125A5257EFE2E82712ECEB8A7F100CD39F7F69E734AF9FADC366850B6
310
AF8DCE7018308C942E4C59EB2AC3DE1D498AD15A706B8CFB56869196ADCAF00863C12B6B7C374385D14E6907A836A59A41D9F7CA615434B0C8705F7CAA5606D23BA8E84F41278B93AC54100640439DE0BDB320004D43C63716C7C399D30917DCFBBA9CD9BA8469F5B156168B24CED3F7248AC8769F27244EB73B92EED8862C
310
B7F13E0C179B3C8F979C8ECD82BBBABDAA2BAC924E9558448CBD9330242CFA08E3154B5651FCC6D215639C8EE5774DBE2B5F6CF2B5768B68963BB5F5588420E442FC700B1139D4CB01F450C1E918227C2E09DF070D8140C84E1E9AAB8F1340832A9CB13130A5F1376A908D57309505ECF2A0DF179C4E9D30F5B239B87E3823
310
7A79C6F31DE1A8A5AEC08474B03C7837EAE4938639B44E5932B833D2C6B6B279CDC613877FA26EE21F4A2A4C63EC7F29A2F301D1F9F7A0E37D145F504B0304140006080800CC70623B9C113CC27E0000009D0000000B0000006662782F636E782E786D6C4DCCDF0A83201C86E15B91DFB94BFB330DD428C8FB886521330DA7
310
6397BF1A1DECE883878F57749FCDA1B7892F1BBC047A23808C7F84D9FA55424E0BE6803A256208E9EF06C84F9B91703228B1C690F78B66B34CD9A5439DF5CF0BFBF65E35BCA1B8D6A5C6F540381E886698B5741C695F9503EBA150A2F8958E3DC3EA0B504B0304140006080800CC70623B7DF2F77C2A010000120200003100
310
00006662782F41393633353835312D344632462D344230382D423046372D3739314545314133324237412F636F72652E786D6C8D51DB8EC22014FC15C2939B0D2DB4B45643319AE817EC0F6041255A68B86CFCFC856D4D76DF7CE190393373060EDB3DC707F856CE6B6B7A480A0C81328395DA5C7B18C3057510EC3873D686
310
3F34088C18550F330C39BB3A1BA7051AAC09CA84841A2BD5020AEF55806078A44B0FFD7053A328440C89E1EFC52486BBB8AA8214A99D789CF9E05200300FC927E4FB4D5B375D43103D5527440FB843077C5AA3F5861C8F645F5787F59E95B390B318B55CE45AA638FAA2957BD7248B390B7A7CC51F9C124149C82B8C378810
310
84AB2F42B7B8DD56F413775B8C5999E9FF4471926F8AA236A1AE96B8B3CC434E5839373893369E1FAF30EA395917409EB7F26AF8801C171837A4A6AC9C89E9F9C9B1A58BA30FD6A5EF5DDDCF894B9AD9B6A59C957943A9FCAE2FD5BC4DFE03504B0304140006080800CC70623BAD7543B64E01000033030000300000006662
310
782F41393633353835312D344632462D344230382D423046372D3739314545314133324237412F636E782E786D6CD593CD6EC32010845F0571AD6CE3D48AD20813A9873E410FBD12D82434182C7EAAE6EDBB2424CD25871E7B41D6EC30B3FA84F9E67BB2E40B4234DE8DB46F1925E094D7C6ED479AD3AE5951B2113C789FEE
310
6C943839C1488B4C05DF079FE72A69D8C96C13AAD6B8631503449F83828872B949AC57D26200B826A308D316B4064D6E46FCDA41C05550DC9E483A00797BFD207EFB092A45DE9514C1BBD22178396BD39D891265658C238DEA00936C654E5E433CB65A26D9F6EDB5EBC14EBF49A45CB856E66048291F6939A9A81BB5C89177
310
38143CA680F4AA299D66A042CEB3354A2684DC9D8D178FE0D9B8B41CAAD720F880EE7EF93C0C18769E099ECC04D5A102C8049A8A05632F4DDF376CF1DE0F6BB65C2F8627B65A33C6BB62177CEBBDAD973006829F89F22E814B54F4BC2BE347F8AA8F681390B50FA73F804400B5F542E796F19FF974E7F78DB802FE05E20750
310
4B0304140006080800CC70623BE75B7789680500003C100000340000006662782F41393633353835312D344632462D344230382D423046372D3739314545314133324237412F6F626A656374732E786D6CAD575B8F9B3818FD2B887D06C22499CB8AA1CA655245D5B455A356FB305264C061D8018C6C3393D95FBFC7600890
310
A4CD5EF210B0B1BFEBF98E3F7B1FF6596ABC522E1296DF9BAE3D320D9A872C4AF2F8DE2CE5CEBA358D0FBEC719939D65A691938CDE9B6ADAF4BD98B3B2D05311DD91329583D9D5FC0F438434A7A611A644887B5384CF34233629258BA878B12322891DEFF6B66BD70BFB62634E8AE781D082709A4B588AF91C528CDA28B73F
310
1C998EEF39EABBEFA97FBD6A7C7E9553F9D3D79FE442923C3C523610337627CB87ABE99D359D4CC6D6E4FACAB5E6ABF9D2726FC6A3C5F56271377BB88362213924694B38DD99FE47C48627A1E7D49F5A8BB5E1A74C0A599ED3B0F21F1E56366B89112D681E218F0915D0D6F17AD41FBA2A369DCF6335D62ABBD39779D5DDD1
310
11D4D8DE3CBB96B2E04FB8202E41051754A1AA8E8F76B4C6DFE810B580B1547F4B84911149794252234D024EF8BBE963A95AE27B3D310A9D5C215C7960FAEE415ED75694C6AFB17BCACA5D99A60A9AA65F217B0BFC53292ACB92BF283FAD0D3621576592CB5BED907C2FA8E9DF794E35E97BEA31BED21FEB401ABB94C44839
310
DCACBF0E1C5DA8DA5B2F4DFFD32AD86F543D9E565E7056502E157C00AD2671CD534549AB752FCA9CDA00677A313F04E51B22FF19E57B300579E3C97EB29F682D92935CEC18CF901B7B54FD8C51F362B56FC72FE0B3C1EAE335EDCCBF5AEC39ADB17DC238973F804BA5E6F6BFE7AF1FB32E523BE9F3BD571418E3631DCA4D48
310
5250CF639223210A9446CA30052EDF057BD35F8329C1ECD84552BF0DC8D18BE7BCE23BFE6BD960AB4A7DE79923A103BEBD80F911CBAA2C60DB19B01CF164A5583B772EE6D3FFA56666CBCDA74DC97724A48F9A58967497E489C4D979006FD7A05E227A1EBDD0F737C623387A9C844D3709995625106D157315F8B8392CD4E0
310
A0B9A720C4BE9829CEF37EA1E13111214D53925356365ADA634861B52519DD27A00AEB808EAF0628E6F435519D446F45CF2C9CF5214F0A15B2F6D06B79DA3EE3CBF7F56780D2F4E7EF73A0F5E5B02A38D07DC852C6B7C1FBB6664213E0C39E3EBA7FF4E1AD23EA2829407C85E586727488B751B2DB9502BC7B228A3FD68B6E
310
A65A22397E690AA8D158D7E404EC8CDA235CC3B7D1898680131CEC2CDF2638C65196279577750F15884AEE19F94199155B92B13297978469D4F8D358DF0AEF7631E28DC8F0D9F437D5D39A83B2231A1D52D543813A824EF8D44BCFF2FA6A31BD1E8DAD87F1CCB526B3879935BF59CDADD5C37479BB1CDD4CA7B3556B516589
310
EF352754B706114D9C885EC9131DE6EFEB43D99AFE2391C2F958179413D7CFEF6B1B6DB1E7600F00DE6E5C67454A339A4BA2E0FBA85ED26F045D454F463DBFCE484C2F90F2E5E3666003662ED8F755951A7D1BECD5B30B550B2785C8E7320B7292A4838DDA71BBC863ED7613CAF659337A3354231D4FF4A182A54904C2898C
310
98B28C4AD0CE056CCF332A80986E571EE9DBC305BB5FEB7E509220A58D25CF042D712A806AC0AD0C657FDEF80D2D9CEAA2EE4D1C76F60BFE74219A06527D6F82DF6412526107381E55E353090704D085B52408A8913C4ED159D79BDA71BB4BC506F4831350EB6F975CD22D69BF7AC49B91A2C0A9DDA3D5CA36AD20FC478E37
310
E61844E2352865EBCB61A275A65283CAAA9DD27703B4102F5AF51EF5F573B75CBB5AD38BC845F7A49F82A0966A49C2E3EA5EA0ECD326CD965F1DB402C6FA8B51A4658C5C5E2EC9E214602E55810345408596591009A82E7E7FFACA19EEA299B14A0081A705CB3296EBC14CDF658DCD336EA6D1136881AAEB87B81AB9EE53D5
310
F5EB8BC8362082DA24122F98680A4E7930C01A0079749CEA14382A0783E5EBA5A10F8C098456A03D6A4AEB6BB881E2513747552A5DB22C7EDAF83BD5528081A365F7FF06504B0304140006080000CC70623B000000000000000000000000350000006662782F41393633353835312D344632462D344230382D423046372D37
310
39314545314133324237412F76657274696365732E62696E504B0304140006080800CC70623BF270F1330600000004000000360000006662782F41393633353835312D344632462D344230382D423046372D3739314545314133324237412F747269616E676C65732E62696E636660600000504B0304140006080000CC7062
310
3B000000000000000000000000370000006662782F41393633353835312D344632462D344230382D423046372D3739314545314133324237412F617474726962757465732E62696E504B0304140006080800CC70623B08DA0BD19000000041010000360000006662782F41393633353835312D344632462D344230382D4230
310
46372D3739314545314133324237412F6469726563746F72792E786D6C858F410AC3201045AF22B36F53E9A60B35CBEEBAE80D244E44489C6234F4F835464A48035D0DF398FF9F8AF63D0E6CC63039F212F8F9020C7D47C6792B21C5FE7403D62A1188E2E60C98D7234A5830286103A55745067B9D86B8A3CF9C7F90C11DE6
310
07FB144396D7B6A82D282E9A152AD114D5EF2CB866EEE831B8EEA07A7BB5A8D7D61A2BAAEB7FD5F70921FF497D00504B0304140006080800CC70623BEDD1DC58FD000000A00100003B0000006662782F41393633353835312D344632462D344230382D423046372D3739314545314133324237412F7265736F75726365732F
310
636F72652E786D6C8D504B6E833010BD0A9A6D65B00922041947112427E8052C33A156828DFCA97AFC9A40A576D7CDCCE87D344F8F9FBFE667F689CE6B6B3A6039850C8DB2A336530731DC4903D95970676DF82583CCC8193B5861107C72362E3BA4AC096842428D1D7107A5F7182053CF7474E0D507CE32973124857FE48B
310
540F3961CEF244279DE03EB81420DB9EAC1384436FA353E879B1B182C7A8C75DA3C7F453DF353A1075D537A7BA6464B8F535A99AE14A9A2BBD90E350DD183B5CFABE3AF262350B1EF4FC9351399401471025A527C218A1E53BAB5A5AB765F5469B96525EACF23FA6B88CFF34456DC2A1DCE36E360F82A5202F42F062ED2BAD
310
579969AFDD8A6F504B010214000A0000080000CC70623B3DEE336E79000000790000001B00000000000000000000000000000000006175746F6465736B2D64657369676E2D7061636B6167652E786D6C504B01021400140006080800CC70623BD486FD9CA0000000F40000001300000000000000000000000000B20000005B
310
436F6E74656E745F54797065735D2E786D6C504B01021400140006080800CC70623B853B8169EB0000007C010000080000000000000000000000000083010000636F72652E786D6C504B01021400140006080800CC70623B55019EA25F0000007C000000070000000000000000000000000094020000636E782E786D6C504B
310
01021400140006080800CC70623BDBABAAF470010000D40300000C00000000000000000000000000180300006662782F636F72652E786D6C504B01021400140006080800CC70623B9C113CC27E0000009D0000000B00000000000000000000000000B20400006662782F636E782E786D6C504B01021400140006080800CC70
310
623B7DF2F77C2A010000120200003100000000000000000000000000590500006662782F41393633353835312D344632462D344230382D423046372D3739314545314133324237412F636F72652E786D6C504B01021400140006080800CC70623BAD7543B64E010000330300003000000000000000000000000000D2060000
310
6662782F41393633353835312D344632462D344230382D423046372D3739314545314133324237412F636E782E786D6C504B01021400140006080800CC70623BE75B7789680500003C10000034000000000000000000000000006E0800006662782F41393633353835312D344632462D344230382D423046372D3739314545
310
314133324237412F6F626A656374732E786D6C504B01021400140006080000CC70623B0000000000000000000000003500000000000000000000000000280E00006662782F41393633353835312D344632462D344230382D423046372D3739314545314133324237412F76657274696365732E62696E504B01021400140006
310
080800CC70623BF270F133060000000400000036000000000000000000000000007B0E00006662782F41393633353835312D344632462D344230382D423046372D3739314545314133324237412F747269616E676C65732E62696E504B01021400140006080000CC70623B0000000000000000000000003700000000000000
310
000000000000D50E00006662782F41393633353835312D344632462D344230382D423046372D3739314545314133324237412F617474726962757465732E62696E504B01021400140006080800CC70623B08DA0BD1900000004101000036000000000000000000000000002A0F00006662782F41393633353835312D344632
310
462D344230382D423046372D3739314545314133324237412F6469726563746F72792E786D6C504B01021400140006080800CC70623BEDD1DC58FD000000A00100003B000000000000000000000000000E1000006662782F41393633353835312D344632462D344230382D423046372D3739314545314133324237412F7265
310
736F75726365732F636F72652E786D6C504B0506000000000E000E0080040000641100000000
  0
XRECORD
  5
1F8
102
{ACAD_REACTORS
330
1F7
102
}
330
1F7
100
AcDbXrecord
280
     1
 70
     1
 90
429727718
  1
30362254-06B7-45E0-A893-8CFA70E3D6BC
310
504B03040A0000080000CC70623B3DEE336E79000000790000001B0000006175746F6465736B2D64657369676E2D7061636B6167652E786D6C3C3F786D6C2076657273696F6E3D22312E302220656E636F64696E673D227574662D3822203F3E3C666F726D6174733E3C666F726D61743E687474703A2F2F736368656D612E
310
6175746F6465736B2E636F6D2F64657369676E2D7061636B6167652F323030393C2F666F726D61743E3C2F666F726D6174733E504B0304140006080800CC70623BD486FD9CA0000000F4000000130000005B436F6E74656E745F54797065735D2E786D6C7D8EC10E82300C865F65E91D8A1E8C310C0EEA1BF002731658846E
310
D98AC1B77784ABF1D8FE5FBFBF75BBCE937A534CCEB38643598122B6FEE978D0B0485F9C41B54DDD7D022595594E1A469170414C76A4D9A4D207E29CF43ECE46F218070CC6BECC4078ACAA135ACF422C856C0E68EA1BF5669944DDD7BCDE7B1F8E415D77AECB980613C2E4AC91FC167A2B244592486606FC29C8FD7F045B9A
310
EF7053A7E60B504B0304140006080800CC70623B1EC5D7A3EB0000007C01000008000000636F72652E786D6C8D90416EC3201045AF82665B6103C6756C6122AB4D4ED00B204C5C94182C03558F5F9C3852BBEB6A467FFE9B197D71FC9E6FE8CBACC17AD7032D0820E3B41FAD9B7A48F1820F808E52ACDEC75F36404ECDA687
310
4D0629A6D5A76597B477D1B89855E747B38B2A041301E95B6E7A08FAD3CCAA50296647B8168BD2573599823EBB0CA76447F43862C7BCCF5EAC59410E4DDD9C7973C2755553CCCFA4C603E3040F1565ED3B1FDE4E432BCA0D9622DAF9795FAF464533826484B498524CD807E51D79ED187F21878E10516EF63F505AC67F42C9
310
BA58B1FDDD071640D2FCC87D2045B96591CB3DA85CB7DCE40F504B0304140006080800CC70623B55019EA25F0000007C00000007000000636E782E786D6C4DCB3B0E80201045D1AD90E915ED2CF8AC45050C11660C8261F98AB1B07AC9C97D42D718D865D3E909258CFD00CCE24AC6E326A164D74DC0B4128928FF32603847
310
2BA13128B1252AC747C6BAB984FC68F0B87FE8960A5C09FE86CFB69FBA01504B0304140006080800CC70623B8C9102E971010000D40300000C0000006662782F636F72652E786D6CC5535B6E833010BC8AE5DF0A6C08340F1947A84D4ED00B38C6A128602363A31CBFCB234A53A551FA553EC09AD9F5CE8C31DB9E9B1AF5CA
310
7695D1198E428A91D2D214952E33ECDD315861B4E5CC1AE3BE9561A445A3323CC098B3D21ADFCE9034DA29ED00D5A6503328BA4E398C640D8B0C77F253352214DE4145770A5B214FA2546114020D759C75CE8200340D19DE981F0F6746269C33EFAB6266AB02A655C74A59CCF365BADC27CB5D902ED22848F6340DF238A141
310
BE88E2F57B92BFEDF23523433367AE6A2EEAA455C2A902F398D2751045018D3FA264435F3771F242571B4A1919CA6F9A7C5B3CD9E42BED16F12C776AEB308F40C848FC700B1139D4891EF410CEC810227CC6846F8386402064270EF5C5C709A05E49676C024C61FC95EA45ED154CA5211D1FF4FB8291A913A68E9B83EBBB33
310
E2A7673CDE118E5AE8124C0807CB8377834E366998436B950D7A7746DAD846D4CFD978E0F04FD455FC5D49D2D4C6FE9722321F10997F0F32DC47FE05504B0304140006080800CC70623BFFEA85907E0000009D0000000B0000006662782F636E782E786D6C4DCCD10A83201886E15B91FFDC95D95A811AB6F23E625948A6C3
310
E9D8E5AF46073BFAE0E1E365ED67B3E8ADC3CB78C7815C7240DA3DFC64DCC221C519D7805AC182F7F1EF06C88D9BE6703008B6049F9E274D7A1E938DBB5AE3D6131B2589BA0D3D965551E0B2EA732C9B9A624AAEB41E3A557677029960D9AFB4EF11165F504B0304140006080800CC70623B4FEEA4082C0100001202000031
310
0000006662782F39464131463745442D413632322D343644302D413938332D3331353338454246344243312F636F72652E786D6C8D515B6EC32010BC0AE2AB55850DD871ED0813254D72825EC00192A2C460F1A872FC42ED48ED5F7E00CDCECCCEB26C731F6FE05B39AFADE921293004CA082BB5B9F43086336A21D870E6AC
310
0D7F68109861543DCC30E4ECE26C9C164858139409093556AA051CBC570102714B8F1E7AF1A5C6A11862480C7F2DA6415C878B2A4891CA89C7990F2E050073937C42DE1DB7E4F87ED8A36D4329AA9B3D46DBAEAD504556557BD81DEBDD0761E52CE42C462D17B996298E3E6BE59E35C962CE821E1FF18553435012728A7187
310
0841987E927A8D9B35ADDF70BBC6989599FE4F1427F9A4286A132ABAC49D651EF234CD5CE04CDA78BA3DC2A8FB645D00B9DF8B57E215725C60BCA2A463E54C4CE327C7A65E1C7DB02E7DEFCBF594B864C5CA6CDBD49C957943E9FA5D5FBAF336F90F504B0304140006080800CC70623BAD7543B64E01000033030000300000
310
006662782F39464131463745442D413632322D343644302D413938332D3331353338454246344243312F636E782E786D6CD593CD6EC32010845F0571AD6CE3D48AD20813A9873E410FBD12D82434182C7EAAE6EDBB2424CD25871E7B41D6EC30B3FA84F9E67BB2E40B4234DE8DB46F1925E094D7C6ED479AD3AE5951B2113C
310
789FEE6C943839C1488B4C05DF079FE72A69D8C96C13AAD6B8631503449F83828872B949AC57D26200B826A308D316B4064D6E46FCDA41C05550DC9E483A00797BFD207EFB092A45DE9514C1BBD22178396BD39D891265658C238DEA00936C654E5E433CB65A26D9F6EDB5EBC14EBF49A45CB856E66048291F6939A9A81BB5
310
C8917738143CA680F4AA299D66A042CEB3354A2684DC9D8D178FE0D9B8B41CAAD720F880EE7EF93C0C18769E099ECC04D5A102C8049A8A05632F4DDF376CF1DE0F6BB65C2F8627B65A33C6BB62177CEBBDAD973006829F89F22E814B54F4BC2BE347F8AA8F681390B50FA73F804400B5F542E796F19FF974E7F78DB802FE05
310
E207504B0304140006080800CC70623B16AB87BA640500003C100000340000006662782F39464131463745442D413632322D343644302D413938332D3331353338454246344243312F6F626A656374732E786D6CAD575B6FA33818FD2B887DE6924B3BED8A326A92B68A663B534DD4D13E548A0C38942D60649B369D5FBFC7
310
600890A493BDE42160637FD7F31D7FF63E6FB3D478A55C242CBF3247B66B1A340F5994E4F19559CA8D75611A9F7D8F33263BCB4C232719BD32D5B4E97B316765A1A722BA21652A07B3B7B33F0D11D29C9A46981221AE4C113ED38CD8A4942CA2E2C58E882476BCD9DA23BB5ED8171B73523C0F841684D35CC252CCE79062D4
310
468DFA43D7747CCF51DF7D4FFDEB5593E3AB9CCA9FBEFE241792E4E19EB28198C968BAB8199F5D5A67D3E9C49A9E8F47D6EC76B6B0469F26EEFC7C3EBFBCBEB98462213924694B38DD98FE1D62C393D073EA4FADC5DAF04326852CCF6958F90F0F2B9BB5C48816348F90C7840A68EB78EDF68723159BCEE7891A6B95DDE9D3
310
BCEAEEE8086A6C6F9E5D4B59F0175C10A7A0820BAA5055C7473B5AE3CFDD452D602CD5DF12616444529E90D448938013FE6EFA58AA96F85E4F8C42275708571E98FE6827AF6B2B4AE3D7D83D64E5A64C53054DD3AF90BD06FEA9149565C94FCA0F6B834DC85599E4F2423B24DF0B6AFA979E534DFA9E7A4CC6FA631D486393
310
921829879BF5D781A373557BCB85E97FB90DB62B558F8795179C15944B051F40AB495CF35451D26A4727654E6D8033BD98EF82F21D91FF8AF2DD9982BCF1643BDD4EB516C9492E368C67C88DED563FC36D5EACF66DFF057C3658BDBFA69DF9578B3DA735B64F18C7F20770A9D45CFCF7FCF563D6456A277DBEF78A02637CA2
310
43B90A490AEAB94F72244481D24819A6C0E59B606BFA4B3025981DBB48EAB701D97BF19C577CC77F2D1B6C55A9EF3C732474C0B727303F625995056C3B02963D9EAC146BE78EC5FCEC7FA999EBC5EACBAAE41B12D27B4D2C0BBA49F244E2ECDC81B76B502F113D8F5EE8FB1BE3111CDD4FC2AA9B844CAB1288B68AB90A7CDC
310
1C166AB0D3DC5310625FCC14E779BFD0709F8890A629C9292B1B2DED31A4B0DA928CEE135085754027E3018A397D4D5427D15BD1330B677DC8934285AC3DF45A9EB68FF8F2B8FC0A509AFEECFD0FF2DE25CC6047F7214B195F07EFEB9A094D800F7BFAE8FED187B78EA8A3A400F115961BCAD1215E47C966530AF0EE8128FE
310
58CEBB996A8964FFA529A046635D9353B0336A8F700DDF46271A024E70B0B37C9DE01847591E54DED53D54202AB947E4076556AC49C6CA5C9E1226B7F1A7B1BE15DEED62C41B91E1B3E9AFAAA735036547343A925075041DF0A9979E893B391F8FCFA6967B3EFB644DCF6E5CEBFAE272625DCC6FAF3FB93793C5F90CE1EF57
310
407342756B10D1C489E8953CD1617E5CEECAD6F4EF8914CE5D5D504E5C3F1F9736DA62CFC11E00BCDDB8CC8A9466349744C1F75EBDA4DF09BA8A9E8C7A7E9991989E20E5DBDD6A6003664ED8F7A04A8DBE0DF6EAD9B9AA858342E47399053949D2C146EDB85DE4B176BB0965FBAC19BD19AA918E27FA50C1D22402E144464C
310
59462568E704B6E71915404CB72B8FF4EDE184DDAF753F284990D2C6926782963815403548A70C657FDEF80D2D9CEAA2AE4C1C76F60BFE74219A06527D6582DF6412526107381E55E353090704D085B52408D0933C4ED159D79BDA71BB4BC506F4831350EB6F979CD22D69BF7AC49B91A2C0A9DDA3D5CA36AD20FC478E37E6
310
1844E2352865EBCB6EA275A652E3836BE04EFB400BF1A2556F515F1FBB35B2AB35BD889C744FFA1004B5544B121E57F70215746DD2F5E2C1412B602CBF19455AC6C8E5E9922C4E01E65215385004546899059180EAFCF7A707CE7017CD8CDB0410789AB32C63B91E5CEBBBACB17AC6CD347A022D5075FD106377347AAABA7E
310
7D11590744509B44E205134DC1290F06580320F78E537D3D73540E06CB970B431F185308AD40BBD794D6D77003C5A36E8EAA54BA64597CD8F83BD552A080A365F7FF06504B0304140006080000CC70623B000000000000000000000000350000006662782F39464131463745442D413632322D343644302D413938332D3331
310
353338454246344243312F76657274696365732E62696E504B0304140006080800CC70623BF270F1330600000004000000360000006662782F39464131463745442D413632322D343644302D413938332D3331353338454246344243312F747269616E676C65732E62696E636660600000504B0304140006080000CC70623B
310
000000000000000000000000370000006662782F39464131463745442D413632322D343644302D413938332D3331353338454246344243312F617474726962757465732E62696E504B0304140006080800CC70623B08DA0BD19000000041010000360000006662782F39464131463745442D413632322D343644302D413938
310
332D3331353338454246344243312F6469726563746F72792E786D6C858F410AC3201045AF22B36F53E9A60B35CBEEBAE80D244E44489C6234F4F835464A48035D0DF398FF9F8AF63D0E6CC63039F212F8F9020C7D47C6792B21C5FE7403D62A1188E2E60C98D7234A5830286103A55745067B9D86B8A3CF9C7F90C11DE607
310
FB144396D7B6A82D282E9A152AD114D5EF2CB866EEE831B8EEA07A7BB5A8D7D61A2BAAEB7FD5F70921FF497D00504B0304140006080800CC70623B0D6EF93BFE000000A00100003B0000006662782F39464131463745442D413632322D343644302D413938332D3331353338454246344243312F7265736F75726365732F63
310
6F72652E786D6C8D50596E833010BD0A9ADFCA60B334011947A8694ED00B586642AC041B79A97AFC9A40A5F6AF3F33A3B7689E1E3F7DCD8FEC139DD7D6F4C0720A191A65476DA61E62B892236427C19DB5E1970C322367EC618541F0C9D9B8EC90B226A009093576C41D94DE63804C3DD2D18357379C652E63480A7FCF17A9
310
EE72C29CE5894E3AC17D702940B63D59270887DE46A7D0F36263058F518FBB468FE9A7BE6A7420864373B8D4873369AA8691FA421B3294352543C5CAF65C0F6FEF43CB8BD52C78D0F34F46E550061C419494B6843142CB0F5677F4B52BEB177AEC28E5C52AFF638ACBF84F53D42654E51E77B379102C05791282176B5F693D
310
CB4C7BED567C03504B010214000A0000080000CC70623B3DEE336E79000000790000001B00000000000000000000000000000000006175746F6465736B2D64657369676E2D7061636B6167652E786D6C504B01021400140006080800CC70623BD486FD9CA0000000F40000001300000000000000000000000000B20000005B
310
436F6E74656E745F54797065735D2E786D6C504B01021400140006080800CC70623B1EC5D7A3EB0000007C010000080000000000000000000000000083010000636F72652E786D6C504B01021400140006080800CC70623B55019EA25F0000007C000000070000000000000000000000000094020000636E782E786D6C504B
310
01021400140006080800CC70623B8C9102E971010000D40300000C00000000000000000000000000180300006662782F636F72652E786D6C504B01021400140006080800CC70623BFFEA85907E0000009D0000000B00000000000000000000000000B30400006662782F636E782E786D6C504B01021400140006080800CC70
310
623B4FEEA4082C0100001202000031000000000000000000000000005A0500006662782F39464131463745442D413632322D343644302D413938332D3331353338454246344243312F636F72652E786D6C504B01021400140006080800CC70623BAD7543B64E010000330300003000000000000000000000000000D5060000
310
6662782F39464131463745442D413632322D343644302D413938332D3331353338454246344243312F636E782E786D6C504B01021400140006080800CC70623B16AB87BA640500003C1000003400000000000000000000000000710800006662782F39464131463745442D413632322D343644302D413938332D3331353338
310
454246344243312F6F626A656374732E786D6C504B01021400140006080000CC70623B0000000000000000000000003500000000000000000000000000270E00006662782F39464131463745442D413632322D343644302D413938332D3331353338454246344243312F76657274696365732E62696E504B01021400140006
310
080800CC70623BF270F133060000000400000036000000000000000000000000007A0E00006662782F39464131463745442D413632322D343644302D413938332D3331353338454246344243312F747269616E676C65732E62696E504B01021400140006080000CC70623B0000000000000000000000003700000000000000
310
000000000000D40E00006662782F39464131463745442D413632322D343644302D413938332D3331353338454246344243312F617474726962757465732E62696E504B01021400140006080800CC70623B08DA0BD190000000410100003600000000000000000000000000290F00006662782F39464131463745442D413632
310
322D343644302D413938332D3331353338454246344243312F6469726563746F72792E786D6C504B01021400140006080800CC70623B0D6EF93BFE000000A00100003B000000000000000000000000000D1000006662782F39464131463745442D413632322D343644302D413938332D3331353338454246344243312F7265
310
736F75726365732F636F72652E786D6C504B0506000000000E000E0080040000641100000000
  0
XRECORD
  5
175
102
{ACAD_REACTORS
330
173
102
}
330
173
100
AcDbXrecord
280
     1
270
     1
271
     1
  0
XRECORD
  5
174
102
{ACAD_REACTORS
330
173
102
}
330
173
100
AcDbXrecord
280
     1
270
     1
271
     1
  0
XRECORD
  5
1FB
102
{ACAD_REACTORS
330
173
102
}
330
173
100
AcDbXrecord
280
     1
 70
     0
 90
1673772943
  1
ECE7A1D2-D628-4531-984C-D00F80459256
310
504B03040A0000080000CC70623B3DEE336E79000000790000001B0000006175746F6465736B2D64657369676E2D7061636B6167652E786D6C3C3F786D6C2076657273696F6E3D22312E302220656E636F64696E673D227574662D3822203F3E3C666F726D6174733E3C666F726D61743E687474703A2F2F736368656D612E
310
6175746F6465736B2E636F6D2F64657369676E2D7061636B6167652F323030393C2F666F726D61743E3C2F666F726D6174733E504B0304140006080800CC70623BD486FD9CA0000000F4000000130000005B436F6E74656E745F54797065735D2E786D6C7D8EC10E82300C865F65E91D8A1E8C310C0EEA1BF002731658846E
310
D98AC1B77784ABF1D8FE5FBFBF75BBCE937A534CCEB38643598122B6FEE978D0B0485F9C41B54DDD7D022595594E1A469170414C76A4D9A4D207E29CF43ECE46F218070CC6BECC4078ACAA135ACF422C856C0E68EA1BF5669944DDD7BCDE7B1F8E415D77AECB980613C2E4AC91FC167A2B244592486606FC29C8FD7F045B9A
310
EF7053A7E60B504B0304140006080800CC70623BD9DDAED0EC0000007C01000008000000636F72652E786D6C8D90416EC3201045AF82665B61836D9CD8C2444DD39CA01740405C94182C03558F5F9C3852BBEB6A467FFE9B197D7EF89E6EE8CB2CC17A37002D0820E394D7D68D03A478C17B4007C117EFE32F1B20272733C0
310
2A83E0E3E2D3BC49CABB685CCCAAF3DA6CA20CC14440EA969B0182FA34932C648AD911AEC52CD5558EA6A0CF2EC329598D1E47ACCEFBECC59A050463A7EA5833865FEBDD0E37353BE3EE8DBDE3F6786A48D375FBF6CC78B9C282473B3DEFABC5C86834888A900E538A49F5419B9EB47DD5BC907D4F082F57FB1F28CDFA9F50
310
B22ED6D5F6EE030B20687EE43E10BC5CB3C8E51E54AE6B6EE207504B0304140006080800CC70623B55019EA25F0000007C00000007000000636E782E786D6C4DCB3B0E80201045D1AD90E915ED2CF8AC45050C11660C8261F98AB1B07AC9C97D42D718D865D3E909258CFD00CCE24AC6E326A164D74DC0B4128928FF326038
310
472BA13128B1252AC747C6BAB984FC68F0B87FE8960A5C09FE86CFB69FBA01504B0304140006080800CC70623BA24EB22D72010000D40300000C0000006662782F636F72652E786D6CC5535B6E833010BC8AE5DF0A6C5E49888CA3A6694ED00B38E05014B091B1518EDFE511A5A9D228FD2A1F60CDEC7A67C6986DCE4D8D7A
310
69BA4AAB0C073EC548AA5C17952A33ECECD15B61B4E1CC686DBF9561A44423333CC098B3D268D7CE50AE9595CA02AA74216750749DB418E5352C32DCE59FB211BE70162ABA93DF8AFC244AE9073ED050C759670D0840D390E18DF9F1706664C23973AE2A66B62A605A75ACA4C13C4976E1364A12EF355A2EBD384AF65EFA96
310
BC7B8BED2EA6719AAE16FB8491A199335B351775B991C2CA02F390D2D40B028F861F41BCA68B7518BFD0D59A524686F29B26D7164F36B94AD9289CE54E6D1DE6010819891F6E21228B3AD1831EC219194284CF98F06DD01008846CC5A1BEF83801D4CBDC6A1303536877A57A513B0953A94FC707FDBE6064EA84A9E3E6E0FA
310
EE8CF0E9198F7784A316AA0413C2C2F2E0ECA0934D1AE6D05A69BCDE9E91D2A611F573361E38FC1375157F5752AE6B6DFE4B11990F88CCBF0719EE23FF02504B0304140006080800CC70623B408A7D3B7C0000009D0000000B0000006662782F636E782E786D6C4DCCD10A83201886E15B91FFDC552A92A0064DBC8F581632
310
D3703A76F9ABD1C18E3E78F878E5F0D9027ABBFCF2292AE86E2D20171F69F6715550CB827B40839639A5F2770314A7CD293819B45C73AAFB45B35BA61ACAA1C1C7E7855C58C15BC331339661262CC762340413D68D77DA5B42298546CBE6573AF60CEB2F504B0304140006080800CC70623B449FB9BD290100001202000031
310
0000006662782F36394639363044362D344446342D343946362D394244322D3234314243333846323333332F636F72652E786D6C8D515B6EC32010BC0AE22B55850D98B871848994463E412FE002495162B07854397EA176A4F62F3F2C9A9D991D587EB84F37F0AD7D30CEF6905418026DA553C65E7A98E219ED203808EE9D
310
8B7F6810D871D23D2C3014FCE25D9A57483A1BB58D19B54EE9151C43D0110279CB971E06F9A5A7B11A53CC8C70ADE6515EC78BAE4895DB992778883E0700CB907242D17643D7E2538BD869608875438BBAE38922CAC8F1BDD90DB4691A5E2F42C153326A951B95E398B3D1FE599322163C9AE9115F7A3D46ADA0A018778810
310
84E907617BDCEE297BC5BB3DC6BC2EF47FA234AB2745C9D8D8D035EE220B50105E2F0DC1954B9FB747187D9F9D8FA0CCDB042D5FA0C015C65B42DF78BD10F3F3B363CB56C7109DCFDFBBB97E662ED92EB62D13BC2E1BCAE5777DB9966D8A1F504B0304140006080800CC70623BAD7543B64E01000033030000300000006662
310
782F36394639363044362D344446342D343946362D394244322D3234314243333846323333332F636E782E786D6CD593CD6EC32010845F0571AD6CE3D48AD20813A9873E410FBD12D82434182C7EAAE6EDBB2424CD25871E7B41D6EC30B3FA84F9E67BB2E40B4234DE8DB46F1925E094D7C6ED479AD3AE5951B2113C789FEE
310
6C943839C1488B4C05DF079FE72A69D8C96C13AAD6B8631503449F83828872B949AC57D26200B826A308D316B4064D6E46FCDA41C05550DC9E483A00797BFD207EFB092A45DE9514C1BBD22178396BD39D891265658C238DEA00936C654E5E433CB65A26D9F6EDB5EBC14EBF49A45CB856E66048291F6939A9A81BB5C89177
310
38143CA680F4AA299D66A042CEB3354A2684DC9D8D178FE0D9B8B41CAAD720F880EE7EF93C0C18769E099ECC04D5A102C8049A8A05632F4DDF376CF1DE0F6BB65C2F8627B65A33C6BB62177CEBBDAD973006829F89F22E814B54F4BC2BE347F8AA8F681390B50FA73F804400B5F542E796F19FF974E7F78DB802FE05E20750
310
4B0304140006080800CC70623B8D05915C650500003B100000340000006662782F36394639363044362D344446342D343946362D394244322D3234314243333846323333332F6F626A656374732E786D6CAD575B6FA33814FE2B887D06429276DA1565D4266D158D3A339A6846FB502932E050B66023DB74D2FDF5FB190C01
310
9276B2973C046C8ECFF53B17071F77456EBD502133CEAE6CDF9DD81665314F32965ED995DA3A17B6F5310C04E7AA47665B8C14F4CAD6DB7618A48257A5D94AE89654B91AEDDEDDFC61C998326A5B714EA4BCB265FC440BE2924AF184CA6737218AB8E976E7FA6E4338649B0A523E8D98964450A6A029F619B8588D52FE7039
310
B1BD30F0F4F730D0FF866AF6369557DB33949F31A9088B0F848DD8CCFCF9F2767A76E99CCDE733677E3EF59D9BBB9BA5E37F984D16E78BC5E5F5ED25044B25C0C96822E8D60EEFE11B91C581D77CEA34368A1F5329E68CD1B8B61F16D63A1B8E092D294B10C78C4A48EB593D192E7DED9BDEE7995E1B91FDEDD3ACEA9FE831
310
6A756F9F7D4D79F4274C90A7A04248AA51D5F8C718DAE06FB2F75AC4796EBE65D22A88A22223B995679120E2D50E41AA49C260C046A35368846B0BECD0DFF3EBEB8AD4F835768F69B9ADF25C43D30E6B646F807FAA64AD59F61715C7A54127C4AACA98BA3006A9D792DAE165E0D59B61A01FB3A9F9D838D2DAE62445C86166
310
F37564E842E7DE6A69879FEEA2DD5AE7E371E1A5E025154AC307D06A03D73EB5978C58FFA4C8E9033066E0F3BD53BEC1F39F91BE7B55103791EDE6BBB991A2046172CB4581D8B893FA674DDA17A77B3B7C413D1B511FD2743BFF8A38F03A658705E3ADF8015C3A3417FF3D7E439FF591DA0B5F18BC20C1B8981957AE6392A3
310
F43C640C01D1A0B4728E2DD4F26DB4B3C3152A252A3B4E913CEC1C72F012782FF88EFF8637AA552DBEF76408E8A8DE9E50F9E1CB3A2DA0DB1B6039A893B56063DC5B3E3FFB5F72E67AB9FEB4AEC496C4F4C1149625DD662C53E89D7BF0F6151A046260D1337DFDC94502430F83B0EE07A130A224BCAD7DAE1D9FB6CD422FF6
310
920702629C4BB9AE79C12F243C6432A6794E18E5552BA56B431AAB5D91317302B2B071E86C3A42B1A02F999E24061403B5D0EB639195DA655DD3EBEAB4FB862DDF579F014AD0E73C22F99E28DA57FB98E75C6CA2D74D53086D600F4786E0FE3144B771A8A7B900F03594DB8A633CBC49B2EDB69228BB479CF863B5E807AAAB
310
23872F6DFEB4129B949CA33823F58830E86D65621E10047D9DB34D862E8EAC3C2ABC2F7B2C40D67CDFE01F5545B92105AF983AC54D93D69E56FB8E797F88913F898A9FEC705D3F9D1B54EC8426FB500D40A03BD0119B06E1B95DDC7EB8F6975367793EBD70E66733DFB9BC982F9CE564727731999F5D4ECFCE3B8D6A4DC2A0
310
6D50FD148437D110834A64C6CDDF57FBACB5C307A2A477DFE4939736CFEF2B175371E0E10CF0DD1D5C15654E0BCA14D1E87DD02FF93782A162C0A3D95F1524A52770F972BF1EE9809D13CE7DD599467F8ECE9ADD85CE85A34CD45355448C64F9E8A031DC2D596ACC6E5DD93D9B82DE2EF5CAF81363A8E47996A0DE24564A79
310
4115AACE09C55E14540231FDA13C319787134EBF34E3A022514E5B4D9E0826E25C02D5805B15ABE1BEF51B26383D445DD9E875EE33FE4C22DA16427D65A3BCA92CA6D28DD01DF5DC53330704308475351050232CCD31583787BA75774AFB06E5070DD0C8EF484E19968C5D83BA5B90B244D31E54D55A372320FE4786B7EA58
310
44E135AA5467CB7EA333A61683CC6A8C3257034C10CF46F40EF9F5BE59BE5BD30C3C72D235E95D10345C1D45445A5F0BB47E46A5EBE5570F9380B5FA629579952296A773720405982B9DE04011506178964401AA8BDF1FBF0A8EAB6861DD6580C0E38217056766716DAEB2D6FA0917D3E4116581EADB879C4E7CFFB11EFACD
310
3D641311495D92C8676CB409A72D18610D803CE8A626049E8EC1887CB5B44CC39883690DDA8399B4B9855B481E7D71D4A9D22F96E5BB73BF5793020C02137BF837504B0304140006080000CC70623B000000000000000000000000350000006662782F36394639363044362D344446342D343946362D394244322D32343142
310
43333846323333332F76657274696365732E62696E504B0304140006080800CC70623BF270F1330600000004000000360000006662782F36394639363044362D344446342D343946362D394244322D3234314243333846323333332F747269616E676C65732E62696E636660600000504B0304140006080000CC70623B0000
310
00000000000000000000370000006662782F36394639363044362D344446342D343946362D394244322D3234314243333846323333332F617474726962757465732E62696E504B0304140006080800CC70623B08DA0BD19000000041010000360000006662782F36394639363044362D344446342D343946362D394244322D
310
3234314243333846323333332F6469726563746F72792E786D6C858F410AC3201045AF22B36F53E9A60B35CBEEBAE80D244E44489C6234F4F835464A48035D0DF398FF9F8AF63D0E6CC63039F212F8F9020C7D47C6792B21C5FE7403D62A1188E2E60C98D7234A5830286103A55745067B9D86B8A3CF9C7F90C11DE607FB14
310
4396D7B6A82D282E9A152AD114D5EF2CB866EEE831B8EEA07A7BB5A8D7D61A2BAAEB7FD5F70921FF497D00504B0304140006080800CC70623BCA768048FE000000A00100003B0000006662782F36394639363044362D344446342D343946362D394244322D3234314243333846323333332F7265736F75726365732F636F72
310
652E786D6C8D50596E833010BD0A9ADFCA60D600328E9AA639412F609909B1126CE4A5EAF16B0295DABFFECC8CDEA2797AECF8353F924FB44E193D409E5248504B332A3D0D10FC95B4901C39B3C6F85F3248B49871801506CE266BC2B243D2688FDA47549B11775038871E12F988C7004EDE7016A9083E2ADC3D5D84BC8B09
310
D33C8D74D471E6BC8D0192EDC93A815B742658898E651BCB59086ADC356A8C3FD555A1055ED7E7E254D615792D0F075295F585746FF53B694EE78A565DD736979A65AB9933AFE69F8CD2A2F038022F28ED489E135A7CE4554F9BBEA85E68DB53CAB255FEC71496F19FA6A0B42F8B3DEE6673C0F318E4497096AD7DC5F52C33
310
EEB55BFE0D504B010214000A0000080000CC70623B3DEE336E79000000790000001B00000000000000000000000000000000006175746F6465736B2D64657369676E2D7061636B6167652E786D6C504B01021400140006080800CC70623BD486FD9CA0000000F40000001300000000000000000000000000B20000005B436F
310
6E74656E745F54797065735D2E786D6C504B01021400140006080800CC70623BD9DDAED0EC0000007C010000080000000000000000000000000083010000636F72652E786D6C504B01021400140006080800CC70623B55019EA25F0000007C000000070000000000000000000000000095020000636E782E786D6C504B0102
310
1400140006080800CC70623BA24EB22D72010000D40300000C00000000000000000000000000190300006662782F636F72652E786D6C504B01021400140006080800CC70623B408A7D3B7C0000009D0000000B00000000000000000000000000B50400006662782F636E782E786D6C504B01021400140006080800CC70623B
310
449FB9BD290100001202000031000000000000000000000000005A0500006662782F36394639363044362D344446342D343946362D394244322D3234314243333846323333332F636F72652E786D6C504B01021400140006080800CC70623BAD7543B64E010000330300003000000000000000000000000000D20600006662
310
782F36394639363044362D344446342D343946362D394244322D3234314243333846323333332F636E782E786D6C504B01021400140006080800CC70623B8D05915C650500003B10000034000000000000000000000000006E0800006662782F36394639363044362D344446342D343946362D394244322D32343142433338
310
46323333332F6F626A656374732E786D6C504B01021400140006080000CC70623B0000000000000000000000003500000000000000000000000000250E00006662782F36394639363044362D344446342D343946362D394244322D3234314243333846323333332F76657274696365732E62696E504B010214001400060808
310
00CC70623BF270F13306000000040000003600000000000000000000000000780E00006662782F36394639363044362D344446342D343946362D394244322D3234314243333846323333332F747269616E676C65732E62696E504B01021400140006080000CC70623B00000000000000000000000037000000000000000000
310
00000000D20E00006662782F36394639363044362D344446342D343946362D394244322D3234314243333846323333332F617474726962757465732E62696E504B01021400140006080800CC70623B08DA0BD190000000410100003600000000000000000000000000270F00006662782F36394639363044362D344446342D
310
343946362D394244322D3234314243333846323333332F6469726563746F72792E786D6C504B01021400140006080800CC70623BCA768048FE000000A00100003B000000000000000000000000000B1000006662782F36394639363044362D344446342D343946362D394244322D3234314243333846323333332F7265736F
310
75726365732F636F72652E786D6C504B0506000000000E000E0080040000621100000000
  0
XRECORD
  5
176
102
{ACAD_REACTORS
330
173
102
}
330
173
100
AcDbXrecord
280
     1
270
     1
271
     1
  0
XRECORD
  5
177
102
{ACAD_REACTORS
330
173
102
}
330
173
100
AcDbXrecord
280
     1
270
     1
271
     1
  0
XRECORD
  5
71A
102
{ACAD_REACTORS
330
719
102
}
330
719
100
AcDbXrecord
280
     1
102
DISPLAYNAME
  1
Metric50
102
FLAGS
 90
        0
  0
CELLSTYLEMAP
  5
6DF
102
{ACAD_REACTORS
330
162
102
}
330
162
100
AcDbCellStyleMap
 90
        3
300
CELLSTYLE
  1
TABLEFORMAT_BEGIN
 90
        5
170
     1
 91
        0
 92
    32768
 62
   257
 93
        1
300
CONTENTFORMAT
  1
CONTENTFORMAT_BEGIN
 90
        0
 91
        0
 92
      512
 93
        0
300

 40
0.0
140
1.0
 94
        5
 62
     0
340
11
144
6.0
309
CONTENTFORMAT_END
171
     1
301
MARGIN
  1
CELLMARGIN_BEGIN
 40
1.5
 40
1.5
 40
1.5
 40
1.5
 40
4.5
 40
4.5
309
CELLMARGIN_END
 94
        6
 95
        1
302
GRIDFORMAT
  1
GRIDFORMAT_BEGIN
 90
        0
 91
        1
 62
     0
 92
       -2
340
14
 93
        0
 40
1.125
309
GRIDFORMAT_END
 95
        2
302
GRIDFORMAT
  1
GRIDFORMAT_BEGIN
 90
        0
 91
        1
 62
     0
 92
       -2
340
14
 93
        0
 40
1.125
309
GRIDFORMAT_END
 95
        4
302
GRIDFORMAT
  1
GRIDFORMAT_BEGIN
 90
        0
 91
        1
 62
     0
 92
       -2
340
14
 93
        0
 40
1.125
309
GRIDFORMAT_END
 95
        8
302
GRIDFORMAT
  1
GRIDFORMAT_BEGIN
 90
        0
 91
        1
 62
     0
 92
       -2
340
14
 93
        0
 40
1.125
309
GRIDFORMAT_END
 95
       16
302
GRIDFORMAT
  1
GRIDFORMAT_BEGIN
 90
        0
 91
        1
 62
     0
 92
       -2
340
14
 93
        0
 40
1.125
309
GRIDFORMAT_END
 95
       32
302
GRIDFORMAT
  1
GRIDFORMAT_BEGIN
 90
        0
 91
        1
 62
     0
 92
       -2
340
14
 93
        0
 40
1.125
309
GRIDFORMAT_END
309
TABLEFORMAT_END
  1
CELLSTYLE_BEGIN
 90
        1
 91
        1
300
_TITLE
309
CELLSTYLE_END
300
CELLSTYLE
  1
TABLEFORMAT_BEGIN
 90
        5
170
     1
 91
        0
 92
        0
 62
   257
 93
        1
300
CONTENTFORMAT
  1
CONTENTFORMAT_BEGIN
 90
        0
 91
        0
 92
      512
 93
        0
300

 40
0.0
140
1.0
 94
        5
 62
     0
340
11
144
4.5
309
CONTENTFORMAT_END
171
     1
301
MARGIN
  1
CELLMARGIN_BEGIN
 40
1.5
 40
1.5
 40
1.5
 40
1.5
 40
4.5
 40
4.5
309
CELLMARGIN_END
 94
        6
 95
        1
302
GRIDFORMAT
  1
GRIDFORMAT_BEGIN
 90
        0
 91
        1
 62
     0
 92
       -2
340
14
 93
        0
 40
1.125
309
GRIDFORMAT_END
 95
        2
302
GRIDFORMAT
  1
GRIDFORMAT_BEGIN
 90
        0
 91
        1
 62
     0
 92
       -2
340
14
 93
        0
 40
1.125
309
GRIDFORMAT_END
 95
        4
302
GRIDFORMAT
  1
GRIDFORMAT_BEGIN
 90
        0
 91
        1
 62
     0
 92
       -2
340
14
 93
        0
 40
1.125
309
GRIDFORMAT_END
 95
        8
302
GRIDFORMAT
  1
GRIDFORMAT_BEGIN
 90
        0
 91
        1
 62
     0
 92
       -2
340
14
 93
        0
 40
1.125
309
GRIDFORMAT_END
 95
       16
302
GRIDFORMAT
  1
GRIDFORMAT_BEGIN
 90
        0
 91
        1
 62
     0
 92
       -2
340
14
 93
        0
 40
1.125
309
GRIDFORMAT_END
 95
       32
302
GRIDFORMAT
  1
GRIDFORMAT_BEGIN
 90
        0
 91
        1
 62
     0
 92
       -2
340
14
 93
        0
 40
1.125
309
GRIDFORMAT_END
309
TABLEFORMAT_END
  1
CELLSTYLE_BEGIN
 90
        2
 91
        1
300
_HEADER
309
CELLSTYLE_END
300
CELLSTYLE
  1
TABLEFORMAT_BEGIN
 90
        5
170
     1
 91
        0
 92
        0
 62
   257
 93
        1
300
CONTENTFORMAT
  1
CONTENTFORMAT_BEGIN
 90
        0
 91
        0
 92
      512
 93
        0
300

 40
0.0
140
1.0
 94
        2
 62
     0
340
11
144
4.5
309
CONTENTFORMAT_END
171
     1
301
MARGIN
  1
CELLMARGIN_BEGIN
 40
1.5
 40
1.5
 40
1.5
 40
1.5
 40
4.5
 40
4.5
309
CELLMARGIN_END
 94
        6
 95
        1
302
GRIDFORMAT
  1
GRIDFORMAT_BEGIN
 90
        0
 91
        1
 62
     0
 92
       -2
340
14
 93
        0
 40
1.125
309
GRIDFORMAT_END
 95
        2
302
GRIDFORMAT
  1
GRIDFORMAT_BEGIN
 90
        0
 91
        1
 62
     0
 92
       -2
340
14
 93
        0
 40
1.125
309
GRIDFORMAT_END
 95
        4
302
GRIDFORMAT
  1
GRIDFORMAT_BEGIN
 90
        0
 91
        1
 62
     0
 92
       -2
340
14
 93
        0
 40
1.125
309
GRIDFORMAT_END
 95
        8
302
GRIDFORMAT
  1
GRIDFORMAT_BEGIN
 90
        0
 91
        1
 62
     0
 92
       -2
340
14
 93
        0
 40
1.125
309
GRIDFORMAT_END
 95
       16
302
GRIDFORMAT
  1
GRIDFORMAT_BEGIN
 90
        0
 91
        1
 62
     0
 92
       -2
340
14
 93
        0
 40
1.125
309
GRIDFORMAT_END
 95
       32
302
GRIDFORMAT
  1
GRIDFORMAT_BEGIN
 90
        0
 91
        1
 62
     0
 92
       -2
340
14
 93
        0
 40
1.125
309
GRIDFORMAT_END
309
TABLEFORMAT_END
  1
CELLSTYLE_BEGIN
 90
        3
 91
        2
300
_DATA
309
CELLSTYLE_END
  0
XRECORD
  5
6F4
102
{ACAD_REACTORS
330
6F3
102
}
330
6F3
100
AcDbXrecord
280
     1
102
RTVSPost2010Prop28
280
     1
102
RTVSPost2010PropOp28
 70
     1
102
RTVSPost2010Prop29
280
     1
102
RTVSPost2010PropOp29
 70
     1
102
RTVSPost2010Prop30
280
     0
102
RTVSPost2010PropOp30
 70
     1
102
RTVSPost2010Prop31
280
     0
102
RTVSPost2010PropOp31
 70
     1
102
RTVSPost2010Prop32
280
     0
102
RTVSPost2010PropOp32
 70
     1
102
RTVSPost2010Prop33
280
     0
102
RTVSPost2010PropOp33
 70
     1
102
RTVSPost2010Prop34
280
     0
102
RTVSPost2010PropOp34
 70
     1
102
RTVSPost2010Prop35
280
     0
102
RTVSPost2010PropOp35
 70
     1
102
RTVSPost2010Prop36
280
     0
102
RTVSPost2010PropOp36
 70
     1
102
RTVSPost2010Prop37
 90
       50
102
RTVSPost2010PropOp37
 70
     1
102
RTVSPost2010Prop38
140
0.0
102
RTVSPost2010PropOp38
 70
     1
102
RTVSPost2010Prop39
140
1.0
102
RTVSPost2010PropOp39
 70
     1
102
RTVSPost2010Prop40
 90
        0
102
RTVSPost2010PropOp40
 70
     1
102
RTVSPost2010Prop41ColorIndex
 90
       18
102
RTVSPost2010Prop41ColorRGB
 90
        0
102
RTVSPost2010PropOp41
 70
     1
102
RTVSPost2010Prop42
 90
       50
102
RTVSPost2010PropOp42
 70
     1
102
RTVSPost2010Prop43
 90
        3
102
RTVSPost2010PropOp43
 70
     1
102
RTVSPost2010Prop44ColorIndex
 90
        5
102
RTVSPost2010Prop44ColorRGB
 90
      255
102
RTVSPost2010PropOp44
 70
     1
102
RTVSPost2010Prop45
280
     0
102
RTVSPost2010PropOp45
 70
     1
102
RTVSPost2010Prop46
 90
       50
102
RTVSPost2010PropOp46
 70
     1
102
RTVSPost2010Prop47
 90
       50
102
RTVSPost2010PropOp47
 70
     1
102
RTVSPost2010Prop48
 90
       50
102
RTVSPost2010PropOp48
 70
     1
102
RTVSPost2010Prop49
280
     0
102
RTVSPost2010PropOp49
 70
     1
102
RTVSPost2010Prop50
 90
       50
102
RTVSPost2010PropOp50
 70
     1
102
RTVSPost2010Prop51ColorIndex
 90
      256
102
RTVSPost2010Prop51ColorRGB
 90
-16777216
102
RTVSPost2010PropOp51
 70
     0
102
RTVSPost2010Prop52
140
1.0
102
RTVSPost2010PropOp52
 70
     0
102
RTVSPost2010Prop53
 90
        2
102
RTVSPost2010PropOp53
 70
     1
102
RTVSPost2010Prop54
  1
strokes_ogs.tif
102
RTVSPost2010PropOp54
 70
     1
102
RTVSPost2010Prop55
280
     0
102
RTVSPost2010PropOp55
 70
     1
102
RTVSPost2010Prop56
140
1.0
102
RTVSPost2010PropOp56
 70
     1
102
RTVSPost2010Prop57
140
1.0
102
RTVSPost2010PropOp57
 70
     1
  0
XRECORD
  5
6F2
102
{ACAD_REACTORS
330
6F1
102
}
330
6F1
100
AcDbXrecord
280
     1
102
RTVSPost2010Prop28
280
     0
102
RTVSPost2010PropOp28
 70
     1
102
RTVSPost2010Prop29
280
     1
102
RTVSPost2010PropOp29
 70
     1
102
RTVSPost2010Prop30
280
     1
102
RTVSPost2010PropOp30
 70
     1
102
RTVSPost2010Prop31
280
     0
102
RTVSPost2010PropOp31
 70
     1
102
RTVSPost2010Prop32
280
     0
102
RTVSPost2010PropOp32
 70
     1
102
RTVSPost2010Prop33
280
     0
102
RTVSPost2010PropOp33
 70
     1
102
RTVSPost2010Prop34
280
     0
102
RTVSPost2010PropOp34
 70
     1
102
RTVSPost2010Prop35
280
     0
102
RTVSPost2010PropOp35
 70
     1
102
RTVSPost2010Prop36
280
     0
102
RTVSPost2010PropOp36
 70
     1
102
RTVSPost2010Prop37
 90
       50
102
RTVSPost2010PropOp37
 70
     1
102
RTVSPost2010Prop38
140
0.0
102
RTVSPost2010PropOp38
 70
     1
102
RTVSPost2010Prop39
140
1.0
102
RTVSPost2010PropOp39
 70
     1
102
RTVSPost2010Prop40
 90
        0
102
RTVSPost2010PropOp40
 70
     1
102
RTVSPost2010Prop41ColorIndex
 90
       18
102
RTVSPost2010Prop41ColorRGB
 90
        0
102
RTVSPost2010PropOp41
 70
     1
102
RTVSPost2010Prop42
 90
       50
102
RTVSPost2010PropOp42
 70
     1
102
RTVSPost2010Prop43
 90
        3
102
RTVSPost2010PropOp43
 70
     1
102
RTVSPost2010Prop44ColorIndex
 90
        5
102
RTVSPost2010Prop44ColorRGB
 90
      255
102
RTVSPost2010PropOp44
 70
     1
102
RTVSPost2010Prop45
280
     0
102
RTVSPost2010PropOp45
 70
     1
102
RTVSPost2010Prop46
 90
       50
102
RTVSPost2010PropOp46
 70
     1
102
RTVSPost2010Prop47
 90
       50
102
RTVSPost2010PropOp47
 70
     1
102
RTVSPost2010Prop48
 90
       50
102
RTVSPost2010PropOp48
 70
     1
102
RTVSPost2010Prop49
280
     0
102
RTVSPost2010PropOp49
 70
     1
102
RTVSPost2010Prop50
 90
       50
102
RTVSPost2010PropOp50
 70
     1
102
RTVSPost2010Prop51ColorIndex
 90
      256
102
RTVSPost2010Prop51ColorRGB
 90
-16777216
102
RTVSPost2010PropOp51
 70
     0
102
RTVSPost2010Prop52
140
1.0
102
RTVSPost2010PropOp52
 70
     0
102
RTVSPost2010Prop53
 90
        2
102
RTVSPost2010PropOp53
 70
     1
102
RTVSPost2010Prop54
  1
strokes_ogs.tif
102
RTVSPost2010PropOp54
 70
     1
102
RTVSPost2010Prop55
280
     0
102
RTVSPost2010PropOp55
 70
     1
102
RTVSPost2010Prop56
140
1.0
102
RTVSPost2010PropOp56
 70
     1
102
RTVSPost2010Prop57
140
1.0
102
RTVSPost2010PropOp57
 70
     1
  0
XRECORD
  5
700
102
{ACAD_REACTORS
330
6FF
102
}
330
6FF
100
AcDbXrecord
280
     1
102
RTVSPost2010Prop28
280
     0
102
RTVSPost2010PropOp28
 70
     1
102
RTVSPost2010Prop29
280
     1
102
RTVSPost2010PropOp29
 70
     1
102
RTVSPost2010Prop30
280
     1
102
RTVSPost2010PropOp30
 70
     1
102
RTVSPost2010Prop31
280
     0
102
RTVSPost2010PropOp31
 70
     1
102
RTVSPost2010Prop32
280
     0
102
RTVSPost2010PropOp32
 70
     1
102
RTVSPost2010Prop33
280
     0
102
RTVSPost2010PropOp33
 70
     1
102
RTVSPost2010Prop34
280
     0
102
RTVSPost2010PropOp34
 70
     1
102
RTVSPost2010Prop35
280
     0
102
RTVSPost2010PropOp35
 70
     1
102
RTVSPost2010Prop36
280
     0
102
RTVSPost2010PropOp36
 70
     1
102
RTVSPost2010Prop37
 90
       50
102
RTVSPost2010PropOp37
 70
     1
102
RTVSPost2010Prop38
140
0.0
102
RTVSPost2010PropOp38
 70
     1
102
RTVSPost2010Prop39
140
1.0
102
RTVSPost2010PropOp39
 70
     1
102
RTVSPost2010Prop40
 90
        0
102
RTVSPost2010PropOp40
 70
     1
102
RTVSPost2010Prop41ColorIndex
 90
       18
102
RTVSPost2010Prop41ColorRGB
 90
        0
102
RTVSPost2010PropOp41
 70
     1
102
RTVSPost2010Prop42
 90
       50
102
RTVSPost2010PropOp42
 70
     1
102
RTVSPost2010Prop43
 90
        3
102
RTVSPost2010PropOp43
 70
     1
102
RTVSPost2010Prop44ColorIndex
 90
        5
102
RTVSPost2010Prop44ColorRGB
 90
      255
102
RTVSPost2010PropOp44
 70
     1
102
RTVSPost2010Prop45
280
     0
102
RTVSPost2010PropOp45
 70
     1
102
RTVSPost2010Prop46
 90
       50
102
RTVSPost2010PropOp46
 70
     1
102
RTVSPost2010Prop47
 90
       50
102
RTVSPost2010PropOp47
 70
     1
102
RTVSPost2010Prop48
 90
       50
102
RTVSPost2010PropOp48
 70
     1
102
RTVSPost2010Prop49
280
     0
102
RTVSPost2010PropOp49
 70
     1
102
RTVSPost2010Prop50
 90
       50
102
RTVSPost2010PropOp50
 70
     1
102
RTVSPost2010Prop51ColorIndex
 90
      256
102
RTVSPost2010Prop51ColorRGB
 90
-16777216
102
RTVSPost2010PropOp51
 70
     0
102
RTVSPost2010Prop52
140
1.0
102
RTVSPost2010PropOp52
 70
     0
102
RTVSPost2010Prop53
 90
        2
102
RTVSPost2010PropOp53
 70
     1
102
RTVSPost2010Prop54
  1
strokes_ogs.tif
102
RTVSPost2010PropOp54
 70
     1
102
RTVSPost2010Prop55
280
     0
102
RTVSPost2010PropOp55
 70
     1
102
RTVSPost2010Prop56
140
1.0
102
RTVSPost2010PropOp56
 70
     1
102
RTVSPost2010Prop57
140
1.0
102
RTVSPost2010PropOp57
 70
     1
  0
XRECORD
  5
708
102
{ACAD_REACTORS
330
707
102
}
330
707
100
AcDbXrecord
280
     1
102
RTVSPost2010Prop28
280
     0
102
RTVSPost2010PropOp28
 70
     1
102
RTVSPost2010Prop29
280
     1
102
RTVSPost2010PropOp29
 70
     1
102
RTVSPost2010Prop30
280
     1
102
RTVSPost2010PropOp30
 70
     1
102
RTVSPost2010Prop31
280
     0
102
RTVSPost2010PropOp31
 70
     1
102
RTVSPost2010Prop32
280
     0
102
RTVSPost2010PropOp32
 70
     1
102
RTVSPost2010Prop33
280
     0
102
RTVSPost2010PropOp33
 70
     1
102
RTVSPost2010Prop34
280
     0
102
RTVSPost2010PropOp34
 70
     1
102
RTVSPost2010Prop35
280
     0
102
RTVSPost2010PropOp35
 70
     1
102
RTVSPost2010Prop36
280
     0
102
RTVSPost2010PropOp36
 70
     1
102
RTVSPost2010Prop37
 90
       50
102
RTVSPost2010PropOp37
 70
     1
102
RTVSPost2010Prop38
140
0.0
102
RTVSPost2010PropOp38
 70
     1
102
RTVSPost2010Prop39
140
1.0
102
RTVSPost2010PropOp39
 70
     1
102
RTVSPost2010Prop40
 90
        0
102
RTVSPost2010PropOp40
 70
     1
102
RTVSPost2010Prop41ColorIndex
 90
       18
102
RTVSPost2010Prop41ColorRGB
 90
        0
102
RTVSPost2010PropOp41
 70
     1
102
RTVSPost2010Prop42
 90
       50
102
RTVSPost2010PropOp42
 70
     1
102
RTVSPost2010Prop43
 90
        3
102
RTVSPost2010PropOp43
 70
     1
102
RTVSPost2010Prop44ColorIndex
 90
        5
102
RTVSPost2010Prop44ColorRGB
 90
      255
102
RTVSPost2010PropOp44
 70
     1
102
RTVSPost2010Prop45
280
     0
102
RTVSPost2010PropOp45
 70
     1
102
RTVSPost2010Prop46
 90
       50
102
RTVSPost2010PropOp46
 70
     1
102
RTVSPost2010Prop47
 90
       50
102
RTVSPost2010PropOp47
 70
     1
102
RTVSPost2010Prop48
 90
       50
102
RTVSPost2010PropOp48
 70
     1
102
RTVSPost2010Prop49
280
     0
102
RTVSPost2010PropOp49
 70
     1
102
RTVSPost2010Prop50
 90
       50
102
RTVSPost2010PropOp50
 70
     1
102
RTVSPost2010Prop51ColorIndex
 90
      256
102
RTVSPost2010Prop51ColorRGB
 90
-16777216
102
RTVSPost2010PropOp51
 70
     0
102
RTVSPost2010Prop52
140
1.0
102
RTVSPost2010PropOp52
 70
     0
102
RTVSPost2010Prop53
 90
        2
102
RTVSPost2010PropOp53
 70
     1
102
RTVSPost2010Prop54
  1
strokes_ogs.tif
102
RTVSPost2010PropOp54
 70
     1
102
RTVSPost2010Prop55
280
     0
102
RTVSPost2010PropOp55
 70
     1
102
RTVSPost2010Prop56
140
1.0
102
RTVSPost2010PropOp56
 70
     1
102
RTVSPost2010Prop57
140
1.0
102
RTVSPost2010PropOp57
 70
     1
  0
XRECORD
  5
6FA
102
{ACAD_REACTORS
330
6F9
102
}
330
6F9
100
AcDbXrecord
280
     1
102
RTVSPost2010Prop28
280
     0
102
RTVSPost2010PropOp28
 70
     1
102
RTVSPost2010Prop29
280
     1
102
RTVSPost2010PropOp29
 70
     1
102
RTVSPost2010Prop30
280
     1
102
RTVSPost2010PropOp30
 70
     1
102
RTVSPost2010Prop31
280
     0
102
RTVSPost2010PropOp31
 70
     1
102
RTVSPost2010Prop32
280
     0
102
RTVSPost2010PropOp32
 70
     1
102
RTVSPost2010Prop33
280
     0
102
RTVSPost2010PropOp33
 70
     1
102
RTVSPost2010Prop34
280
     0
102
RTVSPost2010PropOp34
 70
     1
102
RTVSPost2010Prop35
280
     0
102
RTVSPost2010PropOp35
 70
     1
102
RTVSPost2010Prop36
280
     0
102
RTVSPost2010PropOp36
 70
     1
102
RTVSPost2010Prop37
 90
       50
102
RTVSPost2010PropOp37
 70
     1
102
RTVSPost2010Prop38
140
0.0
102
RTVSPost2010PropOp38
 70
     1
102
RTVSPost2010Prop39
140
1.0
102
RTVSPost2010PropOp39
 70
     1
102
RTVSPost2010Prop40
 90
        0
102
RTVSPost2010PropOp40
 70
     1
102
RTVSPost2010Prop41ColorIndex
 90
       18
102
RTVSPost2010Prop41ColorRGB
 90
        0
102
RTVSPost2010PropOp41
 70
     1
102
RTVSPost2010Prop42
 90
       50
102
RTVSPost2010PropOp42
 70
     1
102
RTVSPost2010Prop43
 90
        3
102
RTVSPost2010PropOp43
 70
     1
102
RTVSPost2010Prop44ColorIndex
 90
        5
102
RTVSPost2010Prop44ColorRGB
 90
      255
102
RTVSPost2010PropOp44
 70
     1
102
RTVSPost2010Prop45
280
     0
102
RTVSPost2010PropOp45
 70
     1
102
RTVSPost2010Prop46
 90
       50
102
RTVSPost2010PropOp46
 70
     1
102
RTVSPost2010Prop47
 90
       50
102
RTVSPost2010PropOp47
 70
     1
102
RTVSPost2010Prop48
 90
       50
102
RTVSPost2010PropOp48
 70
     1
102
RTVSPost2010Prop49
280
     0
102
RTVSPost2010PropOp49
 70
     1
102
RTVSPost2010Prop50
 90
       50
102
RTVSPost2010PropOp50
 70
     1
102
RTVSPost2010Prop51ColorIndex
 90
      256
102
RTVSPost2010Prop51ColorRGB
 90
-16777216
102
RTVSPost2010PropOp51
 70
     0
102
RTVSPost2010Prop52
140
1.0
102
RTVSPost2010PropOp52
 70
     0
102
RTVSPost2010Prop53
 90
        2
102
RTVSPost2010PropOp53
 70
     1
102
RTVSPost2010Prop54
  1
strokes_ogs.tif
102
RTVSPost2010PropOp54
 70
     1
102
RTVSPost2010Prop55
280
     0
102
RTVSPost2010PropOp55
 70
     1
102
RTVSPost2010Prop56
140
1.0
102
RTVSPost2010PropOp56
 70
     1
102
RTVSPost2010Prop57
140
1.0
102
RTVSPost2010PropOp57
 70
     1
  0
XRECORD
  5
6FE
102
{ACAD_REACTORS
330
6FD
102
}
330
6FD
100
AcDbXrecord
280
     1
102
RTVSPost2010Prop28
280
     0
102
RTVSPost2010PropOp28
 70
     1
102
RTVSPost2010Prop29
280
     1
102
RTVSPost2010PropOp29
 70
     1
102
RTVSPost2010Prop30
280
     1
102
RTVSPost2010PropOp30
 70
     1
102
RTVSPost2010Prop31
280
     0
102
RTVSPost2010PropOp31
 70
     1
102
RTVSPost2010Prop32
280
     0
102
RTVSPost2010PropOp32
 70
     1
102
RTVSPost2010Prop33
280
     0
102
RTVSPost2010PropOp33
 70
     1
102
RTVSPost2010Prop34
280
     0
102
RTVSPost2010PropOp34
 70
     1
102
RTVSPost2010Prop35
280
     0
102
RTVSPost2010PropOp35
 70
     1
102
RTVSPost2010Prop36
280
     0
102
RTVSPost2010PropOp36
 70
     1
102
RTVSPost2010Prop37
 90
       50
102
RTVSPost2010PropOp37
 70
     1
102
RTVSPost2010Prop38
140
0.0
102
RTVSPost2010PropOp38
 70
     1
102
RTVSPost2010Prop39
140
1.0
102
RTVSPost2010PropOp39
 70
     1
102
RTVSPost2010Prop40
 90
        0
102
RTVSPost2010PropOp40
 70
     1
102
RTVSPost2010Prop41ColorIndex
 90
       18
102
RTVSPost2010Prop41ColorRGB
 90
        0
102
RTVSPost2010PropOp41
 70
     1
102
RTVSPost2010Prop42
 90
       50
102
RTVSPost2010PropOp42
 70
     1
102
RTVSPost2010Prop43
 90
        3
102
RTVSPost2010PropOp43
 70
     1
102
RTVSPost2010Prop44ColorIndex
 90
        5
102
RTVSPost2010Prop44ColorRGB
 90
      255
102
RTVSPost2010PropOp44
 70
     1
102
RTVSPost2010Prop45
280
     0
102
RTVSPost2010PropOp45
 70
     1
102
RTVSPost2010Prop46
 90
       50
102
RTVSPost2010PropOp46
 70
     1
102
RTVSPost2010Prop47
 90
       50
102
RTVSPost2010PropOp47
 70
     1
102
RTVSPost2010Prop48
 90
       50
102
RTVSPost2010PropOp48
 70
     1
102
RTVSPost2010Prop49
280
     0
102
RTVSPost2010PropOp49
 70
     1
102
RTVSPost2010Prop50
 90
       50
102
RTVSPost2010PropOp50
 70
     1
102
RTVSPost2010Prop51ColorIndex
 90
      256
102
RTVSPost2010Prop51ColorRGB
 90
-16777216
102
RTVSPost2010PropOp51
 70
     0
102
RTVSPost2010Prop52
140
1.0
102
RTVSPost2010PropOp52
 70
     0
102
RTVSPost2010Prop53
 90
        2
102
RTVSPost2010PropOp53
 70
     1
102
RTVSPost2010Prop54
  1
strokes_ogs.tif
102
RTVSPost2010PropOp54
 70
     1
102
RTVSPost2010Prop55
280
     0
102
RTVSPost2010PropOp55
 70
     1
102
RTVSPost2010Prop56
140
1.0
102
RTVSPost2010PropOp56
 70
     1
102
RTVSPost2010Prop57
140
1.0
102
RTVSPost2010PropOp57
 70
     1
  0
XRECORD
  5
70E
102
{ACAD_REACTORS
330
70D
102
}
330
70D
100
AcDbXrecord
280
     1
102
RTVSPost2010Prop28
280
     0
102
RTVSPost2010PropOp28
 70
     1
102
RTVSPost2010Prop29
280
     1
102
RTVSPost2010PropOp29
 70
     1
102
RTVSPost2010Prop30
280
     1
102
RTVSPost2010PropOp30
 70
     1
102
RTVSPost2010Prop31
280
     0
102
RTVSPost2010PropOp31
 70
     1
102
RTVSPost2010Prop32
280
     0
102
RTVSPost2010PropOp32
 70
     1
102
RTVSPost2010Prop33
280
     0
102
RTVSPost2010PropOp33
 70
     1
102
RTVSPost2010Prop34
280
     0
102
RTVSPost2010PropOp34
 70
     1
102
RTVSPost2010Prop35
280
     0
102
RTVSPost2010PropOp35
 70
     1
102
RTVSPost2010Prop36
280
     0
102
RTVSPost2010PropOp36
 70
     1
102
RTVSPost2010Prop37
 90
       50
102
RTVSPost2010PropOp37
 70
     1
102
RTVSPost2010Prop38
140
0.0
102
RTVSPost2010PropOp38
 70
     1
102
RTVSPost2010Prop39
140
1.0
102
RTVSPost2010PropOp39
 70
     1
102
RTVSPost2010Prop40
 90
        0
102
RTVSPost2010PropOp40
 70
     1
102
RTVSPost2010Prop41ColorIndex
 90
       18
102
RTVSPost2010Prop41ColorRGB
 90
        0
102
RTVSPost2010PropOp41
 70
     1
102
RTVSPost2010Prop42
 90
       50
102
RTVSPost2010PropOp42
 70
     1
102
RTVSPost2010Prop43
 90
        3
102
RTVSPost2010PropOp43
 70
     1
102
RTVSPost2010Prop44ColorIndex
 90
        5
102
RTVSPost2010Prop44ColorRGB
 90
      255
102
RTVSPost2010PropOp44
 70
     1
102
RTVSPost2010Prop45
280
     0
102
RTVSPost2010PropOp45
 70
     1
102
RTVSPost2010Prop46
 90
       50
102
RTVSPost2010PropOp46
 70
     1
102
RTVSPost2010Prop47
 90
       50
102
RTVSPost2010PropOp47
 70
     1
102
RTVSPost2010Prop48
 90
       50
102
RTVSPost2010PropOp48
 70
     1
102
RTVSPost2010Prop49
280
     0
102
RTVSPost2010PropOp49
 70
     1
102
RTVSPost2010Prop50
 90
       50
102
RTVSPost2010PropOp50
 70
     1
102
RTVSPost2010Prop51ColorIndex
 90
      256
102
RTVSPost2010Prop51ColorRGB
 90
-16777216
102
RTVSPost2010PropOp51
 70
     0
102
RTVSPost2010Prop52
140
1.0
102
RTVSPost2010PropOp52
 70
     0
102
RTVSPost2010Prop53
 90
        2
102
RTVSPost2010PropOp53
 70
     1
102
RTVSPost2010Prop54
  1
strokes_ogs.tif
102
RTVSPost2010PropOp54
 70
     1
102
RTVSPost2010Prop55
280
     0
102
RTVSPost2010PropOp55
 70
     1
102
RTVSPost2010Prop56
140
1.0
102
RTVSPost2010PropOp56
 70
     1
102
RTVSPost2010Prop57
140
1.0
102
RTVSPost2010PropOp57
 70
     1
  0
XRECORD
  5
706
102
{ACAD_REACTORS
330
705
102
}
330
705
100
AcDbXrecord
280
     1
102
RTVSPost2010Prop28
280
     0
102
RTVSPost2010PropOp28
 70
     1
102
RTVSPost2010Prop29
280
     1
102
RTVSPost2010PropOp29
 70
     1
102
RTVSPost2010Prop30
280
     1
102
RTVSPost2010PropOp30
 70
     1
102
RTVSPost2010Prop31
280
     0
102
RTVSPost2010PropOp31
 70
     1
102
RTVSPost2010Prop32
280
     0
102
RTVSPost2010PropOp32
 70
     1
102
RTVSPost2010Prop33
280
     0
102
RTVSPost2010PropOp33
 70
     1
102
RTVSPost2010Prop34
280
     0
102
RTVSPost2010PropOp34
 70
     1
102
RTVSPost2010Prop35
280
     0
102
RTVSPost2010PropOp35
 70
     1
102
RTVSPost2010Prop36
280
     0
102
RTVSPost2010PropOp36
 70
     1
102
RTVSPost2010Prop37
 90
       50
102
RTVSPost2010PropOp37
 70
     1
102
RTVSPost2010Prop38
140
0.0
102
RTVSPost2010PropOp38
 70
     1
102
RTVSPost2010Prop39
140
1.0
102
RTVSPost2010PropOp39
 70
     1
102
RTVSPost2010Prop40
 90
        0
102
RTVSPost2010PropOp40
 70
     1
102
RTVSPost2010Prop41ColorIndex
 90
       18
102
RTVSPost2010Prop41ColorRGB
 90
        0
102
RTVSPost2010PropOp41
 70
     1
102
RTVSPost2010Prop42
 90
       50
102
RTVSPost2010PropOp42
 70
     1
102
RTVSPost2010Prop43
 90
        3
102
RTVSPost2010PropOp43
 70
     1
102
RTVSPost2010Prop44ColorIndex
 90
        5
102
RTVSPost2010Prop44ColorRGB
 90
      255
102
RTVSPost2010PropOp44
 70
     1
102
RTVSPost2010Prop45
280
     0
102
RTVSPost2010PropOp45
 70
     1
102
RTVSPost2010Prop46
 90
       50
102
RTVSPost2010PropOp46
 70
     1
102
RTVSPost2010Prop47
 90
       50
102
RTVSPost2010PropOp47
 70
     1
102
RTVSPost2010Prop48
 90
       50
102
RTVSPost2010PropOp48
 70
     1
102
RTVSPost2010Prop49
280
     0
102
RTVSPost2010PropOp49
 70
     1
102
RTVSPost2010Prop50
 90
       50
102
RTVSPost2010PropOp50
 70
     1
102
RTVSPost2010Prop51ColorIndex
 90
      256
102
RTVSPost2010Prop51ColorRGB
 90
-16777216
102
RTVSPost2010PropOp51
 70
     0
102
RTVSPost2010Prop52
140
1.0
102
RTVSPost2010PropOp52
 70
     0
102
RTVSPost2010Prop53
 90
        2
102
RTVSPost2010PropOp53
 70
     1
102
RTVSPost2010Prop54
  1
strokes_ogs.tif
102
RTVSPost2010PropOp54
 70
     1
102
RTVSPost2010Prop55
280
     0
102
RTVSPost2010PropOp55
 70
     1
102
RTVSPost2010Prop56
140
1.0
102
RTVSPost2010PropOp56
 70
     1
102
RTVSPost2010Prop57
140
1.0
102
RTVSPost2010PropOp57
 70
     1
  0
XRECORD
  5
6EA
102
{ACAD_REACTORS
330
6E9
102
}
330
6E9
100
AcDbXrecord
280
     1
102
RTVSPost2010Prop28
280
     0
102
RTVSPost2010PropOp28
 70
     1
102
RTVSPost2010Prop29
280
     1
102
RTVSPost2010PropOp29
 70
     1
102
RTVSPost2010Prop30
280
     1
102
RTVSPost2010PropOp30
 70
     1
102
RTVSPost2010Prop31
280
     0
102
RTVSPost2010PropOp31
 70
     1
102
RTVSPost2010Prop32
280
     0
102
RTVSPost2010PropOp32
 70
     1
102
RTVSPost2010Prop33
280
     0
102
RTVSPost2010PropOp33
 70
     1
102
RTVSPost2010Prop34
280
     0
102
RTVSPost2010PropOp34
 70
     1
102
RTVSPost2010Prop35
280
     0
102
RTVSPost2010PropOp35
 70
     1
102
RTVSPost2010Prop36
280
     0
102
RTVSPost2010PropOp36
 70
     1
102
RTVSPost2010Prop37
 90
       50
102
RTVSPost2010PropOp37
 70
     1
102
RTVSPost2010Prop38
140
0.0
102
RTVSPost2010PropOp38
 70
     1
102
RTVSPost2010Prop39
140
1.0
102
RTVSPost2010PropOp39
 70
     1
102
RTVSPost2010Prop40
 90
        0
102
RTVSPost2010PropOp40
 70
     1
102
RTVSPost2010Prop41ColorIndex
 90
       18
102
RTVSPost2010Prop41ColorRGB
 90
        0
102
RTVSPost2010PropOp41
 70
     1
102
RTVSPost2010Prop42
 90
       50
102
RTVSPost2010PropOp42
 70
     1
102
RTVSPost2010Prop43
 90
        3
102
RTVSPost2010PropOp43
 70
     1
102
RTVSPost2010Prop44ColorIndex
 90
        5
102
RTVSPost2010Prop44ColorRGB
 90
      255
102
RTVSPost2010PropOp44
 70
     1
102
RTVSPost2010Prop45
280
     0
102
RTVSPost2010PropOp45
 70
     1
102
RTVSPost2010Prop46
 90
       50
102
RTVSPost2010PropOp46
 70
     1
102
RTVSPost2010Prop47
 90
       50
102
RTVSPost2010PropOp47
 70
     1
102
RTVSPost2010Prop48
 90
       50
102
RTVSPost2010PropOp48
 70
     1
102
RTVSPost2010Prop49
280
     0
102
RTVSPost2010PropOp49
 70
     1
102
RTVSPost2010Prop50
 90
       50
102
RTVSPost2010PropOp50
 70
     1
102
RTVSPost2010Prop51ColorIndex
 90
      256
102
RTVSPost2010Prop51ColorRGB
 90
-16777216
102
RTVSPost2010PropOp51
 70
     0
102
RTVSPost2010Prop52
140
1.0
102
RTVSPost2010PropOp52
 70
     0
102
RTVSPost2010Prop53
 90
        2
102
RTVSPost2010PropOp53
 70
     1
102
RTVSPost2010Prop54
  1
strokes_ogs.tif
102
RTVSPost2010PropOp54
 70
     1
102
RTVSPost2010Prop55
280
     0
102
RTVSPost2010PropOp55
 70
     1
102
RTVSPost2010Prop56
140
1.0
102
RTVSPost2010PropOp56
 70
     1
102
RTVSPost2010Prop57
140
1.0
102
RTVSPost2010PropOp57
 70
     1
  0
XRECORD
  5
6EC
102
{ACAD_REACTORS
330
6EB
102
}
330
6EB
100
AcDbXrecord
280
     1
102
RTVSPost2010Prop28
280
     0
102
RTVSPost2010PropOp28
 70
     1
102
RTVSPost2010Prop29
280
     1
102
RTVSPost2010PropOp29
 70
     1
102
RTVSPost2010Prop30
280
     1
102
RTVSPost2010PropOp30
 70
     1
102
RTVSPost2010Prop31
280
     0
102
RTVSPost2010PropOp31
 70
     1
102
RTVSPost2010Prop32
280
     0
102
RTVSPost2010PropOp32
 70
     1
102
RTVSPost2010Prop33
280
     0
102
RTVSPost2010PropOp33
 70
     1
102
RTVSPost2010Prop34
280
     0
102
RTVSPost2010PropOp34
 70
     1
102
RTVSPost2010Prop35
280
     0
102
RTVSPost2010PropOp35
 70
     1
102
RTVSPost2010Prop36
280
     0
102
RTVSPost2010PropOp36
 70
     1
102
RTVSPost2010Prop37
 90
       50
102
RTVSPost2010PropOp37
 70
     1
102
RTVSPost2010Prop38
140
0.0
102
RTVSPost2010PropOp38
 70
     1
102
RTVSPost2010Prop39
140
1.0
102
RTVSPost2010PropOp39
 70
     1
102
RTVSPost2010Prop40
 90
        0
102
RTVSPost2010PropOp40
 70
     1
102
RTVSPost2010Prop41ColorIndex
 90
       18
102
RTVSPost2010Prop41ColorRGB
 90
        0
102
RTVSPost2010PropOp41
 70
     1
102
RTVSPost2010Prop42
 90
       50
102
RTVSPost2010PropOp42
 70
     1
102
RTVSPost2010Prop43
 90
        3
102
RTVSPost2010PropOp43
 70
     1
102
RTVSPost2010Prop44ColorIndex
 90
        5
102
RTVSPost2010Prop44ColorRGB
 90
      255
102
RTVSPost2010PropOp44
 70
     1
102
RTVSPost2010Prop45
280
     0
102
RTVSPost2010PropOp45
 70
     1
102
RTVSPost2010Prop46
 90
       50
102
RTVSPost2010PropOp46
 70
     1
102
RTVSPost2010Prop47
 90
       50
102
RTVSPost2010PropOp47
 70
     1
102
RTVSPost2010Prop48
 90
       50
102
RTVSPost2010PropOp48
 70
     1
102
RTVSPost2010Prop49
280
     0
102
RTVSPost2010PropOp49
 70
     1
102
RTVSPost2010Prop50
 90
       50
102
RTVSPost2010PropOp50
 70
     1
102
RTVSPost2010Prop51ColorIndex
 90
      256
102
RTVSPost2010Prop51ColorRGB
 90
-16777216
102
RTVSPost2010PropOp51
 70
     0
102
RTVSPost2010Prop52
140
1.0
102
RTVSPost2010PropOp52
 70
     0
102
RTVSPost2010Prop53
 90
        2
102
RTVSPost2010PropOp53
 70
     1
102
RTVSPost2010Prop54
  1
strokes_ogs.tif
102
RTVSPost2010PropOp54
 70
     1
102
RTVSPost2010Prop55
280
     0
102
RTVSPost2010PropOp55
 70
     1
102
RTVSPost2010Prop56
140
1.0
102
RTVSPost2010PropOp56
 70
     1
102
RTVSPost2010Prop57
140
1.0
102
RTVSPost2010PropOp57
 70
     1
  0
XRECORD
  5
6EE
102
{ACAD_REACTORS
330
6ED
102
}
330
6ED
100
AcDbXrecord
280
     1
102
RTVSPost2010Prop28
280
     0
102
RTVSPost2010PropOp28
 70
     1
102
RTVSPost2010Prop29
280
     1
102
RTVSPost2010PropOp29
 70
     1
102
RTVSPost2010Prop30
280
     1
102
RTVSPost2010PropOp30
 70
     1
102
RTVSPost2010Prop31
280
     0
102
RTVSPost2010PropOp31
 70
     1
102
RTVSPost2010Prop32
280
     0
102
RTVSPost2010PropOp32
 70
     1
102
RTVSPost2010Prop33
280
     0
102
RTVSPost2010PropOp33
 70
     1
102
RTVSPost2010Prop34
280
     0
102
RTVSPost2010PropOp34
 70
     1
102
RTVSPost2010Prop35
280
     0
102
RTVSPost2010PropOp35
 70
     1
102
RTVSPost2010Prop36
280
     0
102
RTVSPost2010PropOp36
 70
     1
102
RTVSPost2010Prop37
 90
       50
102
RTVSPost2010PropOp37
 70
     1
102
RTVSPost2010Prop38
140
0.0
102
RTVSPost2010PropOp38
 70
     1
102
RTVSPost2010Prop39
140
1.0
102
RTVSPost2010PropOp39
 70
     1
102
RTVSPost2010Prop40
 90
        0
102
RTVSPost2010PropOp40
 70
     1
102
RTVSPost2010Prop41ColorIndex
 90
       18
102
RTVSPost2010Prop41ColorRGB
 90
        0
102
RTVSPost2010PropOp41
 70
     1
102
RTVSPost2010Prop42
 90
       50
102
RTVSPost2010PropOp42
 70
     1
102
RTVSPost2010Prop43
 90
        3
102
RTVSPost2010PropOp43
 70
     1
102
RTVSPost2010Prop44ColorIndex
 90
        5
102
RTVSPost2010Prop44ColorRGB
 90
      255
102
RTVSPost2010PropOp44
 70
     1
102
RTVSPost2010Prop45
280
     0
102
RTVSPost2010PropOp45
 70
     1
102
RTVSPost2010Prop46
 90
       50
102
RTVSPost2010PropOp46
 70
     1
102
RTVSPost2010Prop47
 90
       50
102
RTVSPost2010PropOp47
 70
     1
102
RTVSPost2010Prop48
 90
       50
102
RTVSPost2010PropOp48
 70
     1
102
RTVSPost2010Prop49
280
     0
102
RTVSPost2010PropOp49
 70
     1
102
RTVSPost2010Prop50
 90
       50
102
RTVSPost2010PropOp50
 70
     1
102
RTVSPost2010Prop51ColorIndex
 90
      256
102
RTVSPost2010Prop51ColorRGB
 90
-16777216
102
RTVSPost2010PropOp51
 70
     0
102
RTVSPost2010Prop52
140
1.0
102
RTVSPost2010PropOp52
 70
     0
102
RTVSPost2010Prop53
 90
        2
102
RTVSPost2010PropOp53
 70
     1
102
RTVSPost2010Prop54
  1
strokes_ogs.tif
102
RTVSPost2010PropOp54
 70
     1
102
RTVSPost2010Prop55
280
     0
102
RTVSPost2010PropOp55
 70
     1
102
RTVSPost2010Prop56
140
1.0
102
RTVSPost2010PropOp56
 70
     1
102
RTVSPost2010Prop57
140
1.0
102
RTVSPost2010PropOp57
 70
     1
  0
XRECORD
  5
6F0
102
{ACAD_REACTORS
330
6EF
102
}
330
6EF
100
AcDbXrecord
280
     1
102
RTVSPost2010Prop28
280
     0
102
RTVSPost2010PropOp28
 70
     1
102
RTVSPost2010Prop29
280
     1
102
RTVSPost2010PropOp29
 70
     1
102
RTVSPost2010Prop30
280
     1
102
RTVSPost2010PropOp30
 70
     1
102
RTVSPost2010Prop31
280
     0
102
RTVSPost2010PropOp31
 70
     1
102
RTVSPost2010Prop32
280
     0
102
RTVSPost2010PropOp32
 70
     1
102
RTVSPost2010Prop33
280
     0
102
RTVSPost2010PropOp33
 70
     1
102
RTVSPost2010Prop34
280
     0
102
RTVSPost2010PropOp34
 70
     1
102
RTVSPost2010Prop35
280
     0
102
RTVSPost2010PropOp35
 70
     1
102
RTVSPost2010Prop36
280
     0
102
RTVSPost2010PropOp36
 70
     1
102
RTVSPost2010Prop37
 90
       50
102
RTVSPost2010PropOp37
 70
     1
102
RTVSPost2010Prop38
140
0.0
102
RTVSPost2010PropOp38
 70
     1
102
RTVSPost2010Prop39
140
1.0
102
RTVSPost2010PropOp39
 70
     1
102
RTVSPost2010Prop40
 90
        0
102
RTVSPost2010PropOp40
 70
     1
102
RTVSPost2010Prop41ColorIndex
 90
       18
102
RTVSPost2010Prop41ColorRGB
 90
        0
102
RTVSPost2010PropOp41
 70
     1
102
RTVSPost2010Prop42
 90
       50
102
RTVSPost2010PropOp42
 70
     1
102
RTVSPost2010Prop43
 90
        3
102
RTVSPost2010PropOp43
 70
     1
102
RTVSPost2010Prop44ColorIndex
 90
        5
102
RTVSPost2010Prop44ColorRGB
 90
      255
102
RTVSPost2010PropOp44
 70
     1
102
RTVSPost2010Prop45
280
     0
102
RTVSPost2010PropOp45
 70
     1
102
RTVSPost2010Prop46
 90
       50
102
RTVSPost2010PropOp46
 70
     1
102
RTVSPost2010Prop47
 90
       50
102
RTVSPost2010PropOp47
 70
     1
102
RTVSPost2010Prop48
 90
       50
102
RTVSPost2010PropOp48
 70
     1
102
RTVSPost2010Prop49
280
     0
102
RTVSPost2010PropOp49
 70
     1
102
RTVSPost2010Prop50
 90
       50
102
RTVSPost2010PropOp50
 70
     1
102
RTVSPost2010Prop51ColorIndex
 90
      256
102
RTVSPost2010Prop51ColorRGB
 90
-16777216
102
RTVSPost2010PropOp51
 70
     0
102
RTVSPost2010Prop52
140
1.0
102
RTVSPost2010PropOp52
 70
     0
102
RTVSPost2010Prop53
 90
        2
102
RTVSPost2010PropOp53
 70
     1
102
RTVSPost2010Prop54
  1
strokes_ogs.tif
102
RTVSPost2010PropOp54
 70
     1
102
RTVSPost2010Prop55
280
     0
102
RTVSPost2010PropOp55
 70
     1
102
RTVSPost2010Prop56
140
1.0
102
RTVSPost2010PropOp56
 70
     1
102
RTVSPost2010Prop57
140
1.0
102
RTVSPost2010PropOp57
 70
     1
  0
XRECORD
  5
6F8
102
{ACAD_REACTORS
330
6F7
102
}
330
6F7
100
AcDbXrecord
280
     1
102
RTVSPost2010Prop28
280
     0
102
RTVSPost2010PropOp28
 70
     1
102
RTVSPost2010Prop29
280
     1
102
RTVSPost2010PropOp29
 70
     1
102
RTVSPost2010Prop30
280
     1
102
RTVSPost2010PropOp30
 70
     1
102
RTVSPost2010Prop31
280
     0
102
RTVSPost2010PropOp31
 70
     1
102
RTVSPost2010Prop32
280
     0
102
RTVSPost2010PropOp32
 70
     1
102
RTVSPost2010Prop33
280
     0
102
RTVSPost2010PropOp33
 70
     1
102
RTVSPost2010Prop34
280
     0
102
RTVSPost2010PropOp34
 70
     1
102
RTVSPost2010Prop35
280
     0
102
RTVSPost2010PropOp35
 70
     1
102
RTVSPost2010Prop36
280
     0
102
RTVSPost2010PropOp36
 70
     1
102
RTVSPost2010Prop37
 90
       50
102
RTVSPost2010PropOp37
 70
     1
102
RTVSPost2010Prop38
140
0.0
102
RTVSPost2010PropOp38
 70
     1
102
RTVSPost2010Prop39
140
1.0
102
RTVSPost2010PropOp39
 70
     1
102
RTVSPost2010Prop40
 90
        0
102
RTVSPost2010PropOp40
 70
     1
102
RTVSPost2010Prop41ColorIndex
 90
       18
102
RTVSPost2010Prop41ColorRGB
 90
        0
102
RTVSPost2010PropOp41
 70
     1
102
RTVSPost2010Prop42
 90
       50
102
RTVSPost2010PropOp42
 70
     1
102
RTVSPost2010Prop43
 90
        3
102
RTVSPost2010PropOp43
 70
     1
102
RTVSPost2010Prop44ColorIndex
 90
        5
102
RTVSPost2010Prop44ColorRGB
 90
      255
102
RTVSPost2010PropOp44
 70
     1
102
RTVSPost2010Prop45
280
     0
102
RTVSPost2010PropOp45
 70
     1
102
RTVSPost2010Prop46
 90
       50
102
RTVSPost2010PropOp46
 70
     1
102
RTVSPost2010Prop47
 90
       50
102
RTVSPost2010PropOp47
 70
     1
102
RTVSPost2010Prop48
 90
       50
102
RTVSPost2010PropOp48
 70
     1
102
RTVSPost2010Prop49
280
     0
102
RTVSPost2010PropOp49
 70
     1
102
RTVSPost2010Prop50
 90
       50
102
RTVSPost2010PropOp50
 70
     1
102
RTVSPost2010Prop51ColorIndex
 90
      256
102
RTVSPost2010Prop51ColorRGB
 90
-16777216
102
RTVSPost2010PropOp51
 70
     0
102
RTVSPost2010Prop52
140
1.0
102
RTVSPost2010PropOp52
 70
     0
102
RTVSPost2010Prop53
 90
        2
102
RTVSPost2010PropOp53
 70
     1
102
RTVSPost2010Prop54
  1
strokes_ogs.tif
102
RTVSPost2010PropOp54
 70
     1
102
RTVSPost2010Prop55
280
     0
102
RTVSPost2010PropOp55
 70
     1
102
RTVSPost2010Prop56
140
1.0
102
RTVSPost2010PropOp56
 70
     1
102
RTVSPost2010Prop57
140
1.0
102
RTVSPost2010PropOp57
 70
     1
  0
XRECORD
  5
70A
102
{ACAD_REACTORS
330
709
102
}
330
709
100
AcDbXrecord
280
     1
102
RTVSPost2010Prop28
280
     0
102
RTVSPost2010PropOp28
 70
     1
102
RTVSPost2010Prop29
280
     1
102
RTVSPost2010PropOp29
 70
     1
102
RTVSPost2010Prop30
280
     1
102
RTVSPost2010PropOp30
 70
     1
102
RTVSPost2010Prop31
280
     0
102
RTVSPost2010PropOp31
 70
     1
102
RTVSPost2010Prop32
280
     0
102
RTVSPost2010PropOp32
 70
     1
102
RTVSPost2010Prop33
280
     0
102
RTVSPost2010PropOp33
 70
     1
102
RTVSPost2010Prop34
280
     0
102
RTVSPost2010PropOp34
 70
     1
102
RTVSPost2010Prop35
280
     0
102
RTVSPost2010PropOp35
 70
     1
102
RTVSPost2010Prop36
280
     0
102
RTVSPost2010PropOp36
 70
     1
102
RTVSPost2010Prop37
 90
       50
102
RTVSPost2010PropOp37
 70
     1
102
RTVSPost2010Prop38
140
0.0
102
RTVSPost2010PropOp38
 70
     1
102
RTVSPost2010Prop39
140
1.0
102
RTVSPost2010PropOp39
 70
     1
102
RTVSPost2010Prop40
 90
        0
102
RTVSPost2010PropOp40
 70
     1
102
RTVSPost2010Prop41ColorIndex
 90
       18
102
RTVSPost2010Prop41ColorRGB
 90
        0
102
RTVSPost2010PropOp41
 70
     1
102
RTVSPost2010Prop42
 90
       50
102
RTVSPost2010PropOp42
 70
     1
102
RTVSPost2010Prop43
 90
        3
102
RTVSPost2010PropOp43
 70
     1
102
RTVSPost2010Prop44ColorIndex
 90
        5
102
RTVSPost2010Prop44ColorRGB
 90
      255
102
RTVSPost2010PropOp44
 70
     1
102
RTVSPost2010Prop45
280
     0
102
RTVSPost2010PropOp45
 70
     1
102
RTVSPost2010Prop46
 90
       50
102
RTVSPost2010PropOp46
 70
     1
102
RTVSPost2010Prop47
 90
       50
102
RTVSPost2010PropOp47
 70
     1
102
RTVSPost2010Prop48
 90
       50
102
RTVSPost2010PropOp48
 70
     1
102
RTVSPost2010Prop49
280
     0
102
RTVSPost2010PropOp49
 70
     1
102
RTVSPost2010Prop50
 90
       50
102
RTVSPost2010PropOp50
 70
     1
102
RTVSPost2010Prop51ColorIndex
 90
      256
102
RTVSPost2010Prop51ColorRGB
 90
-16777216
102
RTVSPost2010PropOp51
 70
     0
102
RTVSPost2010Prop52
140
1.0
102
RTVSPost2010PropOp52
 70
     0
102
RTVSPost2010Prop53
 90
        2
102
RTVSPost2010PropOp53
 70
     1
102
RTVSPost2010Prop54
  1
strokes_ogs.tif
102
RTVSPost2010PropOp54
 70
     1
102
RTVSPost2010Prop55
280
     0
102
RTVSPost2010PropOp55
 70
     1
102
RTVSPost2010Prop56
140
1.0
102
RTVSPost2010PropOp56
 70
     1
102
RTVSPost2010Prop57
140
1.0
102
RTVSPost2010PropOp57
 70
     1
  0
XRECORD
  5
704
102
{ACAD_REACTORS
330
703
102
}
330
703
100
AcDbXrecord
280
     1
102
RTVSPost2010Prop28
280
     0
102
RTVSPost2010PropOp28
 70
     1
102
RTVSPost2010Prop29
280
     1
102
RTVSPost2010PropOp29
 70
     1
102
RTVSPost2010Prop30
280
     1
102
RTVSPost2010PropOp30
 70
     1
102
RTVSPost2010Prop31
280
     0
102
RTVSPost2010PropOp31
 70
     1
102
RTVSPost2010Prop32
280
     0
102
RTVSPost2010PropOp32
 70
     1
102
RTVSPost2010Prop33
280
     0
102
RTVSPost2010PropOp33
 70
     1
102
RTVSPost2010Prop34
280
     0
102
RTVSPost2010PropOp34
 70
     1
102
RTVSPost2010Prop35
280
     0
102
RTVSPost2010PropOp35
 70
     1
102
RTVSPost2010Prop36
280
     0
102
RTVSPost2010PropOp36
 70
     1
102
RTVSPost2010Prop37
 90
       50
102
RTVSPost2010PropOp37
 70
     1
102
RTVSPost2010Prop38
140
0.0
102
RTVSPost2010PropOp38
 70
     1
102
RTVSPost2010Prop39
140
1.0
102
RTVSPost2010PropOp39
 70
     1
102
RTVSPost2010Prop40
 90
        0
102
RTVSPost2010PropOp40
 70
     1
102
RTVSPost2010Prop41ColorIndex
 90
       18
102
RTVSPost2010Prop41ColorRGB
 90
        0
102
RTVSPost2010PropOp41
 70
     1
102
RTVSPost2010Prop42
 90
       50
102
RTVSPost2010PropOp42
 70
     1
102
RTVSPost2010Prop43
 90
        3
102
RTVSPost2010PropOp43
 70
     1
102
RTVSPost2010Prop44ColorIndex
 90
        5
102
RTVSPost2010Prop44ColorRGB
 90
      255
102
RTVSPost2010PropOp44
 70
     1
102
RTVSPost2010Prop45
280
     0
102
RTVSPost2010PropOp45
 70
     1
102
RTVSPost2010Prop46
 90
       50
102
RTVSPost2010PropOp46
 70
     1
102
RTVSPost2010Prop47
 90
       50
102
RTVSPost2010PropOp47
 70
     1
102
RTVSPost2010Prop48
 90
       50
102
RTVSPost2010PropOp48
 70
     1
102
RTVSPost2010Prop49
280
     0
102
RTVSPost2010PropOp49
 70
     1
102
RTVSPost2010Prop50
 90
       50
102
RTVSPost2010PropOp50
 70
     1
102
RTVSPost2010Prop51ColorIndex
 90
      256
102
RTVSPost2010Prop51ColorRGB
 90
-16777216
102
RTVSPost2010PropOp51
 70
     0
102
RTVSPost2010Prop52
140
1.0
102
RTVSPost2010PropOp52
 70
     0
102
RTVSPost2010Prop53
 90
        2
102
RTVSPost2010PropOp53
 70
     1
102
RTVSPost2010Prop54
  1
strokes_ogs.tif
102
RTVSPost2010PropOp54
 70
     1
102
RTVSPost2010Prop55
280
     0
102
RTVSPost2010PropOp55
 70
     1
102
RTVSPost2010Prop56
140
1.0
102
RTVSPost2010PropOp56
 70
     1
102
RTVSPost2010Prop57
140
1.0
102
RTVSPost2010PropOp57
 70
     1
  0
XRECORD
  5
70C
102
{ACAD_REACTORS
330
70B
102
}
330
70B
100
AcDbXrecord
280
     1
102
RTVSPost2010Prop28
280
     0
102
RTVSPost2010PropOp28
 70
     1
102
RTVSPost2010Prop29
280
     1
102
RTVSPost2010PropOp29
 70
     1
102
RTVSPost2010Prop30
280
     1
102
RTVSPost2010PropOp30
 70
     1
102
RTVSPost2010Prop31
280
     0
102
RTVSPost2010PropOp31
 70
     1
102
RTVSPost2010Prop32
280
     0
102
RTVSPost2010PropOp32
 70
     1
102
RTVSPost2010Prop33
280
     0
102
RTVSPost2010PropOp33
 70
     1
102
RTVSPost2010Prop34
280
     0
102
RTVSPost2010PropOp34
 70
     1
102
RTVSPost2010Prop35
280
     0
102
RTVSPost2010PropOp35
 70
     1
102
RTVSPost2010Prop36
280
     0
102
RTVSPost2010PropOp36
 70
     1
102
RTVSPost2010Prop37
 90
       50
102
RTVSPost2010PropOp37
 70
     1
102
RTVSPost2010Prop38
140
0.0
102
RTVSPost2010PropOp38
 70
     1
102
RTVSPost2010Prop39
140
1.0
102
RTVSPost2010PropOp39
 70
     1
102
RTVSPost2010Prop40
 90
        0
102
RTVSPost2010PropOp40
 70
     1
102
RTVSPost2010Prop41ColorIndex
 90
       18
102
RTVSPost2010Prop41ColorRGB
 90
        0
102
RTVSPost2010PropOp41
 70
     1
102
RTVSPost2010Prop42
 90
       50
102
RTVSPost2010PropOp42
 70
     1
102
RTVSPost2010Prop43
 90
        3
102
RTVSPost2010PropOp43
 70
     1
102
RTVSPost2010Prop44ColorIndex
 90
        5
102
RTVSPost2010Prop44ColorRGB
 90
      255
102
RTVSPost2010PropOp44
 70
     1
102
RTVSPost2010Prop45
280
     0
102
RTVSPost2010PropOp45
 70
     1
102
RTVSPost2010Prop46
 90
       50
102
RTVSPost2010PropOp46
 70
     1
102
RTVSPost2010Prop47
 90
       50
102
RTVSPost2010PropOp47
 70
     1
102
RTVSPost2010Prop48
 90
       50
102
RTVSPost2010PropOp48
 70
     1
102
RTVSPost2010Prop49
280
     0
102
RTVSPost2010PropOp49
 70
     1
102
RTVSPost2010Prop50
 90
       50
102
RTVSPost2010PropOp50
 70
     1
102
RTVSPost2010Prop51ColorIndex
 90
      256
102
RTVSPost2010Prop51ColorRGB
 90
-16777216
102
RTVSPost2010PropOp51
 70
     0
102
RTVSPost2010Prop52
140
1.0
102
RTVSPost2010PropOp52
 70
     0
102
RTVSPost2010Prop53
 90
        2
102
RTVSPost2010PropOp53
 70
     1
102
RTVSPost2010Prop54
  1
strokes_ogs.tif
102
RTVSPost2010PropOp54
 70
     1
102
RTVSPost2010Prop55
280
     0
102
RTVSPost2010PropOp55
 70
     1
102
RTVSPost2010Prop56
140
1.0
102
RTVSPost2010PropOp56
 70
     1
102
RTVSPost2010Prop57
140
1.0
102
RTVSPost2010PropOp57
 70
     1
  0
XRECORD
  5
6FC
102
{ACAD_REACTORS
330
6FB
102
}
330
6FB
100
AcDbXrecord
280
     1
102
RTVSPost2010Prop28
280
     0
102
RTVSPost2010PropOp28
 70
     1
102
RTVSPost2010Prop29
280
     1
102
RTVSPost2010PropOp29
 70
     1
102
RTVSPost2010Prop30
280
     1
102
RTVSPost2010PropOp30
 70
     1
102
RTVSPost2010Prop31
280
     0
102
RTVSPost2010PropOp31
 70
     1
102
RTVSPost2010Prop32
280
     0
102
RTVSPost2010PropOp32
 70
     1
102
RTVSPost2010Prop33
280
     0
102
RTVSPost2010PropOp33
 70
     1
102
RTVSPost2010Prop34
280
     0
102
RTVSPost2010PropOp34
 70
     1
102
RTVSPost2010Prop35
280
     0
102
RTVSPost2010PropOp35
 70
     1
102
RTVSPost2010Prop36
280
     0
102
RTVSPost2010PropOp36
 70
     1
102
RTVSPost2010Prop37
 90
       50
102
RTVSPost2010PropOp37
 70
     1
102
RTVSPost2010Prop38
140
0.0
102
RTVSPost2010PropOp38
 70
     1
102
RTVSPost2010Prop39
140
1.0
102
RTVSPost2010PropOp39
 70
     1
102
RTVSPost2010Prop40
 90
        0
102
RTVSPost2010PropOp40
 70
     1
102
RTVSPost2010Prop41ColorIndex
 90
       18
102
RTVSPost2010Prop41ColorRGB
 90
        0
102
RTVSPost2010PropOp41
 70
     1
102
RTVSPost2010Prop42
 90
       50
102
RTVSPost2010PropOp42
 70
     1
102
RTVSPost2010Prop43
 90
        3
102
RTVSPost2010PropOp43
 70
     1
102
RTVSPost2010Prop44ColorIndex
 90
        5
102
RTVSPost2010Prop44ColorRGB
 90
      255
102
RTVSPost2010PropOp44
 70
     1
102
RTVSPost2010Prop45
280
     0
102
RTVSPost2010PropOp45
 70
     1
102
RTVSPost2010Prop46
 90
       50
102
RTVSPost2010PropOp46
 70
     1
102
RTVSPost2010Prop47
 90
       50
102
RTVSPost2010PropOp47
 70
     1
102
RTVSPost2010Prop48
 90
       50
102
RTVSPost2010PropOp48
 70
     1
102
RTVSPost2010Prop49
280
     0
102
RTVSPost2010PropOp49
 70
     1
102
RTVSPost2010Prop50
 90
       50
102
RTVSPost2010PropOp50
 70
     1
102
RTVSPost2010Prop51ColorIndex
 90
      256
102
RTVSPost2010Prop51ColorRGB
 90
-16777216
102
RTVSPost2010PropOp51
 70
     0
102
RTVSPost2010Prop52
140
1.0
102
RTVSPost2010PropOp52
 70
     0
102
RTVSPost2010Prop53
 90
        2
102
RTVSPost2010PropOp53
 70
     1
102
RTVSPost2010Prop54
  1
strokes_ogs.tif
102
RTVSPost2010PropOp54
 70
     1
102
RTVSPost2010Prop55
280
     0
102
RTVSPost2010PropOp55
 70
     1
102
RTVSPost2010Prop56
140
1.0
102
RTVSPost2010PropOp56
 70
     1
102
RTVSPost2010Prop57
140
1.0
102
RTVSPost2010PropOp57
 70
     1
  0
XRECORD
  5
718
102
{ACAD_REACTORS
330
717
102
}
330
717
100
AcDbXrecord
280
     1
102
RTVSPost2010Prop28
280
     0
102
RTVSPost2010PropOp28
 70
     1
102
RTVSPost2010Prop29
280
     1
102
RTVSPost2010PropOp29
 70
     1
102
RTVSPost2010Prop30
280
     1
102
RTVSPost2010PropOp30
 70
     1
102
RTVSPost2010Prop31
280
     0
102
RTVSPost2010PropOp31
 70
     1
102
RTVSPost2010Prop32
280
     0
102
RTVSPost2010PropOp32
 70
     1
102
RTVSPost2010Prop33
280
     0
102
RTVSPost2010PropOp33
 70
     1
102
RTVSPost2010Prop34
280
     0
102
RTVSPost2010PropOp34
 70
     1
102
RTVSPost2010Prop35
280
     0
102
RTVSPost2010PropOp35
 70
     1
102
RTVSPost2010Prop36
280
     0
102
RTVSPost2010PropOp36
 70
     1
102
RTVSPost2010Prop37
 90
       50
102
RTVSPost2010PropOp37
 70
     1
102
RTVSPost2010Prop38
140
0.0
102
RTVSPost2010PropOp38
 70
     1
102
RTVSPost2010Prop39
140
1.0
102
RTVSPost2010PropOp39
 70
     1
102
RTVSPost2010Prop40
 90
        0
102
RTVSPost2010PropOp40
 70
     1
102
RTVSPost2010Prop41ColorIndex
 90
       18
102
RTVSPost2010Prop41ColorRGB
 90
        0
102
RTVSPost2010PropOp41
 70
     1
102
RTVSPost2010Prop42
 90
       50
102
RTVSPost2010PropOp42
 70
     1
102
RTVSPost2010Prop43
 90
        3
102
RTVSPost2010PropOp43
 70
     1
102
RTVSPost2010Prop44ColorIndex
 90
        5
102
RTVSPost2010Prop44ColorRGB
 90
      255
102
RTVSPost2010PropOp44
 70
     1
102
RTVSPost2010Prop45
280
     0
102
RTVSPost2010PropOp45
 70
     1
102
RTVSPost2010Prop46
 90
       50
102
RTVSPost2010PropOp46
 70
     1
102
RTVSPost2010Prop47
 90
       50
102
RTVSPost2010PropOp47
 70
     1
102
RTVSPost2010Prop48
 90
       50
102
RTVSPost2010PropOp48
 70
     1
102
RTVSPost2010Prop49
280
     0
102
RTVSPost2010PropOp49
 70
     1
102
RTVSPost2010Prop50
 90
       50
102
RTVSPost2010PropOp50
 70
     1
102
RTVSPost2010Prop51ColorIndex
 90
      256
102
RTVSPost2010Prop51ColorRGB
 90
-16777216
102
RTVSPost2010PropOp51
 70
     0
102
RTVSPost2010Prop52
140
1.0
102
RTVSPost2010PropOp52
 70
     0
102
RTVSPost2010Prop53
 90
        2
102
RTVSPost2010PropOp53
 70
     1
102
RTVSPost2010Prop54
  1
strokes_ogs.tif
102
RTVSPost2010PropOp54
 70
     1
102
RTVSPost2010Prop55
280
     0
102
RTVSPost2010PropOp55
 70
     1
102
RTVSPost2010Prop56
140
1.0
102
RTVSPost2010PropOp56
 70
     1
102
RTVSPost2010Prop57
140
1.0
102
RTVSPost2010PropOp57
 70
     1
  0
XRECORD
  5
716
102
{ACAD_REACTORS
330
715
102
}
330
715
100
AcDbXrecord
280
     1
102
RTVSPost2010Prop28
280
     0
102
RTVSPost2010PropOp28
 70
     1
102
RTVSPost2010Prop29
280
     1
102
RTVSPost2010PropOp29
 70
     1
102
RTVSPost2010Prop30
280
     1
102
RTVSPost2010PropOp30
 70
     1
102
RTVSPost2010Prop31
280
     0
102
RTVSPost2010PropOp31
 70
     1
102
RTVSPost2010Prop32
280
     0
102
RTVSPost2010PropOp32
 70
     1
102
RTVSPost2010Prop33
280
     0
102
RTVSPost2010PropOp33
 70
     1
102
RTVSPost2010Prop34
280
     0
102
RTVSPost2010PropOp34
 70
     1
102
RTVSPost2010Prop35
280
     0
102
RTVSPost2010PropOp35
 70
     1
102
RTVSPost2010Prop36
280
     0
102
RTVSPost2010PropOp36
 70
     1
102
RTVSPost2010Prop37
 90
       50
102
RTVSPost2010PropOp37
 70
     1
102
RTVSPost2010Prop38
140
0.0
102
RTVSPost2010PropOp38
 70
     1
102
RTVSPost2010Prop39
140
1.0
102
RTVSPost2010PropOp39
 70
     1
102
RTVSPost2010Prop40
 90
        0
102
RTVSPost2010PropOp40
 70
     1
102
RTVSPost2010Prop41ColorIndex
 90
       18
102
RTVSPost2010Prop41ColorRGB
 90
        0
102
RTVSPost2010PropOp41
 70
     1
102
RTVSPost2010Prop42
 90
       50
102
RTVSPost2010PropOp42
 70
     1
102
RTVSPost2010Prop43
 90
        3
102
RTVSPost2010PropOp43
 70
     1
102
RTVSPost2010Prop44ColorIndex
 90
        5
102
RTVSPost2010Prop44ColorRGB
 90
      255
102
RTVSPost2010PropOp44
 70
     1
102
RTVSPost2010Prop45
280
     0
102
RTVSPost2010PropOp45
 70
     1
102
RTVSPost2010Prop46
 90
       50
102
RTVSPost2010PropOp46
 70
     1
102
RTVSPost2010Prop47
 90
       50
102
RTVSPost2010PropOp47
 70
     1
102
RTVSPost2010Prop48
 90
       50
102
RTVSPost2010PropOp48
 70
     1
102
RTVSPost2010Prop49
280
     0
102
RTVSPost2010PropOp49
 70
     1
102
RTVSPost2010Prop50
 90
       50
102
RTVSPost2010PropOp50
 70
     1
102
RTVSPost2010Prop51ColorIndex
 90
      256
102
RTVSPost2010Prop51ColorRGB
 90
-16777216
102
RTVSPost2010PropOp51
 70
     0
102
RTVSPost2010Prop52
140
1.0
102
RTVSPost2010PropOp52
 70
     0
102
RTVSPost2010Prop53
 90
        2
102
RTVSPost2010PropOp53
 70
     1
102
RTVSPost2010Prop54
  1
strokes_ogs.tif
102
RTVSPost2010PropOp54
 70
     1
102
RTVSPost2010Prop55
280
     0
102
RTVSPost2010PropOp55
 70
     1
102
RTVSPost2010Prop56
140
1.0
102
RTVSPost2010PropOp56
 70
     1
102
RTVSPost2010Prop57
140
1.0
102
RTVSPost2010PropOp57
 70
     1
  0
XRECORD
  5
710
102
{ACAD_REACTORS
330
70F
102
}
330
70F
100
AcDbXrecord
280
     1
102
RTVSPost2010Prop28
280
     0
102
RTVSPost2010PropOp28
 70
     1
102
RTVSPost2010Prop29
280
     1
102
RTVSPost2010PropOp29
 70
     1
102
RTVSPost2010Prop30
280
     1
102
RTVSPost2010PropOp30
 70
     1
102
RTVSPost2010Prop31
280
     0
102
RTVSPost2010PropOp31
 70
     1
102
RTVSPost2010Prop32
280
     0
102
RTVSPost2010PropOp32
 70
     1
102
RTVSPost2010Prop33
280
     0
102
RTVSPost2010PropOp33
 70
     1
102
RTVSPost2010Prop34
280
     0
102
RTVSPost2010PropOp34
 70
     1
102
RTVSPost2010Prop35
280
     0
102
RTVSPost2010PropOp35
 70
     1
102
RTVSPost2010Prop36
280
     0
102
RTVSPost2010PropOp36
 70
     1
102
RTVSPost2010Prop37
 90
       50
102
RTVSPost2010PropOp37
 70
     1
102
RTVSPost2010Prop38
140
0.0
102
RTVSPost2010PropOp38
 70
     1
102
RTVSPost2010Prop39
140
1.0
102
RTVSPost2010PropOp39
 70
     1
102
RTVSPost2010Prop40
 90
        0
102
RTVSPost2010PropOp40
 70
     1
102
RTVSPost2010Prop41ColorIndex
 90
       18
102
RTVSPost2010Prop41ColorRGB
 90
        0
102
RTVSPost2010PropOp41
 70
     1
102
RTVSPost2010Prop42
 90
       50
102
RTVSPost2010PropOp42
 70
     1
102
RTVSPost2010Prop43
 90
        3
102
RTVSPost2010PropOp43
 70
     1
102
RTVSPost2010Prop44ColorIndex
 90
        5
102
RTVSPost2010Prop44ColorRGB
 90
      255
102
RTVSPost2010PropOp44
 70
     1
102
RTVSPost2010Prop45
280
     0
102
RTVSPost2010PropOp45
 70
     1
102
RTVSPost2010Prop46
 90
       50
102
RTVSPost2010PropOp46
 70
     1
102
RTVSPost2010Prop47
 90
       50
102
RTVSPost2010PropOp47
 70
     1
102
RTVSPost2010Prop48
 90
       50
102
RTVSPost2010PropOp48
 70
     1
102
RTVSPost2010Prop49
280
     0
102
RTVSPost2010PropOp49
 70
     1
102
RTVSPost2010Prop50
 90
       50
102
RTVSPost2010PropOp50
 70
     1
102
RTVSPost2010Prop51ColorIndex
 90
      256
102
RTVSPost2010Prop51ColorRGB
 90
-16777216
102
RTVSPost2010PropOp51
 70
     0
102
RTVSPost2010Prop52
140
1.0
102
RTVSPost2010PropOp52
 70
     0
102
RTVSPost2010Prop53
 90
        2
102
RTVSPost2010PropOp53
 70
     1
102
RTVSPost2010Prop54
  1
strokes_ogs.tif
102
RTVSPost2010PropOp54
 70
     1
102
RTVSPost2010Prop55
280
     0
102
RTVSPost2010PropOp55
 70
     1
102
RTVSPost2010Prop56
140
1.0
102
RTVSPost2010PropOp56
 70
     1
102
RTVSPost2010Prop57
140
1.0
102
RTVSPost2010PropOp57
 70
     1
  0
XRECORD
  5
712
102
{ACAD_REACTORS
330
711
102
}
330
711
100
AcDbXrecord
280
     1
102
RTVSPost2010Prop28
280
     0
102
RTVSPost2010PropOp28
 70
     1
102
RTVSPost2010Prop29
280
     1
102
RTVSPost2010PropOp29
 70
     1
102
RTVSPost2010Prop30
280
     1
102
RTVSPost2010PropOp30
 70
     1
102
RTVSPost2010Prop31
280
     0
102
RTVSPost2010PropOp31
 70
     1
102
RTVSPost2010Prop32
280
     0
102
RTVSPost2010PropOp32
 70
     1
102
RTVSPost2010Prop33
280
     0
102
RTVSPost2010PropOp33
 70
     1
102
RTVSPost2010Prop34
280
     0
102
RTVSPost2010PropOp34
 70
     1
102
RTVSPost2010Prop35
280
     0
102
RTVSPost2010PropOp35
 70
     1
102
RTVSPost2010Prop36
280
     0
102
RTVSPost2010PropOp36
 70
     1
102
RTVSPost2010Prop37
 90
       50
102
RTVSPost2010PropOp37
 70
     1
102
RTVSPost2010Prop38
140
0.0
102
RTVSPost2010PropOp38
 70
     1
102
RTVSPost2010Prop39
140
1.0
102
RTVSPost2010PropOp39
 70
     1
102
RTVSPost2010Prop40
 90
        0
102
RTVSPost2010PropOp40
 70
     1
102
RTVSPost2010Prop41ColorIndex
 90
       18
102
RTVSPost2010Prop41ColorRGB
 90
        0
102
RTVSPost2010PropOp41
 70
     1
102
RTVSPost2010Prop42
 90
       50
102
RTVSPost2010PropOp42
 70
     1
102
RTVSPost2010Prop43
 90
        3
102
RTVSPost2010PropOp43
 70
     1
102
RTVSPost2010Prop44ColorIndex
 90
        5
102
RTVSPost2010Prop44ColorRGB
 90
      255
102
RTVSPost2010PropOp44
 70
     1
102
RTVSPost2010Prop45
280
     0
102
RTVSPost2010PropOp45
 70
     1
102
RTVSPost2010Prop46
 90
       50
102
RTVSPost2010PropOp46
 70
     1
102
RTVSPost2010Prop47
 90
       50
102
RTVSPost2010PropOp47
 70
     1
102
RTVSPost2010Prop48
 90
       50
102
RTVSPost2010PropOp48
 70
     1
102
RTVSPost2010Prop49
280
     0
102
RTVSPost2010PropOp49
 70
     1
102
RTVSPost2010Prop50
 90
       50
102
RTVSPost2010PropOp50
 70
     1
102
RTVSPost2010Prop51ColorIndex
 90
      256
102
RTVSPost2010Prop51ColorRGB
 90
-16777216
102
RTVSPost2010PropOp51
 70
     0
102
RTVSPost2010Prop52
140
1.0
102
RTVSPost2010PropOp52
 70
     0
102
RTVSPost2010Prop53
 90
        2
102
RTVSPost2010PropOp53
 70
     1
102
RTVSPost2010Prop54
  1
strokes_ogs.tif
102
RTVSPost2010PropOp54
 70
     1
102
RTVSPost2010Prop55
280
     0
102
RTVSPost2010PropOp55
 70
     1
102
RTVSPost2010Prop56
140
1.0
102
RTVSPost2010PropOp56
 70
     1
102
RTVSPost2010Prop57
140
1.0
102
RTVSPost2010PropOp57
 70
     1
  0
XRECORD
  5
702
102
{ACAD_REACTORS
330
701
102
}
330
701
100
AcDbXrecord
280
     1
102
RTVSPost2010Prop28
280
     0
102
RTVSPost2010PropOp28
 70
     1
102
RTVSPost2010Prop29
280
     1
102
RTVSPost2010PropOp29
 70
     1
102
RTVSPost2010Prop30
280
     1
102
RTVSPost2010PropOp30
 70
     1
102
RTVSPost2010Prop31
280
     0
102
RTVSPost2010PropOp31
 70
     1
102
RTVSPost2010Prop32
280
     0
102
RTVSPost2010PropOp32
 70
     1
102
RTVSPost2010Prop33
280
     0
102
RTVSPost2010PropOp33
 70
     1
102
RTVSPost2010Prop34
280
     0
102
RTVSPost2010PropOp34
 70
     1
102
RTVSPost2010Prop35
280
     0
102
RTVSPost2010PropOp35
 70
     1
102
RTVSPost2010Prop36
280
     0
102
RTVSPost2010PropOp36
 70
     1
102
RTVSPost2010Prop37
 90
       50
102
RTVSPost2010PropOp37
 70
     1
102
RTVSPost2010Prop38
140
0.0
102
RTVSPost2010PropOp38
 70
     1
102
RTVSPost2010Prop39
140
1.0
102
RTVSPost2010PropOp39
 70
     1
102
RTVSPost2010Prop40
 90
        0
102
RTVSPost2010PropOp40
 70
     1
102
RTVSPost2010Prop41ColorIndex
 90
       18
102
RTVSPost2010Prop41ColorRGB
 90
        0
102
RTVSPost2010PropOp41
 70
     1
102
RTVSPost2010Prop42
 90
       50
102
RTVSPost2010PropOp42
 70
     1
102
RTVSPost2010Prop43
 90
        3
102
RTVSPost2010PropOp43
 70
     1
102
RTVSPost2010Prop44ColorIndex
 90
        5
102
RTVSPost2010Prop44ColorRGB
 90
      255
102
RTVSPost2010PropOp44
 70
     1
102
RTVSPost2010Prop45
280
     0
102
RTVSPost2010PropOp45
 70
     1
102
RTVSPost2010Prop46
 90
       50
102
RTVSPost2010PropOp46
 70
     1
102
RTVSPost2010Prop47
 90
       50
102
RTVSPost2010PropOp47
 70
     1
102
RTVSPost2010Prop48
 90
       50
102
RTVSPost2010PropOp48
 70
     1
102
RTVSPost2010Prop49
280
     0
102
RTVSPost2010PropOp49
 70
     1
102
RTVSPost2010Prop50
 90
       50
102
RTVSPost2010PropOp50
 70
     1
102
RTVSPost2010Prop51ColorIndex
 90
      256
102
RTVSPost2010Prop51ColorRGB
 90
-16777216
102
RTVSPost2010PropOp51
 70
     0
102
RTVSPost2010Prop52
140
1.0
102
RTVSPost2010PropOp52
 70
     0
102
RTVSPost2010Prop53
 90
        2
102
RTVSPost2010PropOp53
 70
     1
102
RTVSPost2010Prop54
  1
strokes_ogs.tif
102
RTVSPost2010PropOp54
 70
     1
102
RTVSPost2010Prop55
280
     0
102
RTVSPost2010PropOp55
 70
     1
102
RTVSPost2010Prop56
140
1.0
102
RTVSPost2010PropOp56
 70
     1
102
RTVSPost2010Prop57
140
1.0
102
RTVSPost2010PropOp57
 70
     1
  0
XRECORD
  5
6F6
102
{ACAD_REACTORS
330
6F5
102
}
330
6F5
100
AcDbXrecord
280
     1
102
RTVSPost2010Prop28
280
     0
102
RTVSPost2010PropOp28
 70
     1
102
RTVSPost2010Prop29
280
     1
102
RTVSPost2010PropOp29
 70
     1
102
RTVSPost2010Prop30
280
     1
102
RTVSPost2010PropOp30
 70
     1
102
RTVSPost2010Prop31
280
     0
102
RTVSPost2010PropOp31
 70
     1
102
RTVSPost2010Prop32
280
     0
102
RTVSPost2010PropOp32
 70
     1
102
RTVSPost2010Prop33
280
     0
102
RTVSPost2010PropOp33
 70
     1
102
RTVSPost2010Prop34
280
     0
102
RTVSPost2010PropOp34
 70
     1
102
RTVSPost2010Prop35
280
     0
102
RTVSPost2010PropOp35
 70
     1
102
RTVSPost2010Prop36
280
     0
102
RTVSPost2010PropOp36
 70
     1
102
RTVSPost2010Prop37
 90
       50
102
RTVSPost2010PropOp37
 70
     1
102
RTVSPost2010Prop38
140
0.0
102
RTVSPost2010PropOp38
 70
     1
102
RTVSPost2010Prop39
140
1.0
102
RTVSPost2010PropOp39
 70
     1
102
RTVSPost2010Prop40
 90
        0
102
RTVSPost2010PropOp40
 70
     1
102
RTVSPost2010Prop41ColorIndex
 90
       18
102
RTVSPost2010Prop41ColorRGB
 90
        0
102
RTVSPost2010PropOp41
 70
     1
102
RTVSPost2010Prop42
 90
       50
102
RTVSPost2010PropOp42
 70
     1
102
RTVSPost2010Prop43
 90
        3
102
RTVSPost2010PropOp43
 70
     1
102
RTVSPost2010Prop44ColorIndex
 90
        5
102
RTVSPost2010Prop44ColorRGB
 90
      255
102
RTVSPost2010PropOp44
 70
     1
102
RTVSPost2010Prop45
280
     0
102
RTVSPost2010PropOp45
 70
     1
102
RTVSPost2010Prop46
 90
       50
102
RTVSPost2010PropOp46
 70
     1
102
RTVSPost2010Prop47
 90
       50
102
RTVSPost2010PropOp47
 70
     1
102
RTVSPost2010Prop48
 90
       50
102
RTVSPost2010PropOp48
 70
     1
102
RTVSPost2010Prop49
280
     0
102
RTVSPost2010PropOp49
 70
     1
102
RTVSPost2010Prop50
 90
       50
102
RTVSPost2010PropOp50
 70
     1
102
RTVSPost2010Prop51ColorIndex
 90
      256
102
RTVSPost2010Prop51ColorRGB
 90
-16777216
102
RTVSPost2010PropOp51
 70
     0
102
RTVSPost2010Prop52
140
1.0
102
RTVSPost2010PropOp52
 70
     0
102
RTVSPost2010Prop53
 90
        2
102
RTVSPost2010PropOp53
 70
     1
102
RTVSPost2010Prop54
  1
strokes_ogs.tif
102
RTVSPost2010PropOp54
 70
     1
102
RTVSPost2010Prop55
280
     0
102
RTVSPost2010PropOp55
 70
     1
102
RTVSPost2010Prop56
140
1.0
102
RTVSPost2010PropOp56
 70
     1
102
RTVSPost2010Prop57
140
1.0
102
RTVSPost2010PropOp57
 70
     1
  0
XRECORD
  5
714
102
{ACAD_REACTORS
330
713
102
}
330
713
100
AcDbXrecord
280
     1
102
RTVSPost2010Prop28
280
     0
102
RTVSPost2010PropOp28
 70
     1
102
RTVSPost2010Prop29
280
     1
102
RTVSPost2010PropOp29
 70
     1
102
RTVSPost2010Prop30
280
     1
102
RTVSPost2010PropOp30
 70
     1
102
RTVSPost2010Prop31
280
     0
102
RTVSPost2010PropOp31
 70
     1
102
RTVSPost2010Prop32
280
     0
102
RTVSPost2010PropOp32
 70
     1
102
RTVSPost2010Prop33
280
     0
102
RTVSPost2010PropOp33
 70
     1
102
RTVSPost2010Prop34
280
     0
102
RTVSPost2010PropOp34
 70
     1
102
RTVSPost2010Prop35
280
     0
102
RTVSPost2010PropOp35
 70
     1
102
RTVSPost2010Prop36
280
     0
102
RTVSPost2010PropOp36
 70
     1
102
RTVSPost2010Prop37
 90
       50
102
RTVSPost2010PropOp37
 70
     1
102
RTVSPost2010Prop38
140
0.0
102
RTVSPost2010PropOp38
 70
     1
102
RTVSPost2010Prop39
140
1.0
102
RTVSPost2010PropOp39
 70
     1
102
RTVSPost2010Prop40
 90
        0
102
RTVSPost2010PropOp40
 70
     1
102
RTVSPost2010Prop41ColorIndex
 90
       18
102
RTVSPost2010Prop41ColorRGB
 90
        0
102
RTVSPost2010PropOp41
 70
     1
102
RTVSPost2010Prop42
 90
       50
102
RTVSPost2010PropOp42
 70
     1
102
RTVSPost2010Prop43
 90
        3
102
RTVSPost2010PropOp43
 70
     1
102
RTVSPost2010Prop44ColorIndex
 90
        5
102
RTVSPost2010Prop44ColorRGB
 90
      255
102
RTVSPost2010PropOp44
 70
     1
102
RTVSPost2010Prop45
280
     0
102
RTVSPost2010PropOp45
 70
     1
102
RTVSPost2010Prop46
 90
       50
102
RTVSPost2010PropOp46
 70
     1
102
RTVSPost2010Prop47
 90
       50
102
RTVSPost2010PropOp47
 70
     1
102
RTVSPost2010Prop48
 90
       50
102
RTVSPost2010PropOp48
 70
     1
102
RTVSPost2010Prop49
280
     0
102
RTVSPost2010PropOp49
 70
     1
102
RTVSPost2010Prop50
 90
       50
102
RTVSPost2010PropOp50
 70
     1
102
RTVSPost2010Prop51ColorIndex
 90
      256
102
RTVSPost2010Prop51ColorRGB
 90
-16777216
102
RTVSPost2010PropOp51
 70
     0
102
RTVSPost2010Prop52
140
1.0
102
RTVSPost2010PropOp52
 70
     0
102
RTVSPost2010Prop53
 90
        2
102
RTVSPost2010PropOp53
 70
     1
102
RTVSPost2010Prop54
  1
strokes_ogs.tif
102
RTVSPost2010PropOp54
 70
     1
102
RTVSPost2010Prop55
280
     0
102
RTVSPost2010PropOp55
 70
     1
102
RTVSPost2010Prop56
140
1.0
102
RTVSPost2010PropOp56
 70
     1
102
RTVSPost2010Prop57
140
1.0
102
RTVSPost2010PropOp57
 70
     1
  0
ENDSEC
  0
EOF
